time_s,rtk_x_m,rtk_y_m,rtk_z_m,ekf_x_m,ekf_y_m,ekf_error_m,ekf_rts_x_m,ekf_rts_y_m,ekf_rts_error_m,jointopt_x_m,jointopt_y_m,jointopt_z_m,jointopt_error_m
0.0,-2.509,1.614,1.561,-3.5752952622647314,2.7242669725566415,1.539375956898867,-4.071333077539693,2.7109330702601837,1.9089648519040578,-1.7880091633439974,0.6331935109000965,1.0,1.217295837338813
0.03999999999999915,-2.521916747480806,1.5580274275831727,1.5599869217662112,-3.5899911628312022,2.6517499434936807,1.5287288505603933,-4.10728899301156,2.6138391402997025,1.9047686288913508,-1.7757532644312213,0.6170794192904137,1.0,1.200892625402787
0.0799999999999983,-2.5492190575441764,1.4397174173085687,1.5578455641141822,-3.5953925747244244,2.5640836039143724,1.5357989287767353,-4.1442621196966485,2.5251752357350217,1.9293473108032804,-1.762731371836397,0.5999581969551258,1.0,1.1505470124851922
0.120000000000001,-2.5706024533274365,1.3200301741582323,1.5557526525497134,-3.765035441383337,2.4261420101660054,1.6279292234961058,-4.176740800893175,2.439133483927039,1.957568034438828,-1.7489434855595243,0.5818298438942326,1.0,1.1045647047209635
0.16000000000000014,-2.5881234888163998,1.1994442240283072,1.553691354256894,-3.9363972459116967,2.2913409099378192,1.7349583559186783,-4.228151783689091,2.315360476806717,1.9836738368991096,-1.734389605600603,0.5626943601077342,1.0,1.0650408126234374
0.1999999999999993,-2.594,1.159,1.553,-4.1206312410164,2.1804146710822776,1.8368154170600244,-4.287863927387661,2.17624896611007,1.9758467712748267,-1.7190697319596333,0.5425517455956308,1.0,1.070285674150309
0.23999999999999844,-2.594,1.159,1.553,-4.214702453495799,2.2349244186284793,1.9453251135397225,-4.358778917704489,2.0242441196303247,1.9654750099986222,-1.702983864636615,0.5214020003579221,1.0,1.0956463675043517
0.28000000000000114,-2.6007116237414794,1.0187270638030803,1.5496441881292604,-4.0904102852079465,2.1677803186315496,1.881362666900479,-4.45937987959702,1.9069117197058985,2.0599805019238135,-1.6861320036315484,0.4992451243946083,1.0,1.0518162229648358
0.3200000000000003,-2.604,0.95,1.548,-3.96987620104529,2.069932863326083,1.7663146421121216,-4.532365237207972,1.7669362612984134,2.0942725092729426,-1.6685141489444326,0.47608111770568917,1.0,1.048681498130032
0.35999999999999943,-2.60157325945658,0.9067231269756734,1.546179944592435,-4.094402881897612,1.8941320268663917,1.789837036498249,-4.6012452647189965,1.6489257967588689,2.1329681037614034,-1.650130300575269,0.45190998029116497,1.0,1.0545609050225064
0.3999999999999986,-2.588462529474813,0.7184057387036755,1.5386276346815593,-4.247938520080813,1.7498254075234423,1.9538902468219754,-4.674841365929158,1.5175072137686942,2.2341754220865635,-1.6309804585240568,0.42673171215103567,1.0,1.0009224015664648
0.4400000000000013,-2.5704805187566984,0.6289688959214729,1.5367347914480733,-4.345871146792769,1.6417187326982792,2.0439359368653807,-4.737754759864846,1.3972853192587784,2.2994320521686933,-1.611064622790796,0.40054631328530116,1.0,0.9862331051481864
0.4800000000000004,-2.55158947711313,0.5407658890856815,1.535207803697144,-4.491018980803954,1.522982368378917,2.173967803805207,-4.783756774131696,1.2868696843771124,2.3535593715110417,-1.590382793375487,0.37335378369396155,1.0,0.9756767404697136
0.5199999999999996,-2.5227208254640714,0.4661055830967371,1.537696480563442,-4.522802133271404,1.4158293125534134,2.2141139085723185,-4.818172271503715,1.2051832772507227,2.411500192643879,-1.5689349702781294,0.3451541233770166,1.0,0.9614243148376839
0.5599999999999987,-2.496,0.397,1.54,-4.500411525503718,1.3674196544975672,2.226966517352095,-4.834469065012221,1.1149512179328513,2.446199403023064,-1.546721153498723,0.31594733233446654,1.0,0.9527328394416215
0.6000000000000014,-2.496,0.397,1.54,-4.610429604008559,1.2965107401505314,2.2978102885038068,-4.849272171743729,1.0286440400538128,2.4365681003491257,-1.5237413430372686,0.2857334105663113,1.0,0.9786046954532659
0.6400000000000006,-2.4713213708553265,0.35998205628298996,1.5430848286430843,-4.736069119276195,1.2344460505912191,2.42770872250336,-4.857575367403119,0.9510195884365511,2.458359920852617,-1.499695169597902,0.2558334873056251,1.0,0.9771920995331298
0.6799999999999997,-2.4364595227114654,0.30768928406719825,1.5474425596610668,-4.870405401598788,1.179332788924242,2.5853152498123033,-4.859648342354116,0.8825269049949662,2.490438183548236,-1.4753486268626719,0.2272546932780131,1.0,0.9644707758738437
0.7199999999999989,-2.4020962544144284,0.26258665973504586,1.5515769112453612,-4.949844610588427,1.1391945501885736,2.694339080366963,-4.857612829605027,0.8213259088951745,2.518283383495152,-1.4507017148315784,0.19999702848347523,1.0,0.9534511166747202
0.7600000000000016,-2.3680102817465283,0.22148298681199008,1.555587025676879,-4.890391370726858,1.0998168118822773,2.670931797389854,-4.844172083012255,0.7731202564498132,2.536864391980975,-1.4257544335046217,0.1740604929220118,1.0,0.9434484492927103
0.8000000000000007,-2.3219140331394645,0.15655276904640766,1.557,-5.084281177746519,1.0552550541289385,2.904881759868565,-4.825768536544617,0.735714673560308,2.5699641798792507,-1.4005067828818014,0.1494450865936226,1.0,0.9214346639763654
0.8399999999999999,-2.306,0.133,1.557,-5.279859060772117,1.0099010007865556,3.100450463806329,-4.811186971140614,0.7044281093907198,2.569531444558431,-1.3749587629631184,0.12615080949830762,1.0,0.9310664296781919
0.879999999999999,-2.306,0.133,1.557,-5.331725373062218,0.9692926418515118,3.1391717723003754,-4.801640824780953,0.677226644510723,2.5542916370118656,-1.3491103737485715,0.10417766163606677,1.0,0.9573236046480645
0.9200000000000017,-2.3032806704514717,0.13041663692889804,1.557045322159142,-5.518852764548591,0.883755186771882,3.3026387727112487,-4.786600172998579,0.6588554567736209,2.53892168804981,-1.322961615238161,0.08352564300690028,1.0,0.9814398684205319
0.9600000000000009,-2.262047865516478,0.09124547224065388,1.5577325355747254,-5.641633846819766,0.8489359589982608,3.463480370775138,-4.756666806426905,0.6695355765888601,2.5607700219145255,-1.2965124874318874,0.06419475361080804,1.0,0.9659142341384893
1.0,-2.246,0.076,1.558,-5.604402427836731,0.8693120075763017,3.4508275541765903,-4.70740977195946,0.6829280872857206,2.5351330869668014,-1.2697629903297505,0.04618499344778994,1.0,0.9766921898252382
1.0399999999999991,-2.2151139060467657,0.05854264254817198,1.5571047508999063,-5.474967597900816,0.9187786042280531,3.3714465741075883,-4.654615662926818,0.6919104360974904,2.5203816345399743,-1.24271312393175,0.02949636251784607,1.0,0.9728345015682238
1.0799999999999983,-2.177,0.037,1.556,-5.302431637271398,0.9825809894862039,3.2653401548590124,-4.60468986016947,0.6947396354122385,2.515213606269234,-1.2153628882378864,0.0141288608209765,1.0,0.9619090516912324
1.120000000000001,-2.177,0.037,1.556,-5.189063907346393,1.021739513560643,3.1689494933662905,-4.561148108274714,0.6904021166388803,2.4720632128281155,-1.1877122832481595,8.248835718114179e-05,1.0,0.9899763073841553
1.1600000000000001,-2.1324984421272393,0.012352983332009456,1.5546307212962227,-5.066889021643899,1.0606597903547788,3.116022341833638,-4.5198417881976996,0.6834008908798639,2.4798615982048786,-1.159761308962569,-0.012642754873539998,1.0,0.9730582290725781
1.1999999999999993,-2.0756113925419264,-0.014959915551786704,1.5527232067558572,-4.950192723774298,1.1002267315868668,3.0833194916884668,-4.481855945366332,0.6726700832239032,2.5025682534575115,-1.1315099653811147,-0.024046868871186938,1.0,0.9441451570006121
1.2399999999999984,-2.055,-0.024,1.552,-4.8419454605302645,1.1387288046677435,3.0197687449826893,-4.447811458434639,0.6576296815052346,2.488004360592045,-1.1029582525037975,-0.03412985363575958,1.0,0.9520956374809756
1.2800000000000011,-2.055,-0.024,1.552,-4.7419784984583675,1.1749787627098585,2.9423466017121176,-4.418098378651198,0.6379290867380599,2.454054616966338,-1.0741061703306165,-0.042891709167258006,1.0,0.9810757370145947
1.3200000000000003,-2.052595680518026,-0.024787621899267358,1.552041453784172,-4.649358815272417,1.208440102400517,2.874722490606889,-4.393026850524838,0.6133119332973725,2.4258584261826996,-1.044953718861572,-0.05033243546568221,1.0,1.0079657039755914
1.3599999999999994,-2.0131157139495452,-0.037720714395838725,1.5527221428629387,-4.56307347010475,1.238966207516387,2.8517037108994687,-4.372953122423233,0.5835169618348505,2.440239505622413,-1.0155008980966647,-0.056452032531032204,1.0,0.9977906509324783
1.3999999999999986,-1.9581589494692337,-0.05089987468422366,1.553,-4.568919329777934,1.2158336371980034,2.9018414073679337,-4.358451783742771,0.5481523609186708,2.4739177979968767,-0.9857477080358941,-0.06125050036330791,1.0,0.9724663273953897
1.4400000000000013,-1.938,-0.055,1.553,-4.550257332552141,1.2100993546950591,2.902475624139208,-4.343715434024469,0.514876159910735,2.4722915659642872,-0.95569414867926,-0.06472783896250943,1.0,0.9823540178519372
1.4800000000000004,-1.938,-0.055,1.553,-4.526780943923623,1.207705692658356,2.8803146428635027,-4.3288614413140944,0.4824807712091753,2.450531373188705,-0.9253402200267624,-0.0668840483286367,1.0,1.0127295100766656
1.5199999999999996,-1.9310951530472722,-0.055484550663349314,1.5528788623341627,-4.518564619750473,1.196834024070501,2.874595633083855,-4.314389594131434,0.4499174412598801,2.4362929968176315,-0.8946859220784014,-0.06771912846168976,1.0,1.0364814416724448
1.5599999999999987,-1.8715678826932498,-0.05858387717764337,1.5518612923925479,-4.5075355959928745,1.1874077747681862,2.9156167413219367,-4.301590823672814,0.41614702546595095,2.4759606062318062,-0.8637312548341771,-0.06723307936166853,1.0,1.0078737406802338
1.6000000000000014,-1.8276259703343627,-0.05664526339710424,1.5512150877990347,-4.561719250316744,1.1340446228640149,2.9821147645403143,-4.290934970686271,0.38080615857924205,2.501850310830735,-0.8324762182940895,-0.0654259010285731,1.0,0.9951884889723315
1.6400000000000006,-1.813,-0.056,1.551,-4.612547803149068,1.0817109042008464,3.021895763201352,-4.277780447679232,0.350107954432201,2.4980124751319686,-0.8009208124581384,-0.06229759346240343,1.0,1.0120987805243182
1.6799999999999997,-1.813,-0.056,1.551,-4.658270715516359,1.0321793604124156,3.046259963463813,-4.261933844873269,0.3232098398890131,2.4781196660440807,-0.7690650373263239,-0.05784815666315956,1.0,1.0439365986378393
1.7199999999999989,-1.813,-0.056,1.551,-4.699354017631722,0.98577864141921,3.0686059135731396,-4.243314695943382,0.2999281354711736,2.4562398822057996,-0.736908892898646,-0.05207759063084149,1.0,1.0760982557730854
1.7600000000000016,-1.788273600865052,-0.05320078500359078,1.551,-4.736225642853609,0.9424075528242248,3.1115361486276782,-4.222007559850487,0.2803942413904973,2.4564907133457257,-0.704452379175105,-0.04498589536544911,1.0,1.0838523538735596
1.8000000000000007,-1.7525395579379934,-0.04859236942226293,1.5512815261155473,-4.74320035563346,0.9250565519596126,3.1451620354093963,-4.198419666288093,0.26494976201829057,2.4658950043769057,-0.6716954961557005,-0.036573070866982534,1.0,1.0809108887543903
1.8399999999999999,-1.7173364236764073,-0.04195026861819005,1.5526099462763618,-4.704079838446653,0.914940842829682,3.136283919679685,-4.174614374994972,0.25640549428797155,2.4753244416228917,-0.6378144905079839,-0.025458115645134283,1.0,1.0796479033932205
1.879999999999999,-1.707,-0.04,1.553,-4.74922871168147,0.8629453486905817,3.173399728509009,-4.146703852253296,0.24767813729592147,2.456606113600148,-0.603109731527819,-0.012962158932978713,1.0,1.1042213408901087
1.9200000000000017,-1.707,-0.04,1.553,-4.784353444392513,0.8237016838427261,3.19626106887207,-4.114541785355192,0.24280339460306355,2.4240947193190046,-0.5675812192152061,0.0009147992694841589,1.0,1.1401531383127306
1.9600000000000009,-1.69658093161689,-0.037247793257291675,1.5537863447836309,-4.740037813942285,0.8493795654916994,3.1699744270034778,-4.079262871298255,0.24303984163838488,2.399111165402546,-0.5312289535701449,0.01617275896225435,1.0,1.1665757532783299
2.0,-1.654,-0.026,1.557,-4.673760022803727,0.8693544476056472,3.1497000146316756,-4.046351817995152,0.24580700905655672,2.407742982802978,-0.49405293459263533,0.03281172014533202,1.0,1.1614370464961112
2.039999999999999,-1.654,-0.026,1.557,-4.633077154273993,0.8802289812079975,3.1138644250349943,-4.011006227169574,0.24899575691384912,2.3729941047623297,-0.45605316228267745,0.050831682818717,1.0,1.200408152872051
2.0799999999999983,-1.6251992976719407,-0.01810303323262888,1.557,-4.589333558792499,0.9044580257269901,3.104385740441644,-3.9758845651654893,0.252924917075236,2.366258095952193,-0.41722963664027135,0.07023264698240929,1.0,1.211195233796773
2.120000000000001,-1.592,-0.009,1.557,-4.552134459178005,0.9231208951410235,3.103424782328639,-3.9426627245629473,0.25676803012380467,2.365639002571099,-0.377582357665417,0.09101461263640889,1.0,1.2185290857235613
2.16,-1.573041981943848,-0.004260495485961958,1.5572154320233653,-4.516356758229583,0.9421534401139283,3.0917311024407703,-3.908965566060477,0.25986634047298907,2.3508087919492655,-0.33711132535811417,0.11317757978071596,1.0,1.2414975994381885
2.1999999999999993,-1.504,0.013,1.558,-4.478703555643012,0.9623408384514969,3.122516496594849,-3.8752563617991393,0.26560585176000395,2.3846732375141646,-0.295816539718363,0.13672154841533035,1.0,1.2145016653921876
2.2399999999999984,-1.504,0.013,1.558,-4.441394502885354,0.9834497474527667,3.0935512243879577,-3.8374899873767734,0.2715305198055785,2.3477677804371107,-0.2536980007461637,0.16164651854025205,1.0,1.2591071744741498
2.280000000000001,-1.4613718574674341,0.024217932245412077,1.5571025654203672,-4.404565533694882,1.0052668922980041,3.1023936045907377,-3.7985351352032555,0.278011354172076,2.3509026538353504,-0.21075570844151614,0.18795249015548107,1.0,1.2612889271132222
2.3200000000000003,-1.409,0.038,1.556,-4.389971540650704,1.0011417872339294,3.132703852662361,-3.759376963486224,0.286556465060238,2.363483062518106,-0.16698966280442015,0.21563946326101757,1.0,1.2546495353716673
2.3599999999999994,-1.409,0.038,1.556,-4.382025668111131,0.9933241198468348,3.122743312731415,-3.719608621438822,0.29567533340683105,2.3249319944707496,-0.12239986383487583,0.2447074378568614,1.0,1.303099334373809
2.3999999999999986,-1.333311913835024,0.05809418216769278,1.5533207757109744,-4.366588561041435,0.9903471075613156,3.17330470257628,-3.677454848965513,0.30613332585914454,2.357229203349851,-0.07698631153288339,0.2751564139430125,1.0,1.2749392265763568
2.4400000000000013,-1.2515051187289874,0.08071282322028932,1.5506618080820749,-4.349493179404932,0.9904008060701662,3.2287864980875054,-3.6327584037899796,0.31972409710127725,2.3932182509449444,-0.030749005898442615,0.3069863915194709,1.0,1.241549521655897
2.4800000000000004,-1.1832510228464974,0.10021399347242932,1.5486090533186916,-4.334160863734281,0.9899676735261187,3.2741249879277,-3.5844409399519677,0.3393251612505144,2.413065927107085,0.01631205306844642,0.3401973705862366,1.0,1.2233329858993702
2.5199999999999996,-1.163,0.106,1.548,-4.317551669474794,0.9884044003751468,3.2756424959368853,-3.528037324068021,0.36634458264941794,2.379323611018419,0.06419686536778393,0.37478935114330986,1.0,1.256288128438917
2.5599999999999987,-1.1442081265076416,0.11181064509303187,1.5476291077600193,-4.287781363076259,0.9999403548313923,3.2666231914609365,-3.4625503569670304,0.4039119920450789,2.3366715418352264,0.11290543099956961,0.41076233319069033,1.0,1.2921712766831168
2.6000000000000014,-1.0542739748056789,0.1396192314745598,1.5458540916080068,-4.235219410113262,1.006727286659505,3.297012320536696,-3.3970904061025373,0.44649558546126755,2.362829220953288,0.16243774996380358,0.4481163167283782,1.0,1.2552122819673295
2.6400000000000006,-0.964868288268835,0.16866200089638317,1.5452847636526614,-4.181733028516392,1.0372841946803124,3.3320749200133526,-3.327902972956991,0.49176338742995596,2.385021473072972,0.21279382226048582,0.4868513017563733,1.0,1.2198903548098672
2.6799999999999997,-0.8759527153526814,0.19884938676297853,1.5458336252138725,-4.132514842598745,1.0739464747250091,3.3720901236433516,-3.258287349143421,0.53841694657661,2.406413188759703,0.2639736478896166,0.526967288274676,1.0,1.1862097078119247
2.719999999999999,-0.849,0.208,1.546,-4.083452541832671,1.111445656164607,3.3582580751053843,-3.1891096598955877,0.5867447842436656,2.3705612904813127,0.31597722685119556,0.5684642762832859,1.0,1.219469734580705
2.7600000000000016,-0.849,0.208,1.546,-4.043507423619739,1.1110279870541226,3.319689326573293,-3.120953935144575,0.6377708178711357,2.3122451512139763,0.3688045591452227,0.6113422657822032,1.0,1.282861226961518
2.8000000000000007,-0.7458986050860514,0.24620816399752216,1.546,-3.9791607542546026,1.1208934647755862,3.3494863039939795,-3.051730475851783,0.688321746294579,2.3478341159227005,0.42245564477169817,0.6556012567714278,1.0,1.2380041831801896
2.84,-0.610125050030741,0.29973069341574804,1.5452128577146371,-3.930012996928368,1.1516485042229878,3.4274509385732626,-2.982275120935509,0.740131527487305,2.4126849884608683,0.4769304837306221,0.7012412492509598,1.0,1.1588358209549368
2.879999999999999,-0.504,0.344,1.544,-3.8751458547049316,1.179036804632216,3.4730261788222423,-2.9139952326204805,0.7922114351866909,2.4513201569533014,0.5322290760219942,0.7482622432207992,1.0,1.1122943222399853
2.9200000000000017,-0.504,0.344,1.544,-3.8234494605569287,1.2105694734943606,3.43069779688972,-2.848972640335158,0.841807429099666,2.397229425897167,0.5883514216458146,0.7966642386809458,1.0,1.1824282394091543
2.960000000000001,-0.46848315445184346,0.35978526468806954,1.5436053683827984,-3.6905972806809046,1.3879398874895958,3.38217701648406,-2.7915809496044712,0.8833388727586616,2.3813634217327553,0.6452975206020832,0.8464472356313998,1.0,1.2154617501534253
3.0,-0.324,0.424,1.542,-3.533476974644526,1.428382996390328,3.362964117294651,-2.7052249831108153,0.9655633088082194,2.4420326037214184,0.7030673728908003,0.8976112340721613,1.0,1.1310061845525718
3.039999999999999,-0.324,0.424,1.542,-3.418287600916253,1.5423820221633562,3.290196666566037,-2.613541855830796,1.0523740341976147,2.374206359281963,0.7589253754511159,0.9504861016043407,1.0,1.2041241563802616
3.0799999999999983,-0.24040457771302848,0.46672654916889655,1.542,-3.3487450037834936,1.6317837517461173,3.319508772336802,-2.527924166520328,1.135821153833188,2.3833659935410636,0.8120477749505814,1.00369083673763,1.0,1.1815187686834963
3.120000000000001,-0.144,0.516,1.542,-3.2553064367534135,1.7409464130323786,3.3437585825211893,-2.44295391670806,1.2156307102395167,2.403054772962443,0.8624345713891972,1.0572254394720304,1.0,1.1427316057670975
3.16,-0.11030665820547046,0.5357972177775767,1.5416192842735081,-3.202123445501625,1.8101500985555927,3.3441450792322907,-2.3662180807623114,1.2956534559672048,2.3804448847091844,0.910085764766963,1.1110899098075413,1.0,1.1713933491200286
3.1999999999999993,0.033,0.62,1.54,-3.135658975077778,1.8919567827173644,3.4144214381709914,-2.283068112030455,1.3821613902169738,2.438249676366591,0.955001355083879,1.1652842477441625,1.0,1.0711775808027473
3.2399999999999984,0.033,0.62,1.54,-3.0966561426006214,1.9586449604076277,3.4039268354273626,-2.2186815942974647,1.4574358587999654,2.402367336545768,0.997181342339945,1.2198084532818945,1.0,1.1355244786198477
3.280000000000001,0.05472240093407221,0.6340264646031437,1.539751743989325,-3.09113640418979,2.100894334745832,3.4710414820673465,-2.1534610307702815,1.5313378953102816,2.383535582224714,1.036625726535161,1.2746625264207367,1.0,1.1724114911274253
3.3200000000000003,0.21879061189182594,0.7407258227154493,1.5378723004509844,-3.0490276089466444,2.1638704567005114,3.564263819315902,-2.0940432548392893,1.5886749984956379,2.4633753875129756,1.0733345076695273,1.32984646716069,1.0,1.0379346817225574
3.3599999999999994,0.3060737624405473,0.803218492634948,1.5368393637581002,-3.0079129960225814,2.229074785518339,3.6077104101111166,-2.044240489190871,1.6219908088445623,2.4888481647567438,1.1073076857430435,1.3853602755017536,1.0,0.9903862151757028
3.3999999999999986,0.39283693040615075,0.8662116089878753,1.5360954031952179,-2.9669860276539564,2.2944975840333104,3.650809654860036,-1.9957685906578544,1.6561363442851023,2.515833345571968,1.13854526075571,1.4412039514439274,1.0,0.94164595673524
3.4400000000000013,0.477345369240342,0.9313747425467697,1.5366044901761466,-2.9252093934040815,2.35920783159482,3.689998135903966,-1.9489549801839858,1.691821879917954,2.542678358415127,1.1670472327075265,1.4973774949872118,1.0,0.8922150952770657
3.4800000000000004,0.543,0.982,1.537,-2.8836617798038207,2.424257047513555,3.7178106923659797,-1.9038816832335574,1.7291485863650193,2.5584098541576825,1.1928136015984934,1.5538809061316068,1.0,0.8656243340042568
3.5199999999999996,0.543,0.982,1.537,-2.842060222554511,2.4893513825420417,3.705501437156947,-1.860969246445315,1.7686010764268958,2.5293891340184897,1.2158443674286101,1.6107141848771127,1.0,0.9208697351124635
3.5599999999999987,0.5755413328825354,1.0090840907221101,1.5365957598399684,-2.818377798225,2.710307979804039,3.796425923059841,-1.8212340495764967,1.8111537453238444,2.5274192301228116,1.2361395301978768,1.6678773312237285,1.0,0.9329515057209039
3.6000000000000014,0.7156585175116433,1.1265986522833122,1.534848590681667,-2.7871146262935977,2.8065677331431456,3.8848057621467103,-1.7856493447550528,1.8705340909813724,2.6095940218332934,1.2536990899062936,1.7253703451714553,1.0,0.8049939116210107
3.6400000000000006,0.7903813466755368,1.1945284969777608,1.533878164328889,-2.677436990807038,2.654764049080241,3.7627186832667205,-1.7649628976400407,1.9365672764751132,2.660903184491061,1.2685230465538606,1.7831932267202921,1.0,0.7583835765662259
3.6799999999999997,0.858,1.256,1.533,-2.564569656057719,2.50566725194625,3.64357671679271,-1.7533499827751384,1.8925985146726412,2.687825589844536,1.2806114001405777,1.84134597587024,1.0,0.7219628155218681
3.719999999999999,0.858,1.256,1.533,-2.491244171742844,2.3381014590323996,3.5197130692136622,-1.7420960113640702,1.8336860782343596,2.6634977892420224,1.2899641506664452,1.899828592621298,1.0,0.7753117335225264
3.7600000000000016,0.858,1.256,1.533,-2.4061243169785436,2.3481672410800773,3.4419960544979,-1.7172077280911786,1.8057380515505934,2.633231240917359,1.2965812981314626,1.9586410769734668,1.0,0.8282862054393471
3.8000000000000007,0.887766614048937,1.2861829303293417,1.533,-2.371725930301988,2.413097938307952,3.448801107904992,-1.7008447750055589,1.7850352319091567,2.636240228494764,1.30046284253563,2.0177834289267462,1.0,0.8399746820917352
3.84,1.0114534305327079,1.4132224726228586,1.5327587669877067,-2.341378043483518,2.487540849007279,3.5207440785991633,-1.6894791507429554,1.769942860200946,2.724387315252785,1.3016087838789474,2.077255648481136,1.0,0.7246586697997278
3.879999999999999,1.0610778541508807,1.4712448756225682,1.5316135879811335,-2.313011265660906,2.5652333894756665,3.547011172363965,-1.6817635289053583,1.758603378853492,2.7578531073980317,1.3000191221614152,2.1370577356366365,1.0,0.7073893511487117
3.9200000000000017,1.110702277769058,1.5292672786222832,1.5304684089745602,-2.2854103766112335,2.6442065171443327,3.5744469036255215,-1.6788393287328731,1.7516820624381895,2.798394309325484,1.2956938573830328,2.1971896903932473,1.0,0.6930672641771611
3.960000000000001,1.1798850972471526,1.6207530295179835,1.5308576332850379,-2.2611801273698795,2.6968772610554526,3.605408886904615,-1.6855827496412243,1.7535745263216767,2.8685444970514724,1.2886329895438007,2.2576515127509684,1.0,0.6461159199582069
4.0,1.245,1.711,1.532,-2.2001192316047784,2.5263925325085266,3.5402982221902954,-1.6996274576320691,1.780311616315195,2.945443084562479,1.278836518643719,2.3184432027098008,1.0,0.6083848736714833
4.039999999999999,1.245,1.711,1.532,-2.1256984411119237,2.3610028557379144,3.432799396029689,-1.7305678201101349,1.6815989446681572,2.975713069858989,1.2663044446827871,2.3795647602697434,1.0,0.6689041172229255
4.079999999999998,1.310128134854502,1.826549916677342,1.532,-2.0560165520839053,2.1944574155542855,3.3861904821101776,-1.7648536599792604,1.5507709134228698,3.0873236139405758,1.2510367676610052,2.4410161854307955,1.0,0.6173010490130305
4.120000000000001,1.338,1.876,1.532,-1.986037546532369,2.028967050644966,3.3275553382836405,-1.7975061260611516,1.4188600872123769,3.16865516685399,1.2330334875783735,2.5027974781929587,1.0,0.6355258038813312
4.16,1.346444827984249,1.896220010666511,1.5327136474352887,-1.927287628927536,1.983191171179231,3.2748875068005923,-1.8384464065888977,1.3328819740773605,3.234328665972118,1.2122946044348921,2.564908638556233,1.0,0.682012289880015
4.199999999999999,1.3899577021705611,2.0004057657604983,1.5363907917327235,-1.8127665966041695,1.8455448567879011,3.206466097604949,-1.8884561800836377,1.3062178890955152,3.3511034587827466,1.188820118230561,2.627349666520618,1.0,0.6584185464987566
4.239999999999998,1.4256708519660743,2.0987405134926718,1.5386062127987663,-1.7711437928529283,1.8217629782717646,3.2087911163468235,-1.9267741452588867,1.2326022450304448,3.462525517525237,1.1620379674031451,2.6888154418520496,1.0,0.6462899650321794
4.280000000000001,1.4553144808532519,2.192522175790288,1.5396841629401183,-1.7973772449484242,1.8698377367903491,3.2686585490490425,-1.9660712803081073,1.1529567896648907,3.57583231132386,1.1346837550134952,2.7489760969494177,1.0,0.6422188324285579
4.32,1.464,2.22,1.54,-1.8385035018206672,1.914903852308385,3.316566453257651,-2.0156669640798017,1.0756409131655147,3.663009677919102,1.106757481061611,2.8078316318127228,1.0,0.6878722589965767
4.359999999999999,1.464,2.22,1.54,-1.8759147881705749,1.7389368643570284,3.374381800080593,-2.0702339512860135,1.0121413336722633,3.7349340262239927,1.0782591455474921,2.865382046441965,1.0,0.751873654720904
4.399999999999999,1.4832278863218535,2.3010318066420976,1.540915613634374,-1.9242984187133203,1.6376324770100066,3.4715031600249153,-2.124771712674781,0.9228085843630447,3.862273987793866,1.049188748471139,2.921627340837144,1.0,0.7573168361056198
4.440000000000001,1.5086611522515605,2.4126120932091544,1.541733884774844,-1.93369104801486,1.4753834096801035,3.5676583743274333,-2.1727941086310585,0.8391332043790075,4.003616946146879,1.0195462898325518,2.9765675149982593,1.0,0.7465112634143527
4.48,1.522827628368052,2.4957220864259044,1.5403172371631948,-1.994720090406529,1.4390879245329153,3.6728214911611965,-2.217862778817747,0.7611149049773703,4.123302898932443,0.9893317696317301,3.0302025689253114,1.0,0.7551736339820163
4.52,1.536,2.573,1.539,-2.0036026825622018,1.4688069362593539,3.7078335281420722,-2.2687013599205943,0.7047714244349796,4.238635446548726,0.9585451878686742,3.0825325026183,1.0,0.7701152064971142
4.559999999999999,1.536,2.573,1.539,-2.0852462495249924,1.3059645495253158,3.836509250928298,-2.3283226450281065,0.6872366809699532,4.299894510366067,0.927186544543384,3.1335573160772254,1.0,0.8275737599469473
4.600000000000001,1.5435891519139726,2.6462129949347943,1.538553579299178,-2.2229017154477226,1.1765949613095468,4.0430471947128686,-2.383179452764378,0.6216898475426328,4.417941336076592,0.8952558396558595,3.183277009302088,1.0,0.8418870704030847
4.640000000000001,1.5532760916886417,2.7506205233063215,1.5383681222515222,-2.4051769168063766,1.1063151196121068,4.286384313273981,-2.4349498261327858,0.5656709879803347,4.547521351627039,0.8627530732061007,3.2316915822928864,1.0,0.8415767361617684
4.68,1.5552193460408406,2.846487738014802,1.5409591280544541,-2.5935293233583314,1.0504281627929655,4.520834604316712,-2.4958367500961196,0.5232014285262937,4.669980168041954,0.8296782451941075,3.2788010350496224,1.0,0.8445736651180915
4.719999999999999,1.556,2.885,1.542,-2.7844529112133234,1.0007382920747285,4.731804482268227,-2.5572883608052335,0.48475074935470563,4.76238780491038,0.79603135561988,3.3246053675722944,1.0,0.8779551353226027
4.760000000000002,1.556,2.885,1.542,-2.978252221831876,0.9569148681019493,4.9271650557936075,-2.608736536015971,0.4535285417037088,4.822559887335335,0.7618124044834184,3.3691045798609034,1.0,0.9301027798661348
4.800000000000001,1.5309052724155314,3.0043183273827565,1.5462613688350983,-3.073402476094993,0.9874128006594658,5.026684568054873,-2.6573293175707517,0.43662703564714933,4.912672139519636,0.7270213917847224,3.4122986719154493,1.0,0.9014861369222844
4.84,1.503,3.137,1.551,-3.112923692312764,1.041503966976435,5.069305194765038,-2.697793440576267,0.4327789851630054,4.995946039287716,0.691658317523792,3.4541876437359313,1.0,0.8711390974247889
4.879999999999999,1.503,3.137,1.551,-3.2853197678179042,0.9467613743524851,5.265467826903325,-2.7360658987365314,0.45617553417533374,5.015625535304152,0.6557231817006273,3.4947714953223508,1.0,0.9197165050670228
4.920000000000002,1.503,3.137,1.551,-3.4392357577131487,0.8526017644274804,5.444645955753717,-2.766820558937849,0.47238741315463584,5.033043596423845,0.6192159843152284,3.5340502266747067,1.0,0.9688772207469513
4.960000000000001,1.4978194335209345,3.1484404176412695,1.5502445007218029,-3.5769578679495106,0.7916046872655009,5.5953587301884,-2.7879693910423957,0.5094440169683994,5.033119097688459,0.5821367253675953,3.572023837792999,1.0,1.0089091811647222
5.0,1.4747072033934787,3.199479925839401,1.546873967161549,-3.720465038793856,0.7553393095633459,5.741396866453674,-2.793493594741089,0.5638566951310433,5.016377962977483,0.5444854048577277,3.6086923286772286,1.0,1.0162516347378714
5.039999999999999,1.446083117411542,3.257179305099679,1.5435614647907316,-3.7637890647361285,0.7568444176830038,5.778792495283862,-2.7896362690719347,0.640220335760652,4.978934923077017,0.5062620227856259,3.6440556993273945,1.0,1.0163350994207048
5.079999999999998,1.3885363140286162,3.3464701544397966,1.5411437812097732,-3.7777860159700616,0.7898945459008888,5.764283585981787,-2.7819133874778483,0.7163204170121653,4.9305515263595,0.4674665791512903,3.678113949743497,1.0,0.9789571305580393
5.120000000000001,1.3493635848958052,3.392858912623389,1.5421746425027418,-3.7917829672039955,0.8229446741187767,5.747681886068192,-2.776421382119553,0.789801205893174,4.878320512083793,0.42809907395471986,3.710867079925536,1.0,0.9746063274935103
5.16,1.318,3.43,1.543,-3.805779918437929,0.8559948023366618,5.733988438267527,-2.7731802500685374,0.8606245981183045,4.831091573790088,0.38815950719591497,3.742315089873512,1.0,0.9808894216071674
5.199999999999999,1.318,3.43,1.543,-3.7899062422260874,0.8623168807985604,5.716966221695233,-2.772209988396293,0.9287524894021877,4.794377629937858,0.34764787887487586,3.7724579795874242,1.0,1.0290095756382096
5.239999999999998,1.318,3.43,1.543,-3.7874455925737966,0.8736616978083732,5.709679519376125,-2.783125012455149,1.0053112959990582,4.764277666036586,0.30656418899160254,3.8012957490672736,1.0,1.0774334935696228
5.280000000000001,1.2833698085858494,3.46292005850481,1.543,-3.8141946586489643,0.8906033475925406,5.709814073930382,-2.7860273751313365,1.065227261747954,4.72323238751441,0.2649084375460949,3.8288283983130595,1.0,1.0821979844009164
5.32,1.237,3.507,1.543,-3.849880369213227,0.9105167092213664,5.711223806679225,-2.794126284485296,1.1263088566888786,4.681631066338765,0.22268062453835277,3.8550559273247824,1.0,1.0723743394835688
5.359999999999999,1.237,3.507,1.543,-3.885615802459673,0.9237657058450004,5.737097879425455,-2.7978921464635986,1.1774317853480287,4.659103207733265,0.1798807499683763,3.8799783361024414,1.0,1.1209879339177422
5.399999999999999,1.1981587149947053,3.531507001253341,1.5416128112498109,-3.700549433607371,0.9760098781814741,5.525206518421639,-2.8049814270526037,1.227742183061054,4.6187079724108004,0.13650881383616562,3.9035956246460377,1.0,1.1249668689735752
5.440000000000001,1.146563760763187,3.5633242114739585,1.5400707279037014,-3.6139047307074037,1.0374050613459889,5.389093412742767,-2.8166638465445972,1.2790979803209512,4.574370179862366,0.09202783928093743,3.9253789624404596,1.0,1.1149572424061076
5.48,1.1096161584070237,3.5824070390645044,1.5404767455120107,-3.5257680696623677,1.0867188864835646,5.264527167445081,-2.8281770234898618,1.3241613996463473,4.53937093784422,0.0470098878649259,3.9466334697197705,1.0,1.1232955884286475
5.52,1.0726685560508602,3.6014898666550503,1.5408827631203201,-3.4461193688361647,1.1249332402091554,5.152938679442815,-2.840062093862162,1.36626772395043,4.506182327204018,0.0014549595881308622,3.967359146483971,1.0,1.1319712448508346
5.559999999999999,1.016836769116117,3.626555213372403,1.541,-3.3802012262493273,1.1560341672876837,5.043552058999183,-2.853298996200905,1.4080337862093595,4.460917861244199,-0.04463694554944733,3.9875559927330606,1.0,1.12118152394022
5.600000000000001,0.9586122591433835,3.651058858623207,1.540947208753251,-3.367474254142736,1.1927567677649904,4.97576865321871,-2.869836960270752,1.452171573146799,4.414989096233706,-0.09126582754780888,4.007224008467039,1.0,1.1086467475610247
5.640000000000001,0.9238301628726997,3.6622696169253284,1.540659753412171,-3.356029573519809,1.2243948177921944,4.925488087432774,-2.8821271751533972,1.4911120441986006,4.381693333003042,-0.13843168640695372,4.026363193685907,1.0,1.122926697996508
5.68,0.8890480666020159,3.6734803752274496,1.540372298071091,-3.3667129980579213,1.2442702634206206,4.9002616263603755,-2.889919967999303,1.5285604064945377,4.34525961005873,-0.18613452212688206,4.044973548389665,1.0,1.1375520985044625
5.719999999999999,0.8542659703313319,3.684691133529571,1.5400848427300111,-3.391267794069209,1.2565859638800287,4.89083343199744,-2.8959901312840524,1.5674755176629653,4.306625452923998,-0.23437433470759375,4.063055072578311,1.0,1.1525176719372783
5.760000000000002,0.8047674353757518,3.6969809485284424,1.539527318498503,-3.3915353411725486,1.2890136233313103,4.838105376248435,-2.899867263531195,1.6081253567433431,4.252956140812793,-0.2831511241490886,4.080607766251847,1.0,1.1535754537242853
5.800000000000001,0.7475477121597317,3.70856421951631,1.538687156096738,-3.428641561198436,1.2969464856152735,4.822494887646621,-2.899883083145181,1.6494814805168263,4.1885048803343,-0.33246489045136685,4.097631629410271,1.0,1.147954995302688
5.84,0.684591791584006,3.7158846753972083,1.5372230649205583,-3.472817437554938,1.3016751321729174,4.807541910074722,-2.8984661489247374,1.6905196978396988,4.115872628903777,-0.3823156336144285,4.114126662053587,1.0,1.1388099639007259
5.879999999999999,0.632,3.722,1.536,-3.519029560258839,1.3061390867513913,4.802856479461477,-2.8962831331989882,1.731225842510197,4.051168178951067,-0.43270335363827345,4.130092864181789,1.0,1.140233755439946
5.920000000000002,0.632,3.722,1.536,-3.5659681266460765,1.310822629051814,4.841147870754308,-2.893557302024126,1.7716519195435372,4.029070851300067,-0.48362805052290164,4.145530235794881,1.0,1.1933163066622352
5.960000000000001,0.6126441988083429,3.7223584407628083,1.5358207796185959,-3.6131912002453266,1.3157903045785484,4.86304997033677,-2.890357748710416,1.8118316444516733,3.9901297326958063,-0.5350897242683131,4.160438776892865,1.0,1.2284980826540817
6.0,0.524,3.724,1.535,-3.6611803725418817,1.321317244425677,4.825828340776744,-2.8866731647167168,1.8517909787942846,3.8907400395815204,-0.5870883748745083,4.1748184874757355,1.0,1.199064087291078
6.039999999999999,0.524,3.724,1.535,-3.7080667445342543,1.3265862664264176,4.863947115267598,-2.882718737979867,1.891876574773196,3.8681272994781253,-0.6396240023414864,4.188669367543496,1.0,1.2529718432424937
6.079999999999998,0.49288652541724903,3.7222220871667,1.53529631880555,-3.7553293184676395,1.3322934361729355,4.87433039638015,-2.8781063169677066,1.9323295167871404,3.8167143142905715,-0.692696606669248,4.201991417096146,1.0,1.2789784881025084
6.120000000000001,0.43898918325199887,3.7191422390429714,1.5358096268261714,-3.700299898224258,1.444417978897468,4.723143504036592,-2.8728033834822275,1.974147614389556,3.7433910088508506,-0.7463061878577929,4.2147846361336825,1.0,1.2847515333978494
6.16,0.35078903967946196,3.70913257515833,1.539410548016027,-3.6873000389361392,1.5060404663579707,4.599975896316525,-2.8596261105678824,2.0252705942696156,3.625211250068076,-0.8004527459071213,4.227049024656112,1.0,1.2623767652887836
6.199999999999999,0.319,3.705,1.541,-3.6119010037154786,1.6197204675584136,4.449761053071407,-2.8403499891273847,2.0851674374478915,3.550401369493784,-0.8551362808172329,4.2387845826634285,1.0,1.2897759443486665
6.239999999999998,0.319,3.705,1.541,-3.5629873203025557,1.678252168893229,4.379215948761356,-2.8224380273384897,2.1495487385208945,3.5054331410604997,-0.9103567925881277,4.249991310155634,1.0,1.3447429686106276
6.280000000000001,0.27590022405705217,3.698900975102413,1.541813203319678,-3.5401411665303337,1.7493502259984763,4.285197780500666,-2.8000706305726264,2.211348669581454,3.4167833645392207,-0.966114281219806,4.26066920713273,1.0,1.363152074361693
6.32,0.20002074653822943,3.688519909692956,1.5427722937989163,-3.4855639560799787,1.8957626929247349,4.098476916910461,-2.773440574830507,2.2785730720369815,3.290808763008266,-1.022408746712268,4.270818273594715,1.0,1.3540329577123789
6.359999999999999,0.12221827391509622,3.679647697902599,1.5414073381388613,-3.462263449951793,1.9891098092774786,3.963133555863696,-2.750715636714469,2.3477113189739063,3.1666707710715625,-1.0792401890655128,4.280438509541589,1.0,1.3432989382924279
6.399999999999999,0.099,3.677,1.541,-3.4482603713949866,2.07483310604513,3.8922994358803247,-2.7253535000622606,2.4130112861304376,3.094291544457887,-1.136608608279541,4.289529914973352,1.0,1.3791017111118984
6.440000000000001,0.099,3.677,1.541,-3.3961365909277035,2.217377097059856,3.787674591095326,-2.697166218278835,2.4829482936257063,3.040444868393296,-1.1945140043543525,4.298092489890004,1.0,1.4348987282936019
6.48,0.0859334899312969,3.675618986740706,1.540787536421647,-3.3746667859320065,2.3039257736427765,3.722538991087144,-2.6741790247662265,2.5533674018226615,2.9795418630455504,-1.2529563772899475,4.306126234291546,1.0,1.4799207633389895
6.52,0.0045478673912880685,3.667017254277128,1.539464192965712,-3.3599995469324107,2.381588113569457,3.601736717059251,-2.6496430262426665,2.618578997529501,2.85376104081288,-1.3119357270863257,4.3136311481779765,1.0,1.4667101221149037
6.559999999999999,-0.08573741069778028,3.6599736471284054,1.5381052549174234,-3.3061663441198776,2.510496163020797,3.4194240745617597,-2.6237033884580176,2.687804517745058,2.7177903010339954,-1.371452053743487,4.320607231549297,1.0,1.4455099018017636
6.600000000000001,-0.17335974779974628,3.655075731651998,1.537,-3.2807213780595044,2.5792614244349252,3.288323695262304,-2.6044704568481514,2.756698782461013,2.591790968131408,-1.431505357261432,4.327054484405506,1.0,1.426354029951848
6.640000000000001,-0.230724419248734,3.6554581627949916,1.537,-3.2180205576726193,2.704795945253995,3.1349157676885393,-2.5861005263639756,2.819902569611739,2.499189819775434,-1.492410381659804,4.3324948797727805,1.0,1.4318624877694122
6.68,-0.2880890906977217,3.655840593937985,1.537,-3.12973459807145,2.754571522789334,2.9811466129974966,-2.5755559655107216,2.8733397061251553,2.417604670494045,-1.5536301500778202,4.337457248166229,1.0,1.43742667162475
6.719999999999999,-0.312,3.656,1.537,-3.102240585752199,2.7519744728163476,2.93303676761449,-2.5751064009326097,2.921628408667754,2.379275565397587,-1.61516466251548,4.341941589585853,1.0,1.4726690062443264
6.760000000000002,-0.312,3.656,1.537,-3.0526713114406494,2.761100430449417,2.883075523973597,-2.5761462147039342,2.981152443540203,2.3625785290690158,-1.6770139189727837,4.345947904031654,1.0,1.5294741283418654
6.800000000000001,-0.38796635515555883,3.6592424663785907,1.5383896284479674,-3.0016032938218933,2.75978584184601,2.764076747591621,-2.5776809938067817,3.030354419679562,2.278234047240181,-1.7391779194497312,4.349476191503631,1.0,1.5172986808081967
6.84,-0.476,3.663,1.54,-2.9516004668387694,2.745785205279994,2.640053153075823,-2.580280517611256,3.0753988471244917,2.184781822438781,-1.8016566639463227,4.352526452001782,1.0,1.4942597895531617
6.879999999999999,-0.493059082684325,3.664150050518044,1.5405750252590222,-2.8339925650086273,2.741459124014276,2.5162130503038425,-2.586322225169624,3.120406222331146,2.1627315909235643,-1.8644501524625583,4.355098685526109,1.0,1.5356182736888078
6.920000000000002,-0.5834511029520859,3.670243894581039,1.5436219472905197,-2.7903319875882526,2.679977117560091,2.4188740208295196,-2.6043183959680185,3.1541544111630744,2.085726005705487,-1.9275583849984372,4.357192892076611,1.0,1.5094778272005858
6.960000000000001,-0.6817144878145306,3.6771428727691644,1.547000007292277,-2.722685146003105,2.59580920448749,2.3097280640253315,-2.6243811992414936,3.1871029284128753,2.003520176776657,-1.9909813615539602,4.3588090716532895,1.0,1.476092325490703
7.0,-0.8079631895177399,3.6869043703235365,1.5515553728176503,-2.6740195966784372,2.5379508968081748,2.1914060780714526,-2.6459970103643498,3.218723665456446,1.8967238858056892,-2.0547190821291275,4.359947224256143,1.0,1.4168228326050387
7.039999999999999,-0.848,3.69,1.553,-2.692423953077083,2.500492213037461,2.1947274304407394,-2.6700647787927125,3.2487347504011517,1.874736002380194,-2.1187715467239383,4.360607349885171,1.0,1.436862742812675
7.079999999999998,-0.8656057786893478,3.691161802654627,1.553893694349713,-2.738297572239088,2.4713438339619955,2.2349340997832488,-2.6946213526808105,3.280265024899626,1.8746023930083846,-2.1831387553383923,4.360789448540375,1.0,1.4779358337533401
7.120000000000001,-0.9993125702796656,3.6999850934702314,1.5606808411309474,-2.8002709280814018,2.453295088594296,2.1903622930450313,-2.7212535593664735,3.3128119854301703,1.7649316659538565,-2.2478207079724912,4.3604935202217545,1.0,1.4124602478282282
7.16,-1.045,3.703,1.563,-2.71961459287595,2.481861482951059,2.0725620165615237,-2.751731443257865,3.346341097800416,1.7435990915125208,-2.3128174046262338,4.359719564929311,1.0,1.4278100568472483
7.199999999999999,-1.1837045205236,3.7120610993306875,1.5706670840490433,-2.7014697522275797,2.51812354659051,1.9310873047101313,-2.783446638378536,3.379559185521523,1.6339315672101302,-2.37812884529962,4.358467582663042,1.0,1.3581203221035876
7.239999999999998,-1.244,3.716,1.574,-2.697162475408247,2.551446177608202,1.8622209281344608,-2.8204463024134574,3.4143741231751252,1.6050424025437573,-2.44375502999265,4.356737573422949,1.0,1.360131159112456
7.280000000000001,-1.2599929628971567,3.7168118255277744,1.5750553731861068,-2.7418716282050024,2.5728832145487965,1.8720408771474133,-2.866110921243025,3.454676524276078,1.6273689846753925,-2.5096959587053234,4.3545295372090305,1.0,1.4030115671383057
7.32,-1.399820840885054,3.7239096873545714,1.5842825935609426,-2.794082557394674,2.6186276612388304,1.7792172693009893,-2.907884019104926,3.4847147293186858,1.5269147905015559,-2.575951631437641,4.351843474021288,1.0,1.3332608435424234
7.359999999999999,-1.5104865383675523,3.7295272354501297,1.5905272354501294,-2.8481240216766186,2.6725357287340836,1.7048475245673056,-2.9461366053981166,3.5114922411415983,1.4521123832913156,-2.642522048189602,4.34867938385972,1.0,1.2902921290848361
7.399999999999999,-1.6089790005065971,3.734526852817594,1.5955268528175937,-2.921136104183109,2.692007587262266,1.675888625112884,-2.9815424991612267,3.537564590728075,1.3866234854950559,-2.7094072089612076,4.345037266724328,1.0,1.2584376057044686
7.440000000000001,-1.638,3.736,1.597,-2.964312415275713,2.7672731316699544,1.642417842188471,-3.015217028494205,3.562946968962456,1.3880468634472287,-2.7766071137524566,4.340917122615112,1.0,1.2893218701009637
7.48,-1.638,3.736,1.597,-3.0105205218895716,2.8314597705844946,1.643777846802626,-3.046775576368473,3.5893720331778853,1.4163856767232261,-2.8441217625633493,4.336318951532071,1.0,1.3472611289937395
7.52,-1.671100978083586,3.7373649887869522,1.598876859582059,-3.0550600966263026,2.8899080225131764,1.6228142689425322,-3.077288949261055,3.6160616123958085,1.4114103299211387,-2.9119511553938864,4.331242753475207,1.0,1.3756452892814057
7.559999999999999,-1.858016083044979,3.744271000865052,1.6094905047577854,-3.0968058465174866,2.943522563288618,1.4750586898036875,-3.1075398537416676,3.6428124796680015,1.2536361055184886,-2.9800952922440667,4.325688528444518,1.0,1.2637674204906015
7.600000000000001,-1.9741213840830492,3.7454804310841987,1.6161423709630913,-3.135501473462052,2.992957116542954,1.3838695931821472,-3.13816122863624,3.6696961326535593,1.1665041875604394,-3.0485541731138914,4.319656276440003,1.0,1.218229748255495
7.640000000000001,-2.0825294872785345,3.746,1.6223885492634942,-3.1879195682460884,3.018990582532089,1.3230381416227148,-3.1695442387406794,3.6971951968107657,1.0881098192327137,-3.11732779800336,4.313145997461664,1.0,1.180026324416425
7.68,-2.185140447311495,3.746,1.628329183791718,-3.2270647179334206,3.0949645199711755,1.2285981368891106,-3.199882584781449,3.7217840093118886,1.0150310437430463,-3.186416166912472,4.3061576915095,1.0,1.1473141270025864
7.719999999999999,-2.214,3.746,1.63,-3.2161267922284735,3.184763844122254,1.1485835321675824,-3.2275699475407142,3.749482525401921,1.0135759303282914,-3.255819279841229,4.298691358583513,1.0,1.1793452207482704
7.760000000000002,-2.214,3.746,1.63,-3.213704004352344,3.273343271060344,1.1058085185646054,-3.2654367760519687,3.767590796216343,1.0516584314861044,-3.325537136789629,4.290746998683701,1.0,1.2378465571456692
7.800000000000001,-2.273630410131493,3.7456631050275058,1.6326951597799544,-3.247182412755611,3.32423837243613,1.0608498041914995,-3.3088842382854446,3.7750292218951413,1.035670245554682,-3.3955697377576732,4.282324611810063,1.0,1.2436854215340831
7.84,-2.3630447730742246,3.745157939135174,1.636736486918609,-3.293708597506031,3.354382462400541,1.0093763556390727,-3.3401202852113547,3.7935097732104617,0.9782711568253861,-3.4644378792907946,4.271715628799163,1.0,1.220790635189205
7.879999999999999,-2.4445237245890326,3.7438964180497107,1.640483059388151,-3.3616903583284157,3.36125523050304,0.9937851440084814,-3.380455508989607,3.8030194214419475,0.9377973312935804,-3.53182681736935,4.2593980766248265,1.0,1.2033162408790712
7.920000000000002,-2.522393184633681,3.7422908621725015,1.6440955601118719,-3.4183354275390965,3.3802659752965507,0.9663200925883367,-3.41052136591369,3.816083421481097,0.8911885368388944,-3.5977365519933384,4.245371955287052,1.0,1.1872042553721487
7.960000000000001,-2.585,3.741,1.647,-3.480216761997285,3.372163113942209,0.9682219267697418,-3.453439221118774,3.8160190213378455,0.8716734103664461,-3.662167083162761,4.229637264785837,1.0,1.1828166813106562
8.0,-2.6020219054992193,3.7403488888606855,1.6477441270163593,-3.5343120585279126,3.5646464136478833,0.9487024239613652,-3.500875334292488,3.80968549441913,0.9015237386357517,-3.725118410877617,4.2121940051211855,1.0,1.2181886447229977
8.04,-2.7319078314063403,3.7353805747549487,1.6534222002800587,-3.578461091165272,3.7592624513519786,0.8468900552245664,-3.5477854151611403,3.814134864999533,0.8196697322126143,-3.7865905351379068,4.193042176293095,1.0,1.1496998508623841
8.079999999999998,-2.768,3.734,1.655,-3.6511562809569957,3.8099876756556954,0.8864192819683852,-3.6026460376255613,3.8053624864326814,0.8376912394157556,-3.84658345594363,4.1721817783015664,1.0,1.164193086335264
8.120000000000001,-2.7877102448517634,3.732357479595686,1.655766509522013,-3.722211451685401,3.837874274596687,0.9404394183576142,-3.659275408020372,3.788102763790564,0.8733460770846179,-3.905097173294787,4.149612811146601,1.0,1.192751256366137
8.16,-2.948,3.719,1.662,-3.7918883217213812,3.7920057571607932,0.8470403414928656,-3.717941439543331,3.7588231637227265,0.7709706250532141,-3.962131687191378,4.125335274828196,1.0,1.0925069494219872
8.2,-2.972263968631842,3.715117765018905,1.6621386512493248,-3.858934751147539,3.7740836411284118,0.8886293102933076,-3.776563037508201,3.723014089322856,0.8043378296045082,-4.017686997633401,4.099349169346354,1.0,1.1137966967262194
8.239999999999998,-3.089735023106003,3.696322396303039,1.6628099144177486,-3.9160504502462725,3.6476111826584745,0.8277499425942187,-3.833600558258765,3.685499668798815,0.7439442625753194,-4.071763104620859,4.0716544947010735,1.0,1.0513102952847087
8.280000000000001,-3.123,3.691,1.663,-3.941655376212864,3.443497010484381,0.8552510478341396,-3.8909036752619883,3.6391655017186753,0.7696511350559716,-4.124360008153752,4.042251250892355,1.0,1.0611782636216809
8.32,-3.2434936370815883,3.6569782671769633,1.6651263583014397,-3.9946364029084123,3.3964499392097256,0.7950411714668464,-3.9465623648912747,3.5886931317915405,0.7063770209587344,-4.175477708232076,4.011139437920198,1.0,0.9970077450754616
8.36,-3.3688346147156554,3.61182871665062,1.6673957291051962,-3.9962144020497785,3.58963790714576,0.6277721159639782,-4.000223949587759,3.534675815830268,0.6360857350194487,-4.225116204855836,3.9783190557846027,1.0,0.9314146929759795
8.399999999999999,-3.456,3.576,1.669,-3.93401028941887,3.640484519024704,0.48234022223339335,-4.007782467685887,3.5173985355476627,0.5548855947684042,-4.273275498025028,3.943790104485569,1.0,0.8962191699743783
8.440000000000001,-3.456,3.576,1.669,-3.8831501172109886,3.588237628321579,0.42732538209226284,-4.026257262807961,3.481932852885902,0.5779636441433091,-4.3199555877396545,3.9075525840230974,1.0,0.9253898495007199
8.48,-3.4720515263164424,3.565795056116699,1.6699567134890596,-3.8580273772138494,3.373745540516649,0.4311152675540395,-4.062346755095221,3.429992524337561,0.6057151019717224,-4.365156473999714,3.8696064943971886,1.0,0.9433651666276421
8.52,-3.5766221630211783,3.4993130619203106,1.676189400444971,-3.8900111698490436,3.2451768310899576,0.4034822095473532,-4.105091380266096,3.3644695150762383,0.5454012245136101,-4.4088781568052084,3.829951835607841,1.0,0.8955289151417936
8.559999999999999,-3.662006780556493,3.4254263436998573,1.6840637395889047,-3.952189190104315,3.1963737684928315,0.36969029338075693,-4.145238503824693,3.304828433402393,0.498052963389306,-4.451120636156135,3.7885886076550555,1.0,0.8686699644055836
8.600000000000001,-3.73748018031548,3.3499299586140996,1.692353916642252,-3.988973566748822,3.1673220631701584,0.3107966648762109,-4.182471886109822,3.254950856650841,0.4550149975940408,-4.491883912052496,3.745516810538832,1.0,0.8518297646093708
8.64,-3.7862202982443622,3.292928803748119,1.6973105388045113,-4.041497297150531,3.0754253151292597,0.3353716054347991,-4.221654204332513,3.1976967956232616,0.44572617372404455,-4.5311679844942905,3.70073644425917,1.0,0.8492668172655236
8.68,-3.834960416173244,3.235927648882138,1.7022671609667706,-4.077864166167132,3.0105699705607063,0.33134319811868684,-4.25451501718323,3.165410260728113,0.4254394965923055,-4.56897285348152,3.6542475088160695,1.0,0.8448465916001433
8.719999999999999,-3.852,3.216,1.704,-4.098404422356614,2.961651246381983,0.354130523711153,-4.284553857150251,3.152282763322813,0.437221597802918,-4.605298519014181,3.606050004209531,1.0,0.8482910258471524
8.760000000000002,-3.852,3.216,1.704,-4.09525490583439,2.957109584649333,0.3552424473130135,-4.315655107216759,3.155663084516482,0.467564542943805,-4.640144981092277,3.556143930439555,1.0,0.8584115590064095
8.8,-3.923312672753582,3.1171041236341837,1.7120731327645564,-4.087636174534091,2.953768800640227,0.23169083058021325,-4.339733455814191,3.160625979913143,0.4186889305185617,-4.673512239715806,3.50452928750614,1.0,0.8443326642215856
8.84,-3.982885511125064,3.0251675656319903,1.7193934787897813,-4.080791186566585,2.9522970491673917,0.12204766877526894,-4.3624337107139635,3.16317271736583,0.40385920531325664,-4.705400294884769,3.4512060754092873,1.0,0.8387707818972912
8.879999999999999,-4.019095803476827,2.9613880734214986,1.7243312459286582,-4.074797613550555,2.9519603052464385,0.056494021438133195,-4.387064092375514,3.160870744976058,0.4185618208646979,-4.735809146599165,3.3961742941489965,1.0,0.8382822161683372
8.920000000000002,-4.046,2.914,1.728,-4.069411447493996,2.952113698290608,0.04472974257864255,-4.41701479691804,3.1501612367874605,0.4398000787779797,-4.764738794858996,3.339433943725268,1.0,0.8352122459045938
8.96,-4.046,2.914,1.728,-4.084592594183009,2.9366509826137195,0.04474880265595309,-4.458029159378885,3.1228997486892793,0.4619600991221151,-4.7921892396642605,3.2809850241381007,1.0,0.8315505933690198
9.0,-4.0929582513299705,2.8162760715565476,1.7330765677113482,-4.112237599811346,2.8906313568314355,0.0768140724488441,-4.490472542430503,3.0913252969539187,0.48339392633839795,-4.818160481014957,3.220827535387495,1.0,0.8304096343539368
9.04,-4.12,2.76,1.736,-4.10093310539189,2.8948248916924646,0.1361664345199713,-4.521081320911547,3.055057648808639,0.49792091952902856,-4.841451990807374,3.159035933022753,1.0,0.8244529403691047
9.079999999999998,-4.12,2.76,1.736,-4.097905875592851,2.886792592085636,0.12870319242782252,-4.555150786933988,3.006324971927628,0.500032198127696,-4.863542972496075,3.097318786207312,1.0,0.8164803215489475
9.120000000000001,-4.124270565806163,2.7504540293744584,1.7363768146299556,-4.113983564138751,2.8428371340446237,0.09295407700474495,-4.596748048222284,2.9331113973058422,0.5065557081406711,-4.8844334260810625,3.0356760949411723,1.0,0.8119108330521643
9.16,-4.195075683602939,2.5904847832123963,1.7426959688789776,-4.13493880443574,2.789797654568924,0.20818757149348283,-4.6369093373325905,2.858946881892644,0.5169998800733872,-4.904123351562333,2.974107859224334,1.0,0.8061732195300937
9.2,-4.234222157280505,2.493581217223667,1.7465464416997218,-4.228071276120098,2.6484579341633943,0.1549988089924496,-4.675217307005512,2.7855899838321996,0.528910050818868,-4.922612748939889,2.9126140790567963,1.0,0.8058971063238898
9.239999999999998,-4.249,2.457,1.748,-4.282938009127794,2.5691396568126574,0.11716266936878353,-4.708908798293578,2.7217619523280234,0.5306740940995612,-4.939901618213731,2.85119475443856,1.0,0.7954461329827615
9.280000000000001,-4.256422103770117,2.4357328180433178,1.7485709310592399,-4.311051601547411,2.5067775176693723,0.08961992731728652,-4.740637690196833,2.660508977994442,0.5338436627149766,-4.9559899593838574,2.789849885369626,1.0,0.7840880575418763
9.32,-4.301,2.308,1.752,-4.410741377579963,2.4109297934501908,0.15045834085502494,-4.774465711736949,2.5896286855605415,0.5508942700020882,-4.970877772450268,2.728579471849992,1.0,0.7909635403509766
9.36,-4.301,2.308,1.752,-4.4610404165019375,2.3419215256899064,0.1635958581970967,-4.797781328111347,2.53337302063953,0.5455132320963988,-4.984565057412964,2.6673835138796593,1.0,0.7722808412517301
9.399999999999999,-4.331162574343599,2.2129223200038735,1.7546228325516173,-4.554730669851051,2.259045417299106,0.22827622178609544,-4.824866590634753,2.467662117140218,0.555550195704296,-4.997051814271946,2.6062620114586283,1.0,0.7733851516069291
9.440000000000001,-4.347,2.163,1.756,-4.551062465135997,2.206625907682664,0.20867369143837045,-4.842877515302776,2.4192428554878393,0.558171041143677,-5.00833804302721,2.5452149645868976,1.0,0.7638431032019752
9.48,-4.347,2.163,1.756,-4.5402646166970335,2.1530808193003574,0.1935189970333747,-4.857127908834624,2.3801370702819122,0.5544177041388542,-5.0184237436787615,2.4842423732644687,1.0,0.7443161330753156
9.52,-4.373499511738554,2.0658351236253036,1.7587178986398517,-4.520579516210239,2.1046964524727225,0.152127349924917,-4.873184799599261,2.342084587123357,0.5709633552053932,-5.027308916226598,2.4233442374913405,1.0,0.7451707884064502
9.559999999999999,-4.399314318355382,1.9647847385850365,1.7603915975986877,-4.576278294376773,2.022443672870338,0.18612039520755466,-4.896874350288623,2.297591883619827,0.5986038599638467,-5.03499356067072,2.362520557267514,1.0,0.7498545729497306
9.600000000000001,-4.418848964579617,1.8837734115962945,1.7609661460170474,-4.603697226228122,1.9743885313599057,0.2058639836500009,-4.9134928728005764,2.2784321142007737,0.632793874402681,-5.041477677011127,2.3017713325929887,1.0,0.7499258466686414
9.64,-4.431489228298563,1.8231385796518127,1.7617923605723147,-4.601399055491108,1.924379055004759,0.19778519465898126,-4.916816033673725,2.2692358367848815,0.6592001750889539,-5.0467612652478175,2.2410965634677646,1.0,0.7438067999737433
9.68,-4.443697820647292,1.7637795616804095,1.7626343324584337,-4.586192253045611,1.8766156025264569,0.18175982883555428,-4.914203375056302,2.26787163620835,0.6895536935812997,-5.050844325380794,2.1804962498918417,1.0,0.7363964125686739
9.719999999999999,-4.449,1.738,1.763,-4.5361690034793245,1.85686840352932,0.14740465571069236,-4.912759154659646,2.2712349565189722,0.7066909313019519,-5.053726857410053,2.1199703918652193,1.0,0.7152593601867147
9.760000000000002,-4.449,1.738,1.763,-4.547055163525428,1.8165254093377983,0.1256226691551619,-4.903594832371459,2.2676440046349287,0.697982258560029,-5.055408861335601,2.059518989387898,1.0,0.6863717415827633
9.8,-4.4575253782575315,1.670572008326796,1.7622249656129516,-4.5519401907248405,1.7629134405956892,0.13206474520744627,-4.895652808960481,2.2635566678656334,0.7372831559060322,-5.0558903371574315,1.9991420424598787,1.0,0.6826411146198961
9.84,-4.471228156827952,1.5593608111649664,1.7609239477240157,-4.483360242336846,1.7734925607533083,0.21447515865610048,-4.894337675802554,2.2678990341160508,0.8252563713353559,-5.055171284875547,1.93883955108116,1.0,0.6964148841332956
9.879999999999999,-4.47328598291402,1.5175183474149239,1.7602380056953266,-4.438229974508164,1.7661387256379226,0.251079700878224,-4.884526005568541,2.270190197634947,0.857690661221471,-5.0532517044899485,1.8786115152517426,1.0,0.6831899545964624
9.920000000000002,-4.475343809000088,1.4756758836648776,1.7595520636666373,-4.355565738500571,1.799482773106368,0.345250181495044,-4.87435855154117,2.2678768538897356,0.8870147360615451,-5.050131596000634,1.8184579349716268,1.0,0.6692387726238282
9.96,-4.475938227109289,1.4197027692950637,1.7585281009374616,-4.346882703946889,1.8036653658767503,0.40507110935300206,-4.878246607184752,2.251479401390321,0.923961253721536,-5.045810959407605,1.758378810240812,1.0,0.6629150712782406
10.0,-4.470498104900598,1.3054602029125444,1.7561102688447099,-4.337121264490519,1.8090791136287727,0.5209811789199068,-4.875581648607838,2.2295110527829083,1.0089413513820105,-5.040289794710861,1.6983741410592978,1.0,0.6921299968696822
10.04,-4.468,1.253,1.755,-4.331343952301361,1.784023615248389,0.5483255924394574,-4.87467019420059,2.200741810595414,1.031307513015308,-5.033568101910403,1.6384439274270854,1.0,0.6844226027016875
10.079999999999998,-4.468,1.253,1.755,-4.350212992195484,1.741772152385567,0.502764354499363,-4.875265025155068,2.179737022271694,1.012277782608887,-5.025645881006228,1.5785881693441741,1.0,0.645737241159361
10.120000000000001,-4.461687114995549,1.1831073445935767,1.7536472389276176,-4.3217945557715804,1.7152720196071884,0.5502446450975915,-4.862528196883383,2.154494326428319,1.0508407307518204,-5.016523131998338,1.518806866810564,1.0,0.6484883769045001
10.16,-4.454,1.098,1.752,-4.2833444840272215,1.690552266066418,0.6166372459983115,-4.851322266727901,2.1259574643042125,1.102071473206953,-5.006199854886734,1.459100019826255,1.0,0.6597862563402275
10.2,-4.454,1.098,1.752,-4.243743770065934,1.7246755390056236,0.6610067423363211,-4.84298094283868,2.0928406631593575,1.0681826243517625,-4.9946760496714155,1.3994676283912473,1.0,0.6190422616075015
10.239999999999998,-4.440004120690815,0.9953635517326401,1.7526664704432944,-4.208404868008057,1.743437410028971,0.7831045340882471,-4.838324200023884,2.047959311667778,1.125440677882816,-4.981013280605164,1.340881049029276,1.0,0.6419293201352939
10.280000000000001,-4.424304691040578,0.89316588608338,1.753,-4.193877024829785,1.6881810738713492,0.8277355001260321,-4.8399199964526165,1.989257897332466,1.1722430546677634,-4.966412075791695,1.2832658261910401,1.0,0.6678760213345704
10.32,-4.4108236014463635,0.8143533623018198,1.753,-4.177046793520006,1.6394341003608492,0.857560388684243,-4.838256483370073,1.9310703385344523,1.1957239119277334,-4.950872435231007,1.2266219598765393,1.0,0.6794248592878978
10.36,-4.407,0.792,1.753,-4.154961205508849,1.5931218035450176,0.83983313702412,-4.836071648433197,1.8717819940257452,1.1619086169365453,-4.934394358923103,1.1709494500857742,1.0,0.649420892445124
10.399999999999999,-4.395369654966839,0.748758973594657,1.7532982139752091,-4.129294179385082,1.5419438727427086,0.8366232383472042,-4.834421528410921,1.8098447987078425,1.1483334340821434,-4.9169778468679795,1.1162482968187442,1.0,0.6380623077271332
10.440000000000001,-4.375052957746479,0.6732225352112652,1.7538191549295774,-4.102206598826754,1.4906876145734422,0.861797128999837,-4.834174903741396,1.746378053634454,1.1672427888045842,-4.898622899065638,1.0625185000754493,1.0,0.6524391402364549
10.48,-4.353956168812358,0.6103299963433797,1.7537399290520808,-4.072124725383729,1.441893695629307,0.8780245716807478,-4.837812979843479,1.67726901820007,1.1715273321360098,-4.87932951551608,1.0097600598558902,1.0,0.659970854708204
10.52,-4.332444568210204,0.5541608169933094,1.7533415660779668,-4.044023596739586,1.3910437361125703,0.8851890629112125,-4.843683858054524,1.6038849695167994,1.1675985645210787,-4.859097696219305,0.9579729761600664,1.0,0.6636473288823579
10.559999999999999,-4.307221242915252,0.4924424858305025,1.7527009371874374,-4.0850065983011365,1.309368148164951,0.846609051488085,-4.848764764905116,1.5301796333013014,1.1705416581437917,-4.83792744117531,0.9071572489879779,1.0,0.6735260972318782
10.600000000000001,-4.25967628859105,0.3973525771820997,1.7506033656731346,-4.103397887143619,1.23670653064574,0.8537786586428636,-4.850993204945863,1.4581299539676857,1.2144563963631934,-4.8158187503841,0.8573128783396247,1.0,0.721704867969002
10.64,-4.218518234701037,0.3234923971863696,1.75,-4.114575923296863,1.1696262903339028,0.8524943221119091,-4.851840477567878,1.3869929225287692,1.2377925636848228,-4.792771623845671,0.8084398642150068,1.0,0.7516255721578331
10.68,-4.179939234093737,0.25820485769709306,1.75,-4.1199679824497135,1.1064454927438852,0.8503579987089767,-4.85215572117276,1.31572577932891,1.2530863917503334,-4.768786061560023,0.7605382066141242,1.0,0.774002183234201
10.719999999999999,-4.168,0.238,1.75,-4.11980123442582,1.046125231496703,0.8095613076132495,-4.852392408207687,1.2432070504806303,1.2160732637256217,-4.743862063527159,0.7136079055369767,1.0,0.7468734805969662
10.760000000000002,-4.168,0.238,1.75,-4.114334018838598,0.987945810398275,0.7518635222352136,-4.852716515245339,1.1681106674463209,1.1549643111140537,-4.717999629747077,0.6676489609835649,1.0,0.6979239374001861
10.8,-4.150041482320915,0.21008856890841,1.7502163676828806,-4.097913388406637,0.9312407734778747,0.7230337753732773,-4.85292565941705,1.0885941024865209,1.1250858362540488,-4.691198760219778,0.6226613729538882,1.0,0.6804906450942996
10.84,-4.070600477663681,0.08765482571322078,1.751169406145133,-4.078013581481243,0.8753536081097104,0.78773366431626,-4.854641518145704,1.0068227211832206,1.2081349151576086,-4.663459454945261,0.5786451414479469,1.0,0.7697748093362413
10.879999999999999,-4.0,-0.017,1.752,-4.142316045687167,0.8032961165041907,0.8325500439084059,-4.855551813201425,0.9250668194530717,1.272579583910834,-4.634781713923524,0.535600266465741,1.0,0.8416144478499016
10.920000000000002,-4.0,-0.017,1.752,-4.19095311033173,0.7383760642347881,0.7791380421749412,-4.854723725732228,0.8444561124850477,1.213531738796902,-4.605165537154572,0.4935267480072704,1.0,0.7917467320996409
10.96,-4.0,-0.017,1.752,-4.233785055904407,0.6758190858554134,0.7312002038359653,-4.852667335892771,0.7650333730183628,1.156986509088569,-4.574610924638401,0.45242458607253516,1.0,0.7419819113180384
11.0,-4.0,-0.017,1.752,-4.272482076285902,0.614369491822642,0.687658285125292,-4.849847257923439,0.686547605202852,1.1032767533971952,-4.543117876375014,0.41229378066153516,1.0,0.6922934188281579
11.04,-3.964249627273885,-0.07018957893397623,1.751128039689607,-4.306390961581392,0.5534113906164505,0.7112937943395496,-4.84663120267474,0.6086969185678095,1.1133212120035871,-4.510686392364407,0.37313433177427047,1.0,0.7036541963551758
11.079999999999998,-3.9132134158916316,-0.1454538212697102,1.7499462181560859,-4.334417937863394,0.49250953697748967,0.7644674589513317,-4.843316762410739,0.5311757036757251,1.1501824851882971,-4.477316472606584,0.3349462394107413,1.0,0.7409429646720012
11.120000000000001,-3.8660423362312972,-0.2090552769915099,1.7494162060250709,-4.340782031586245,0.43307002602420874,0.7985628861390546,-4.840159930377497,0.4536775323526004,1.1781849870908714,-4.4430081171015425,0.29772950357094746,1.0,0.7679325010083569
11.16,-3.829,-0.259,1.749,-4.319652813230806,0.3731205361173017,0.8001978226117143,-4.836897929516255,0.3763546008220874,1.1914418597266703,-4.4077613258492825,0.2614841242548888,1.0,0.7783754851613697
11.2,-3.829,-0.259,1.749,-4.294399556932235,0.3129786297109307,0.7373983322728052,-4.833455408454363,0.2993869721133718,1.149228731888983,-4.371576098849806,0.22621010146256543,1.0,0.7278857503787165
11.239999999999998,-3.759774349674764,-0.33930175437727367,1.7483077434967478,-4.321612707637471,0.24748910612168448,0.8123951344286467,-4.829906214899073,0.22275552384563008,1.2087558036972552,-4.334452436103112,0.19190743519397754,1.0,0.7825842485674579
11.280000000000001,-3.729,-0.375,1.748,-4.325384231280519,0.1838942371146376,0.8173352553267282,-4.827905282834417,0.14483050802406341,1.2156547938102926,-4.296390337609199,0.158576125449125,1.0,0.7788679457145358
11.32,-3.715695598660472,-0.38969159010478677,1.7479369459652154,-4.307781100674098,0.12283616128584576,0.7831027631417637,-4.827371134450062,0.06572835857721313,1.2013450072858285,-4.257389803368068,0.12621617222800768,1.0,0.7480597774570064
11.36,-3.5627305959166056,-0.5586055504807149,1.7472119933455763,-4.40825856512197,0.04228520200699535,1.0372980493251656,-4.82541041938694,-0.011071176992670136,1.376282756830885,-4.21745083337972,0.09482757553062567,1.0,0.925004561887513
11.399999999999999,-3.518,-0.608,1.747,-4.466095634761645,-0.032562372265974804,1.1090598703705088,-4.8231818566720825,-0.08531234233614296,1.405952369911625,-4.176573427644155,0.06441033535697914,1.0,0.9411985012173875
11.440000000000001,-3.518,-0.608,1.747,-4.502634326509919,-0.10452707218149473,1.1058886679895856,-4.8191311249020465,-0.15635634259344228,1.3772887124580806,-4.135284130389746,0.03602786331166674,1.0,0.8920827239403394
11.48,-3.518,-0.608,1.747,-4.523253744076474,-0.17504381608687772,1.0945255351833425,-4.812465553909803,-0.22379817505739885,1.3502785314697996,-4.094521377363708,0.008708802870953217,1.0,0.8442195485155927
11.52,-3.460937411380873,-0.6682036485431158,1.747,-4.507476102295767,-0.2391337783425266,1.131080980785996,-4.802592567485034,-0.28717196478239687,1.3947127668198958,-4.054285168566042,-0.017546845965161522,1.0,0.8805769902158683
11.559999999999999,-3.3986355594865287,-0.732080350538351,1.7465413964374572,-4.564722061514861,-0.3344732589880208,1.2320101986038043,-4.793721861835631,-0.3484479197292465,1.4468723623632433,-4.014575503996751,-0.04273908319667734,1.0,0.9244313917773889
11.600000000000001,-3.3416016155088832,-0.7820481421647837,1.7440177705977382,-4.543046627116204,-0.39840075592025115,1.261211890559384,-4.782770797869535,-0.40267564862080285,1.4902657820146874,-3.975392383655832,-0.0668679088235943,1.0,0.9556011217816026
11.64,-3.284957606957673,-0.8293936022979058,1.742,-4.572533697361294,-0.48092788478867754,1.3338967519483265,-4.766002947802455,-0.45047450397280764,1.5287494839618232,-3.9367358075432857,-0.0899333228459124,1.0,0.985706004671697
11.68,-3.229868984558807,-0.86627902773019,1.742,-4.596425704067035,-0.5602395738170579,1.4004061607207166,-4.737494334270297,-0.48319930915850895,1.5555334345084484,-3.8986057756591124,-0.1119353252636317,1.0,1.0080889431107203
11.719999999999999,-3.176855126108164,-0.9007044341237457,1.742,-4.793757369045564,-0.5460721333984397,1.6553358970111531,-4.6938198826682465,-0.4988017159963309,1.5693017133373666,-3.8610022880033124,-0.13287391607675214,1.0,1.028407041775532
11.760000000000002,-3.1401431183369617,-0.9158009606838662,1.742,-4.987197815893249,-0.5214894386853328,1.8886748349426241,-4.665397541894641,-0.48265602789331175,1.585564754081145,-3.823925344575885,-0.15274909528527372,1.0,1.024600547632359
11.8,-3.103431110565763,-0.9308974872439852,1.742,-5.134728149013665,-0.514339578625938,2.0735689401704156,-4.649406107148336,-0.44932020713782395,1.6192453077816642,-3.78737494537683,-0.17156086288919642,1.0,1.0219448508909832
11.84,-3.074,-0.943,1.742,-5.119890173599464,-0.5823506793603829,2.0774346042435763,-4.611118430073715,-0.4074934975779059,1.627728565273899,-3.7513510904061476,-0.18930921888852031,1.0,1.0133381929083842
11.879999999999999,-3.074,-0.943,1.742,-5.19059938782171,-0.40555581146665565,2.1837672092774683,-4.550342331747466,-0.3840532717335036,1.5786095544970469,-3.715853779663839,-0.20599416328324532,1.0,0.977319741856942
11.920000000000002,-3.0397695167286223,-0.9488191821561341,1.743711524163569,-5.187480222592489,-0.22428430591920195,2.2666301116339946,-4.488141296060748,-0.36327784528125207,1.5622546106044726,-3.680883013149903,-0.22161569607337145,1.0,0.9694593469890538
11.96,-2.990698837960917,-0.9571611975466441,1.7461650581019543,-5.104551891004735,-0.06888738457207033,2.292903202640499,-4.424489405392718,-0.34946917268198685,1.5572555950583424,-3.6464387908643396,-0.23617381725889874,1.0,0.974585906099595
12.0,-2.9419122772216797,-0.9606755310058593,1.7490265930175781,-4.994923772472744,0.07788160454248258,2.300751425824048,-4.365156423602228,-0.3446058641515187,1.5508596759940962,-3.612521112807149,-0.2496685268398272,1.0,0.9773674694496718
12.04,-2.893272277221681,-0.9616995310058594,1.752098593017578,-4.9170320104819805,0.14126266138000626,2.3048056438230176,-4.314428126739962,-0.35005423922843537,1.5471890355006779,-3.5791299789783317,-0.2620998248161568,1.0,0.9797145175813378
12.079999999999998,-2.879,-0.962,1.753,-4.833156940680359,0.19327405210563584,2.2701073728521735,-4.265421646044333,-0.3600036579124518,1.5114776136308024,-3.5462653893778873,-0.27346771118788754,1.0,0.9588116669077769
12.119999999999997,-2.830681005626875,-0.9588211187912418,1.753,-4.801939720531607,0.17390542871690867,2.2735281728005017,-4.220667425176529,-0.3764214302403181,1.5070672326597376,-3.5139273440058156,-0.2837721859550194,1.0,0.960477287931137
12.159999999999997,-2.803,-0.957,1.753,-4.798073677918759,0.1553634921524435,2.2842223006962046,-4.171428027629095,-0.3936258226913337,1.479860037455932,-3.4821158428621164,-0.29301324911755244,1.0,0.9497772019656779
12.200000000000003,-2.7940218112803508,-0.9562518176066959,1.753,-4.739682831845352,0.18522548311878795,2.255785281230813,-4.126260913308043,-0.4077499356678773,1.44073430564486,-3.4508308859467904,-0.30119090067548665,1.0,0.9276329907107342
12.240000000000002,-2.745034855224096,-0.9521695712686746,1.753,-4.724502591528628,0.1578521293005868,2.2694582381716706,-4.088064716091112,-0.423316326375753,1.4434039496323436,-3.4200724732598378,-0.3083051406288219,1.0,0.932865044262325
12.280000000000001,-2.731,-0.951,1.753,-4.694735852302599,0.1606349442878188,2.2565439829483487,-4.048309957082675,-0.4347110745331717,1.4148709402588109,-3.3898406048012575,-0.31435596897755835,1.0,0.9161804215171762
12.32,-2.7198729355146787,-0.9483506989320664,1.753,-4.695352943806073,0.1251598632514509,2.2483207489765644,-4.0089424248676115,-0.44389347893451403,1.3842605373224688,-3.360135280571049,-0.31934338572169596,1.0,0.8975444671821067
12.36,-2.668,-0.936,1.753,-4.686734898941586,0.1036598527689695,2.270723057016044,-3.969781490335982,-0.4514326607497884,1.3890430356361891,-3.330956500569215,-0.3232673908612348,1.0,0.9027472359132308
12.399999999999999,-2.661908539725177,-0.9334981502442691,1.7526736717709914,-4.62852074480709,0.132581870715246,2.236982381751404,-3.9306199347088104,-0.4571693124828011,1.3551818200686239,-3.3023042647957532,-0.32612798439617463,1.0,0.8826127140773641
12.439999999999998,-2.63435796773191,-0.9221827367470345,1.7511977482713523,-4.639857219847642,0.09418273199018865,2.2483385012667014,-3.896108494168981,-0.46404606517898817,1.342350029165148,-3.274178573250664,-0.3279251663265157,1.0,0.8732195985251834
12.479999999999997,-2.612,-0.913,1.75,-4.623745530913232,0.09091582681783725,2.2483253920384176,-3.8586808451926826,-0.46560189769323945,1.3245294227453128,-3.2465794259339487,-0.32865893665225787,1.0,0.8626386996495287
12.520000000000003,-2.612,-0.913,1.75,-4.6264157524329885,0.07199803640735676,2.2423407313288743,-3.8191906776175886,-0.46385708973562084,1.288036756450517,-3.219506822845606,-0.3283292953734012,1.0,0.8431514529742126
12.560000000000002,-2.5749577638584373,-0.8969250673347936,1.751397820231757,-4.625674117839883,0.05610668461642162,2.261350721297817,-3.7777211343903057,-0.4598314026894556,1.2797228595153998,-3.192960763985635,-0.32693624248994574,1.0,0.8407228845548501
12.600000000000001,-2.5352588338688404,-0.8781294169344201,1.752,-4.565895848150545,0.08900341570032638,2.249184874511436,-3.7347134600984457,-0.4530935072229629,1.2725356281565747,-3.1669412493540374,-0.3244797780018913,1.0,0.8399705927729451
12.64,-2.50516954370717,-0.8625624369045628,1.752087055824837,-4.516360239114656,0.11194400728837993,2.234849172330701,-3.6939618765405857,-0.4466438495559082,1.259450468222397,-3.141057906028938,-0.3209996444748989,1.0,0.8352510206401879
12.68,-2.4880330852229466,-0.8516574178691478,1.7524765207903876,-4.490194901607749,0.11919938096640859,2.225132549497786,-3.6543169018951227,-0.44032930267614634,1.2366926697363598,-3.114784189781964,-0.3175592535135674,1.0,0.8234547930724242
12.719999999999999,-2.470896626738723,-0.8407523988337329,1.752865985755938,-4.430242325148996,0.15444752440233864,2.1976028879412963,-3.6156270005558477,-0.434885408641556,1.2145516219853114,-3.0881201006131156,-0.3141586051178967,1.0,0.8113358369267376
12.759999999999998,-2.465,-0.837,1.753,-4.381829805527921,0.18072975321716223,2.170255826842465,-3.5779854881410484,-0.4307923340660812,1.1847959168886641,-3.0610656385223924,-0.31079769928788703,1.0,0.7950994319591912
12.799999999999997,-2.465,-0.837,1.753,-4.337574063122449,0.20391760483870533,2.1424385830035044,-3.5415106100409988,-0.42801907369974546,1.1515817346624848,-3.0336208035097947,-0.3074765360235381,1.0,0.77699724393704
12.840000000000003,-2.438265067398495,-0.8178056894143043,1.7536855110923462,-4.296191004567181,0.22500732091988157,2.130574514661805,-3.506191470689207,-0.42644939449852587,1.1373770493621023,-3.0057855955753228,-0.30419511532485,1.0,0.7654249615204644
12.880000000000003,-2.417592825185784,-0.8031616841567946,1.7535329347325435,-4.2662661923193275,0.23640749289324958,2.1209189735162868,-3.472075423429592,-0.4259958497939188,1.1199051819728563,-2.9775600147189754,-0.30095343719182277,1.0,0.7521810797097538
12.920000000000002,-2.405549864352639,-0.7947985169115548,1.7528638813529245,-4.225704052284212,0.2578766658898463,2.1026379403812743,-3.4384865455691207,-0.42603859121285675,1.0967871581140203,-2.9489440609407533,-0.29775150162445646,1.0,0.7364326094704493
12.96,-2.3935069035194934,-0.7864353496663149,1.7521948279733053,-4.1900481356477055,0.27490200961359496,2.08662344205657,-3.405684797633616,-0.4271524261276302,1.0740522838669466,-2.9199377342406567,-0.2945893086227509,1.0,0.7204456590361283
13.0,-2.39,-0.784,1.752,-4.156646853550539,0.2899148712669205,2.0674463126979297,-3.3737023517249307,-0.42924265585923116,1.0457165438162346,-2.890541034618686,-0.29146685818670615,1.0,0.7022323142106313
13.04,-2.380915871218967,-0.7804902229709646,1.7513806275831114,-4.1250163002620335,0.3034010181877038,2.0534620837134265,-3.3425086298969875,-0.4322137170730489,1.0227204691911014,-2.86075396207484,-0.2883841503163223,1.0,0.6873230537234912
13.079999999999998,-2.339550435950316,-0.7654824555177213,1.749,-4.094974573475296,0.31553624340405495,2.06158078425849,-3.3120803471548053,-0.43599383584375706,1.0268286997752187,-2.8305765166091197,-0.2853411850115994,1.0,0.6867621506244932
13.119999999999997,-2.305353913960963,-0.7574362150496384,1.749,-4.069807531696899,0.32346121405598743,2.0692114008454,-3.2824278662010458,-0.44052595315094883,1.02718334402518,-2.8000086982215247,-0.2823379622725372,1.0,0.68585837122814
13.159999999999997,-2.295,-0.755,1.749,-4.041133845472299,0.3347742380737927,2.058298155339307,-3.253200437802307,-0.44541419122852466,1.006971425611085,-2.769050506912055,-0.27937448209913596,1.0,0.6715232805957225
13.200000000000003,-2.2871478904115987,-0.7535184698889809,1.7487036939777962,-4.014864486778437,0.3438503693715202,2.0467591472230806,-3.224478829180008,-0.451026713964442,0.9849317495008365,-2.737701942680711,-0.27645074449139556,1.0,0.6561955262207629
13.240000000000002,-2.252400644462939,-0.7469623857477244,1.747392477149545,-3.9899218429125836,0.35173394456755475,2.0557513325570653,-3.196251876348164,-0.45726956013340997,0.987307997103063,-2.7059630055274924,-0.273566749449316,1.0,0.6556083006192243
13.280000000000001,-2.242,-0.745,1.747,-3.966102017153842,0.35865283015442745,2.047089967505538,-3.1684509903602374,-0.4640595341750407,0.968111038506126,-2.6738336954523985,-0.2707224969728973,1.0,0.6414199017848591
13.32,-2.242,-0.745,1.747,-3.9433192103975125,0.36470454504803324,2.031238841930677,-3.140949012341996,-0.47131978266392066,0.9396862179215855,-2.6413140124554304,-0.2679179870621395,1.0,0.6221406011602977
13.36,-2.201241339393178,-0.7407096146729661,1.747,-3.921506210494064,0.3699599192234786,2.047656719342745,-3.113484976169383,-0.4789602082153227,0.9490527933785374,-2.6084039565365873,-0.2651532197170425,1.0,0.626047347716245
13.399999999999999,-2.157901918033631,-0.7370983802128864,1.747,-3.955830451539853,0.3292789310214696,2.0903845534999648,-3.0854666414290226,-0.48684826235736595,0.9607296381262893,-2.57510352769587,-0.26242819493760633,1.0,0.6319564604417237
13.439999999999998,-2.128,-0.735,1.747,-3.9855482747164492,0.2885144122514817,2.12086476348412,-3.0522663263924255,-0.4912563739662647,0.9558656795465683,-2.5414127259332773,-0.25974291272383104,1.0,0.6299042633367479
13.479999999999997,-2.128,-0.735,1.747,-3.9549710239507005,0.2929933365644684,2.0963285578306707,-3.0133556245962385,-0.4911389988898151,0.9183260694691494,-2.5073315512488104,-0.25709737307571656,1.0,0.6101502655854208
13.520000000000003,-2.1222393048822545,-0.7348933204607825,1.7473200386176526,-3.927297407270952,0.2969408957180703,2.07916247625733,-2.973431362864577,-0.49208993291668573,0.8851448494879641,-2.472860003642469,-0.254491575993263,1.0,0.5947442395572544
13.560000000000002,-2.0850197074918224,-0.734204068657256,1.749387794028232,-3.9005545159178596,0.2995933139535184,2.089235187550568,-2.9323541866816267,-0.493098918658219,0.8809695868643338,-2.4379980831142536,-0.25192552147647035,1.0,0.5976506761711723
13.600000000000001,-2.046030377548401,-0.7335338396258066,1.7504661603741933,-3.930418494263016,0.25697141271174806,2.128853970878119,-2.8895128052905648,-0.49358670520127457,0.8769476798694201,-2.4027457896641624,-0.2493992095253385,1.0,0.6013586494791895
13.64,-2.0091496446450585,-0.733,1.750923010232461,-3.898073628435643,0.2573609285000029,2.132802987910201,-2.8400256801452217,-0.4894801767731948,0.8658272868608861,-2.367103123292197,-0.24691264013986747,1.0,0.603665150800824
13.68,-1.9841314873401992,-0.733,1.7505258966244475,-3.868264730062634,0.2568931685799105,2.1283436192337297,-2.788721844749065,-0.48575877631583364,0.8417207766974573,-2.3310700839983567,-0.24446581332005732,1.0,0.5991928248954295
13.719999999999999,-1.9591133300353398,-0.733,1.750128783016434,-3.8390419410547487,0.25494673110976873,2.123716159480791,-2.7356529168346064,-0.48107454539437355,0.8163823641803069,-2.2946466717826417,-0.242058729065908,1.0,0.5946477570213253
13.759999999999998,-1.9291834520784272,-0.7324743000500825,1.7494743000500825,-3.8090420558715836,0.25153265707018346,2.1218242297410597,-2.680710328573311,-0.47446827828322113,0.7945814957335204,-2.2578328866450517,-0.23969138737741955,1.0,0.5923220828764663
13.799999999999997,-1.8968962349984257,-0.7316962948192391,1.7486962948192393,-3.8152591148326804,0.22255655962526846,2.142595306851358,-2.6233077080772293,-0.46679586701681164,0.7732049307075237,-2.220628728585588,-0.23736378825459195,1.0,0.5909038453510427
13.840000000000003,-1.8637847399397023,-0.7307953757252282,1.7478363005801827,-3.7849454144097794,0.2185095966114825,2.142904166693771,-2.560457235432115,-0.4559415859873508,0.7489306855169571,-2.182242153021349,-0.23484358067763542,1.0,0.5893923200700736
13.880000000000003,-1.8236491646576245,-0.72884704682804,1.746277637462432,-3.7554743521061376,0.21258534497278153,2.149009889040136,-2.4961105285884857,-0.4422541971059952,0.730985463255978,-2.143063532874209,-0.2320910220808891,1.0,0.5905862229563028
13.920000000000002,-1.783513589375547,-0.7268987179308518,1.7447189743446814,-3.765566407000243,0.24410705936822952,2.2071215624433083,-2.4309730428903125,-0.42283091641325055,0.7153048104587206,-2.103092868144168,-0.22910611246435295,1.0,0.5915474566553366
13.96,-1.765,-0.726,1.744,-3.687471303552551,0.2649503352781799,2.1628403732062575,-2.3576239605048555,-0.4013097113546755,0.6757417717627383,-2.062330158831226,-0.22588885182802698,1.0,0.581821608292861
14.0,-1.7490731439422893,-0.7248153578138893,1.7433418654521606,-3.608494622729761,0.319051395478247,2.1323944368725156,-2.2832704140680202,-0.38066386471761415,0.6354580817097054,-2.020775404935384,-0.22243924017191125,1.0,0.5711426110926993
14.04,-1.6673980295392108,-0.7187403493045694,1.739966860724761,-3.560060738789568,0.33572956719566177,2.1665823168739533,-2.2077163756979195,-0.36067285762560114,0.6481946033352562,-1.9784286064566408,-0.2187572774960057,1.0,0.5888319725292749
14.079999999999998,-1.644,-0.717,1.739,-3.5171729137754792,0.3340401796526281,2.147897163307952,-2.13328991791275,-0.3395780028114853,0.6179417349013033,-1.9352897633949973,-0.21484296380031037,1.0,0.5805268428449885
14.119999999999997,-1.627948293044371,-0.7158254848569051,1.7387063712142263,-3.3166990534066025,0.4055627492551121,2.027163215488305,-2.067359160790814,-0.3144257257847248,0.5951501300318153,-1.891358875750453,-0.21069629908482523,1.0,0.5696846754129182
14.159999999999997,-1.5217666598746655,-0.7080560970639999,1.736764024266,-3.1634147709724605,0.47511083879921834,2.023584077519616,-1.994227568753752,-0.2916535636653995,0.6297701011000959,-1.846635943523008,-0.2063172833495503,1.0,0.5977306154496107
14.200000000000003,-1.4347347305891995,-0.7012015158536391,1.7350503789634097,-3.0132237239322386,0.5053372684322742,1.9867972569165808,-1.9205257819193002,-0.27154867820033723,0.648532579332711,-1.8011209667126624,-0.2017059165944856,1.0,0.6194632577481725
14.240000000000002,-1.3601194666832501,-0.6949400951062866,1.7334850237765718,-2.900539173770577,0.5072551037487166,1.954012837760547,-1.8477844636119534,-0.2508834077048767,0.6595479443189749,-1.7548139453194163,-0.19686219881963107,1.0,0.6355039907311483
14.280000000000001,-1.337,-0.693,1.733,-2.796282469979932,0.5070620048653443,1.8893528370085244,-1.7728233077842925,-0.22886995037717472,0.6366778294953646,-1.7077148793432688,-0.19178613002498668,1.0,0.6234138795550064
14.32,-1.337,-0.693,1.733,-2.7694411530247143,0.5629862497565792,1.9050955662266313,-1.6946575190962445,-0.20420185884531883,0.6056752626303571,-1.659823768784221,-0.18647771021055257,1.0,0.6006496614047103
14.36,-1.243617072261925,-0.6855788401797557,1.7317631400299593,-2.599323339240319,0.5931074147453226,1.863592772270491,-1.6095360284720492,-0.17537613996631907,0.6278562556979015,-1.6111406136422726,-0.18093693937632863,1.0,0.6242891970194967
14.399999999999999,-1.1496337548524704,-0.678238006697656,1.7314603322170574,-2.446955554438315,0.6002732782301904,1.8214376073224432,-1.5228404130883995,-0.14968358249982017,0.6470339937675109,-1.5616654139174233,-0.17516381752231489,1.0,0.6502720414459201
14.439999999999998,-1.0865415483628384,-0.6734461935465448,1.7322589677422426,-2.2308853365682473,0.5672763009902588,1.6878729259200569,-1.4333712794497264,-0.1230759215286501,0.6505369310706768,-1.5113981696096732,-0.16915834464851137,1.0,0.6594007758286929
14.479999999999997,-1.0197456561487894,-0.6684808588772824,1.733,-2.016326539333904,0.5262960959394657,1.555848780727486,-1.344454178403089,-0.09978052210131927,0.6548707486776798,-1.4603388807190232,-0.16292052075491806,1.0,0.670606922883738
14.520000000000003,-0.9053040188764149,-0.6612832716274475,1.733,-1.8160009988057189,0.48332031560442734,1.4626983151547113,-1.2581206698913732,-0.07980207806195716,0.6801470191831749,-1.4084875472454719,-0.15645034584153497,1.0,0.7127762244768678
14.560000000000002,-0.8143277897594179,-0.6560101135024682,1.7334271266425045,-1.658832673616172,0.4514209215701771,1.3926923552242183,-1.1751975058241266,-0.06284932555206313,0.6943102133301575,-1.3558441691890202,-0.14974781990836208,1.0,0.7413106630190274
14.600000000000001,-0.7358565077903843,-0.6516941707334823,1.73411121064237,-1.5396404637152161,0.434526327984971,1.3512748127743437,-1.0927122294334826,-0.047213240848855864,0.7019566942936004,-1.3024087465496674,-0.1428129429553993,1.0,0.7615389308683339
14.64,-0.6748044080938969,-0.6480640458866641,1.735431256041213,-1.4509027719791108,0.4316986677254729,1.3297429030201107,-1.007163803900208,-0.031241636857394783,0.7006658634908707,-1.248181279327414,-0.1356457149826468,1.0,0.7689821729481097
14.68,-0.6137523083974095,-0.644433921039846,1.736751301440056,-1.3865728741950158,0.44083708868752386,1.3323155750325812,-0.9140170083421089,-0.013488883986372324,0.6987492610481171,-1.1931617675222599,-0.12824613599010448,1.0,0.7759930094774757
14.719999999999999,-0.556,-0.641,1.738,-1.2809918745535978,0.41378229216971524,1.2799136306968286,-0.8072210511570199,-0.002472880563324509,0.686169730314983,-1.1373502111342053,-0.12061420597777237,1.0,0.780236786242439
14.759999999999998,-0.556,-0.641,1.738,-1.0746170328819846,0.34379553601203117,1.1130075806321076,-0.7216084490649798,0.016562492816805607,0.6780962987372512,-1.08074661016325,-0.11274992494565043,1.0,0.744585217871499
14.799999999999997,-0.5544446166124105,-0.6409114822462347,1.7380252907867901,-0.894164586426142,0.29146814833773194,0.9923413895520719,-0.6307941964056132,0.036517912037184186,0.6817183014807497,-1.023350964609394,-0.10465329289373873,1.0,0.7123524470649943
14.840000000000003,-0.5021625941399228,-0.6379360825933289,1.7388754049733346,-0.7633048444474098,0.2627376299990407,0.9377677811966993,-0.5453590455509842,0.05637568919921057,0.6956542027934595,-0.9651632744726372,-0.09632430982203724,1.0,0.712539783024792
14.880000000000003,-0.4498805716674445,-0.6349606829404236,1.739725519159879,-0.6673360132911986,0.252886244898449,0.914089184032229,-0.4619597936174429,0.07797970889545641,0.7130427125453395,-0.9061835397529799,-0.08776297573054595,1.0,0.7124870030108733
14.920000000000002,-0.3746939548704244,-0.6295673766860557,1.741704855120748,-0.6011241109531249,0.2593031148612027,0.9172575245410096,-0.37739060802040725,0.10384616779131936,0.7334185020580527,-0.8464117604504217,-0.07896929061926483,1.0,0.7250351305154953
14.96,-0.28858567703362026,-0.6230211333417373,1.7442226410224089,-0.5475310473435709,0.2729576813699094,0.9326471686640371,-0.2935337438203351,0.12959037499328416,0.7526277737655194,-0.7858479365649627,-0.0699432544881939,1.0,0.7437505595502775
15.0,-0.262,-0.621,1.745,-0.500801425485778,0.290305690790598,0.9420744041111448,-0.21013067383978584,0.15486675124679472,0.7775986385575597,-0.7244920680966028,-0.06068486733733317,1.0,0.7265342118187241
15.04,-0.24295464549371462,-0.6193557967332703,1.7451370169388942,-0.458300539102537,0.3098701628672522,0.953852576601696,-0.12650187587495243,0.1792865847007489,0.8070879140307343,-0.662714423201954,-0.051090635867291595,1.0,0.7064867755561368
15.079999999999998,-0.15009601701057185,-0.6113392244901213,1.7458050646258232,-0.41883879064016777,0.3310485653566411,0.9799578689057985,-0.041648093780747464,0.2020676224518457,0.8206044422893009,-0.6013070464639166,-0.0413929110978589,1.0,0.7269320416997576
15.119999999999997,-0.05959640811112461,-0.6048348005328475,1.7469255998815894,-0.3267018210451822,0.31972103414660163,0.9623662468408201,0.045769939871144194,0.22136296891862833,0.8328894413628467,-0.5402699378824909,-0.03159169302903511,1.0,0.7481007301984753
15.159999999999997,0.02216021148270937,-0.5994639277128146,1.748,-0.2528336468549054,0.3197121105236572,0.9594301493029621,0.1160790986163126,0.2418190693658784,0.8465092075896887,-0.4796030974576768,-0.021686981660820313,1.0,0.7652402352124297
15.200000000000003,0.06801761611099576,-0.5964513974817593,1.748,-0.04448893732145445,0.25459607068290313,0.8584518143930566,0.1681478568212658,0.2631703180245031,0.8654337403144311,-0.41930652518947437,-0.011678776993214436,1.0,0.7612120836976253
15.240000000000002,0.11387502073927401,-0.5934388672507046,1.748,0.16308777804021668,0.1776046540981996,0.7726124560834362,0.27437728586488486,0.29411407048893407,0.9019485541873854,-0.3593802210778831,-0.001567079026217378,1.0,0.7578144480039083
15.280000000000001,0.151,-0.591,1.748,0.3704378273505697,0.09845861499594433,0.7235372429007813,0.39012687757456854,0.32316438518851515,0.9449223178259991,-0.2998241851229034,0.008648112240170772,1.0,0.7502135058801129
15.32,0.151,-0.591,1.748,0.5312844036996469,0.05212420648480868,0.7471445460310279,0.49396737341461666,0.3513326638335608,1.0028048008234582,-0.24063841732453511,0.01896679680595,1.0,0.7248725012925914
15.36,0.21235849502300153,-0.584820007695525,1.7466757159347555,0.6743641496656133,0.034621901280354486,0.7727596673723532,0.5794367257389644,0.3816977292077932,1.033877634545923,-0.18182291768277833,0.02938897467112032,1.0,0.729816182434039
15.399999999999999,0.308588817584201,-0.5756626749939423,1.7451337325006058,0.7720562392396109,0.041463537850457935,0.7717815840738788,0.6481286275939193,0.40182522940349386,1.0347801147223148,-0.12337768619763309,0.03991464583568172,1.0,0.7520176183503144
15.439999999999998,0.3997315651161103,-0.5691056427974021,1.74578943572026,0.8376756455373614,0.06810184938061252,0.7731936404703609,0.70018493153959,0.4152602088797067,1.0291979184506745,-0.06530272286909941,0.050543810299634215,1.0,0.7747401717513861
15.479999999999997,0.429,-0.567,1.746,0.882127259026271,0.10539954816221109,0.8108301087412867,0.7376747996298914,0.4240803421633999,1.038036789593353,-0.007598027697177524,0.06127646806297774,1.0,0.7650811447884173
15.520000000000003,0.429,-0.567,1.746,0.9271046175100127,0.13881718137160268,0.8638785235808041,0.7631904785592227,0.42927443108484364,1.0508311082153359,0.04973639931813284,0.07211261912571235,1.0,0.7431728054281201
15.560000000000002,0.45032455123675585,-0.5648675448763244,1.745671929980973,0.9598436762571128,0.1768590055146098,0.8998711098353727,0.7835471570770172,0.4338981843867373,1.0528866448926728,0.10670055817683172,0.08305226348783804,1.0,0.7334013407930884
15.600000000000001,0.5662863961421518,-0.5535069355994033,1.7440547849333996,0.9844214574166021,0.21657936770318997,0.8762818290945226,0.799837233882243,0.4380187756600519,1.0186605076754802,0.16329444887891942,0.0940954011493549,1.0,0.7627524474699927
15.64,0.6536270279749032,-0.5475966672798938,1.7447114814133453,0.9692797856375357,0.26877950124451355,0.8752752206903929,0.8129121576295761,0.44165836071591136,1.0019966381900127,0.2195180714243955,0.10524203211026284,1.0,0.7839955060960502
15.68,0.7232238074688793,-0.5431076480321891,1.7445269120080473,0.9670834890779996,0.3073675937118108,0.884746111115509,0.8174938736953368,0.44244380556110197,0.9900497528236597,0.27537142581326013,0.11649215637056187,1.0,0.7972726370086696
15.719999999999999,0.7789158107883801,-0.5397323751037346,1.7436830937759338,0.966756929945886,0.3416756751488733,0.901201662834933,0.8178843287836558,0.4401587078773086,0.9806656310386889,0.33085451204551325,0.12784577393025198,1.0,0.8040021843868262
15.759999999999998,0.8368834989786499,-0.5364274000453934,1.743,0.9663540300171444,0.3737966415738141,0.9193858952306123,0.8150357481315882,0.4334422153432205,0.970115660666878,0.3859673301211549,0.13930288478933317,1.0,0.8123649482713675
15.799999999999997,0.9045230579479842,-0.5334211974245341,1.743,0.9435388550310349,0.4025348955672273,0.9367689365208629,0.8098213289935888,0.4194225331220477,0.9575382980898878,0.4407098800401851,0.15086348894780546,1.0,0.8266608712190403
15.840000000000003,0.959,-0.531,1.743,0.9246900429703867,0.4274499635895477,0.9590638695395522,0.8067772787110119,0.41119156016756647,0.9544090804930652,0.49508216180260334,0.16252758640566878,1.0,0.834386165814977
15.880000000000003,0.959,-0.531,1.743,0.9081292394543452,0.449151605174934,0.9814708367575131,0.8127259043069115,0.40526015593801556,0.9476176394875245,0.54908417540841,0.1742951771629232,1.0,0.8157648375481027
15.920000000000002,0.9686268719711152,-0.5307126306874295,1.7428563153437149,0.8937026578744572,0.46954090373597174,1.0030557167897045,0.8335127068227196,0.39950554504675456,0.9399796232312599,0.6027159208576056,0.18616626121956878,1.0,0.8048640691486972
15.96,1.0373651407238464,-0.5286607420679449,1.7418303710339726,0.9277068777467449,0.4835405492868172,1.0181239555473605,0.8781108847022907,0.3922899644261146,0.9346187039926424,0.6559773981501896,0.19814083857560544,1.0,0.8207905626963514
16.0,1.093,-0.527,1.741,0.9893442809948009,0.49332715226545687,1.0255788637314156,0.9214505972176867,0.38860854356928987,0.9315407681105774,0.7088686072861622,0.2102189092310332,1.0,0.8312933579646039
16.04,1.093,-0.527,1.741,1.0546443777318357,0.5064391981388814,1.034150728863792,0.9655409587996188,0.38544432653552696,0.9213036720922108,0.7613895482655232,0.22240047318585204,1.0,0.8194916478590387
16.08,1.185835175254219,-0.5242288007386801,1.7396144003693401,1.1211524099232968,0.5207826952964599,1.0470114072809602,1.0089057421197722,0.3828731176697261,0.9241958205323628,0.8135402210882727,0.234685530440062,1.0,0.8453132525672962
16.119999999999997,1.3168287727928907,-0.5174292233926889,1.739,1.1880367064593464,0.5358930221084833,1.0611668809466757,1.050858071995839,0.3808819581335026,0.9368582563747074,0.8653206257544108,0.247074080993663,1.0,0.8878766295267448
16.159999999999997,1.356,-0.515,1.739,1.2411772178605018,0.5065900083933668,1.0280225758938437,1.0909243936384794,0.37945653170195104,0.9329081220528692,0.916730762263937,0.25956612484665503,1.0,0.8904550213128039
16.200000000000003,1.356,-0.515,1.739,1.3002733835456248,0.5245668434231019,1.0410594016318784,1.127060171726922,0.3797184829445426,0.9235445894445434,0.9677706306168515,0.27216166199903813,1.0,0.8776932980106007
16.240000000000002,1.4026563495498312,-0.5124484808839936,1.7393645027308582,1.3518584951277715,0.5465491693929936,1.060215282528065,1.1612321610275844,0.3745922030758325,0.9193077905704604,1.017863981790189,0.28521409077701937,1.0,0.885624494080269
16.28,1.484,-0.508,1.74,1.404583560340154,0.5681951849304805,1.0791214236385993,1.1939225989384168,0.3747806149343582,0.9292182266349096,1.0673810839405609,0.29861991788120745,1.0,0.9078584763834218
16.32,1.484,-0.508,1.74,1.458620395465102,0.5870967242282191,1.0953907794671836,1.2243196308800632,0.3717141850694592,0.9172409397310444,1.1163219370679671,0.3123791433116024,1.0,0.8990045031823425
16.36,1.51019506688756,-0.5059373963080661,1.7395874792616133,1.5114305702751498,0.6071347549460517,1.1130728369545684,1.2527333448959106,0.36921351472178404,0.9122366224655103,1.1646865411724072,0.32649176706820415,1.0,0.9012848902434654
16.4,1.6251536285696682,-0.49560107990344604,1.7377601079903446,1.449110385279671,0.6476766802779075,1.1567520306588417,1.2776933030692577,0.36726364587264365,0.9301957927154357,1.2124748962538818,0.34095778915101277,1.0,0.9328099900298236
16.439999999999998,1.6967989790135345,-0.4834578001671975,1.7365457800167197,1.4338007245064794,0.6889659404158984,1.2015596153985104,1.2837388350199,0.3700450459681885,0.9482013451357504,1.2596870023123907,0.35577720956002823,1.0,0.9462464170222458
16.479999999999997,1.729,-0.478,1.736,1.429206383273744,0.7173182865038289,1.2323400580522648,1.283652693795583,0.3736900947165837,0.9610984551969034,1.3063228593479335,0.3709500282952504,1.0,0.9483523162687555
16.520000000000003,1.729,-0.478,1.736,1.4581888895307102,0.7372451944707965,1.2450540310516545,1.2799320557808012,0.37522779439214626,0.9641886162201585,1.3523824673605107,0.38647624535667946,1.0,0.9429527796647289
16.560000000000002,1.8047671272113637,-0.4559586539021488,1.736,1.484782881314464,0.759240263279953,1.2566217911299964,1.2749538260118276,0.3768728413847794,0.9870716456619606,1.397865826350122,0.40235586074431545,1.0,0.9498802422912934
16.6,1.8650216047301926,-0.4344348423421366,1.7365256889844483,1.518300803534197,0.7831987741460491,1.2660359149661162,1.2698644712610478,0.3824379828832767,1.0106894805581772,1.4427729363167678,0.41858887445815834,1.0,0.9518105900864416
16.64,1.9028518477082446,-0.41762140101855794,1.7372899363173382,1.4776885121427197,0.8168155826990517,1.3056027453551993,1.264275583674054,0.3894952740857627,1.0291826719389117,1.487103797260448,0.43517528649820814,1.0,0.9487405502510748
16.68,1.9400690862973935,-0.4007008062783808,1.738024059142993,1.4913615980375459,0.8423040378837499,1.3215140758353594,1.2563078996015058,0.39652633278163457,1.050285899974662,1.5308584091811621,0.4521150968644647,1.0,0.9459113821702706
16.72,1.9692530500510717,-0.3823759918283969,1.7383634075587335,1.5156779227854578,0.865025034851437,1.3273054348701814,1.2489505921195891,0.40396614784813667,1.0663815412567887,1.574036772078911,0.4694083055569282,1.0,0.9390060679497125
16.759999999999998,1.9984370138047498,-0.3640511773784129,1.7387027559744739,1.5435930077536346,0.8854337213460266,1.3296975528220882,1.2429734206280654,0.41198060800696673,1.0830284264708139,1.616638885953694,0.48705491257559846,1.0,0.9328190536151032
16.799999999999997,2.028936375062247,-0.34442112807987113,1.7390617046882781,1.452369895874543,0.9170795437626931,1.387015807401684,1.2394722971009648,0.42085519238764485,1.0995005125326487,1.658664750805511,0.5050549179204756,1.0,0.926666406242346
16.840000000000003,2.0687220375157143,-0.3155765228011073,1.7395590254689464,1.4063186032364756,0.9405430346179611,1.4200755797758111,1.2361151829724037,0.4300221273619794,1.1176544731523792,1.7001143666343619,0.5234083215915596,1.0,0.9163881187319938
16.880000000000003,2.1070371611981558,-0.28718615947817916,1.739955335864733,1.4094231434218147,0.9645884234697839,1.4330404475494039,1.2348254108529049,0.4394846930740738,1.1352549781389838,1.740987733440247,0.5421151235888503,1.0,0.9064947885445971
16.92,2.133843619274981,-0.2623507644952385,1.7395611232459562,1.4349793161101687,0.9868392459331161,1.4313933758376944,1.2345053507189758,0.44906939982197414,1.1467030877635425,1.7812848512231667,0.5611753239123481,1.0,0.8958196823123016
16.96,2.160650077351806,-0.23751536951229776,1.7391669106271794,1.3782282158261678,1.0054356690498467,1.4687107454008628,1.2365631645588113,0.4584654356785033,1.1568603647758544,1.8210057199831202,0.5805889225620529,1.0,0.8858063683463004
17.0,2.172,-0.227,1.739,1.3473301508432665,1.0233105527158983,1.497783975859311,1.2396469278371258,0.46748885946481655,1.1625820517676555,1.8601503397201085,0.6003559195379643,1.0,0.8841764689309449
17.04,2.1823391756003465,-0.21757310459968426,1.7391520467000052,1.3244650554883894,1.0416978042116316,1.5237162556514063,1.24541924722622,0.47666261235153284,1.1660969869077566,1.898718710434131,0.6204763148400827,1.0,0.8847414298451446
17.08,2.2271555727703753,-0.17671109541524604,1.7398111113642702,1.306261503137596,1.060276964181649,1.5421366175115983,1.2544996057749165,0.4861427580599813,1.1770449699135668,1.9367108321251878,0.6409501084684079,1.0,0.8677142338955357
17.119999999999997,2.24,-0.165,1.74,1.2912227571629242,1.0791054233598814,1.5646010868457791,1.267449812884926,0.4960222071047766,1.1759269640344319,1.974126704793279,0.66177730042294,1.0,0.8684752809370713
17.159999999999997,2.283039954388385,-0.11918327436075182,1.74,1.2784490780866968,1.0982779162587177,1.5784215468033784,1.2848995288038174,0.5063967560323092,1.177979067561357,2.010966328438404,0.6829578907036788,1.0,0.8470268629910698
17.200000000000003,2.302,-0.099,1.74,1.2673512182047757,1.1178542985285222,1.5972578018334058,1.3075920066763846,0.5173843872673521,1.1699474219181172,2.0472297030605624,0.7044918793106245,1.0,0.8429158346600972
17.240000000000002,2.311662799016538,-0.09061610085329794,1.7401420999855373,1.2575270921350936,1.13786030203561,1.618751482154476,1.3364184251422553,0.52913660424508,1.1555063843398699,2.0829168286597564,0.726379266243777,1.0,0.8484139018265494
17.28,2.357495557376787,-0.0508494428642583,1.740816111137894,1.2486937379805954,1.1582982712609193,1.6405729698097695,1.3724501247300442,0.5418532463278412,1.1496134055210714,2.1180277052359844,0.7486200515031365,1.0,0.8345635533816387
17.32,2.37,-0.04,1.741,1.240646630356319,1.1791562088398597,1.661860672583089,1.4169694896082445,0.555808852705175,1.1239463255420283,2.152562332789246,0.7712142350887028,1.0,0.8398497927204625
17.36,2.3844221383202693,-0.02776303415249868,1.7403444482581696,1.2332343261813032,1.200414005582522,1.683345543775721,1.4714938679106808,0.571404394070365,1.091988843329566,2.1865207113195426,0.794161817000476,1.0,0.8454143574317646
17.4,2.450715882299571,0.027303503795322735,1.7373601790304534,1.2503181027962413,1.221881130385626,1.6935083510235922,1.5377726394840703,0.5892752010960186,1.0720436339858128,2.2199028408268733,0.8174627972384559,1.0,0.8231806418571982
17.439999999999998,2.505,0.069,1.735,1.2787510471355166,1.2425281675882833,1.6973081200902669,1.6063824611234923,0.6087625224228331,1.0482638321475806,2.25169376975319,0.8417773155485403,1.0,0.8132335615973175
17.479999999999997,2.505,0.069,1.735,1.352666712447974,1.260424198171989,1.6575173077799903,1.6761392798368246,0.6292500501188739,1.0004450070281816,2.282469747121459,0.8667519736045218,1.0,0.8282076580399972
17.520000000000003,2.505,0.069,1.735,1.4058346279902094,1.279096171189669,1.634777433950358,1.7511529899874876,0.651067712851767,0.9524117475384751,2.31223077293168,0.892386771406401,1.0,0.8456510806660004
17.560000000000002,2.550487041299443,0.10634010852939352,1.7309265336149753,1.5313692875399976,1.2795150786246121,1.5540078849496273,1.8324414434080365,0.6746763258366326,0.9157486208312456,2.3409768471838523,0.9186817089541776,1.0,0.8389239519879332
17.6,2.615613525313946,0.16166622640749861,1.7237135120831582,1.6382430884925065,1.2799997210852334,1.4852349228625907,1.9087994359089828,0.6992898141086601,0.8880457640426171,2.368707969877977,0.9456367862478517,1.0,0.8219319874548873
17.64,2.638,0.181,1.721,1.7305308747848553,1.281658751364105,1.426516701680401,1.9815380070204134,0.7244222019885537,0.8522030496547283,2.395424141014054,0.9732520032874235,1.0,0.8285567476496133
17.68,2.638,0.181,1.721,1.8884228544895256,1.242509062492766,1.2994873553928494,2.05197388478194,0.7503136395920587,0.8170340433195713,2.4211253605920824,1.0015273600728927,1.0,0.8487047530481402
17.72,2.6408737322111695,0.183649221882172,1.7205509793420048,1.9788070859024398,1.2252891492560036,1.2342390297077184,2.107752754352103,0.7761720682769893,0.7970579028735763,2.4458116286120637,1.0304628566042593,1.0,0.8689893878591043
17.759999999999998,2.6751042162713574,0.21520544937515781,1.7152024662076004,2.0133231775446463,1.2557755472582213,1.2331829839186774,2.159181041076232,0.7998159371689072,0.7797090131208345,2.4694829450739966,1.0600584928815233,1.0,0.8695152513273056
17.799999999999997,2.711524725415887,0.24880315530862318,1.7086909756567545,2.0496549429232664,1.2810082168835564,1.2261806139870834,2.2095871000445717,0.8245383600902969,0.7638143791448226,2.4921393099778806,1.0903142689046845,1.0,0.8696383816349127
17.840000000000003,2.755975888624835,0.28988680615325674,1.6979149360909491,2.171479889886244,1.2255116898746048,1.1031905980291934,2.2604579084713383,0.8503457486762511,0.7480991210457303,2.513780723323717,1.1212301846737434,1.0,0.8659043313814136
17.880000000000003,2.768,0.301,1.695,2.2688538236495908,1.2114741199038286,1.0383207733546918,2.300812844899598,0.8792902165608083,0.743426803700777,2.5344071851115055,1.1528062401886996,1.0,0.8832550447022304
17.92,2.768,0.301,1.695,2.3516214047681676,1.2119185774575554,1.0015706611740034,2.331830636333818,0.9091998028096362,0.7484321705663395,2.5540186953412465,1.1850424354495537,1.0,0.9095707924175229
17.96,2.7923307059895053,0.3270381239536809,1.6847554922149452,2.423506139018686,1.2202645891981017,0.9663772966156928,2.3538586821880165,0.9391443348060285,0.7529486895005476,2.5726152540129394,1.2179387704563052,1.0,0.9175940506433443
18.0,2.8303268772374772,0.36871186531922084,1.6685496364707606,2.453278079499038,1.2544452735676084,0.9626471141406425,2.366913759593203,0.9686200247898638,0.7580511311278681,2.590196861126584,1.251495245208954,1.0,0.9148600551160592
18.04,2.855415353465266,0.4003233453662352,1.6570089374059775,2.4937294776227446,1.2848981873767407,0.9556617204334821,2.379607843003402,0.9980847529663419,0.7640101356840616,2.606763516682181,1.2857118597075,1.0,0.9196415373736846
18.08,2.875,0.425,1.648,2.4934037933112867,1.3298999469350319,0.9820690296115842,2.3818568071166717,1.0252389852032802,0.7768378518359074,2.62231522067973,1.3205886139519438,1.0,0.9305528266253869
18.119999999999997,2.875,0.425,1.648,2.467345947980057,1.39325069653753,1.0505671027943386,2.3913615772973356,1.052239405908218,0.792045072100329,2.636851973119231,1.3561255079422847,1.0,0.9610979108540301
18.159999999999997,2.9125789604828674,0.47997662737308394,1.6229473596780883,2.4473471752197273,1.421459821057624,1.050157711017526,2.402404651336898,1.0749483953341374,0.7837532968882931,2.6503737740006836,1.3923225416785232,1.0,0.9492768969947518
18.200000000000003,2.929,0.504,1.612,2.4347355031079743,1.4636022273502802,1.0794136499153353,2.415909277370376,1.1022792513799298,0.7881625164141712,2.6628806233240887,1.4291797151606593,1.0,0.9626925926728294
18.240000000000002,2.9375545096331095,0.5180538372543947,1.6060933147771386,2.425068043355192,1.5078678613939964,1.1146184012932225,2.4321527380146795,1.1312540467587764,0.7946354180951573,2.6743725210894453,1.4666970283886926,1.0,0.9844738001487199
18.28,2.971,0.573,1.583,2.416553800332596,1.5518579417352671,1.1249770923995877,2.4510115126209686,1.1597792367140887,0.784026721257319,2.6848494672967544,1.5048744813626238,1.0,0.9748190480192774
18.32,2.971,0.573,1.583,2.420679859778412,1.5938252943367757,1.1597139898661537,2.471828675643733,1.1855296041452594,0.7901674044238588,2.694311461946015,1.5437120740824526,1.0,1.0093752908903153
18.36,2.980226283569533,0.5885169314578506,1.577338416900514,2.423200497032792,1.6357754978390153,1.1861822084846863,2.4930599365492907,1.2117045604275738,0.7910081355902431,2.7027585050372283,1.5832098065481781,1.0,1.0326675572899122
18.4,3.018304448465993,0.6529794781765585,1.55403306638929,2.424373191344525,1.677581896853435,1.1842991406500272,2.5145901284771224,1.2382990395131033,0.772222186320139,2.710190596570393,1.6233676787598015,1.0,1.018129365827903
18.439999999999998,3.034886899628882,0.6829858183760718,1.5441625597447133,2.424442343190271,1.7191459124589739,1.2026097858638192,2.5362031326541525,1.2653626365958583,0.7667126305493529,2.7166077365455097,1.6641856907173225,1.0,1.0315303268132927
18.479999999999997,3.0514693507917707,0.7129921585755848,1.5342920531001365,2.4687334749977654,1.75558524052204,1.194395845379585,2.557455651656886,1.2930211718690985,0.7618944751047743,2.7220099249625784,1.7056638424207407,1.0,1.0459161463404598
18.520000000000003,3.0737829353540618,0.7611017991821944,1.519660178814823,2.491635544053476,1.7959755730644322,1.187374967340706,2.573647945298165,1.3217260096046797,0.7512885687870188,2.726397161821599,1.747802133870056,1.0,1.0460661671834557
18.560000000000002,3.094,0.807,1.506,2.478111457043061,1.8360916941973158,1.1993116410722957,2.588082261120378,1.351737364091164,0.7434322795991969,2.7297694471225715,1.7906005650652692,1.0,1.0488727126044008
18.6,3.094,0.807,1.506,2.4678966023805518,1.8780835125402966,1.2406552121142589,2.6026878986761783,1.3836096671452907,0.7575396287671239,2.7321267808654954,1.8340591360063798,1.0,1.0889456807301918
18.64,3.099254790814697,0.8202120454769528,1.5032975361524414,2.459148999111088,1.9201793851550872,1.272660038239237,2.616867877027793,1.4166326350893177,0.7670819084728924,2.7328014099115028,1.8785159946269576,1.0,1.1199532709724445
18.68,3.122411383434748,0.8784343354930807,1.4913884313764154,2.499344861070261,1.9669612565922265,1.2542339292368714,2.6297851741339864,1.4505224298296966,0.7549605087497878,2.73280828581864,1.9233110011811048,1.0,1.1151492367263627
18.72,3.141467515186406,0.9302652572415477,1.4812319203273798,2.440693214202921,1.9954922360291039,1.275065934473883,2.636768916507302,1.4855305915908676,0.7503600915818439,2.7321474085869077,1.9684441556688217,1.0,1.1159562602567776
18.759999999999998,3.1588930093566656,0.9795545121802818,1.471772366349239,2.487713891399839,1.8133059925836306,1.0703377688636795,2.6483580598079435,1.5246479039371528,0.7468418443336755,2.7308187782163063,2.0139154580901084,1.0,1.119441876021208
18.799999999999997,3.164,0.994,1.469,2.4869219737378074,1.9074328053980305,1.137011056949062,2.655213068599657,1.5439607157729458,0.7492135412933141,2.728822394706835,2.059724908444965,1.0,1.1511512188364843
18.840000000000003,3.1677991943611485,1.0051922212260858,1.4678705097845235,2.4758250181016868,1.957499816336674,1.1771652459681574,2.658722981684226,1.5756896758539316,0.7646083546825331,2.726158258058494,2.1058725067333905,1.0,1.1859779962219903
18.880000000000003,3.191787392339322,1.075860155810435,1.46073888335858,2.460436307317332,2.0893597059872944,1.2498222864757766,2.6574552718359152,1.6067426013178805,0.7532243928270201,2.7228263682712828,2.152358252955386,1.0,1.1742114780786486
18.92,3.212093654966422,1.141501508412876,1.4566948641215973,2.4581343136337126,2.1104986069660616,1.227766291029097,2.6569348881041606,1.652894761784812,0.7548008452687105,2.718826725345203,2.1991821471109514,1.0,1.167047812788625
18.96,3.2301042241496356,1.2040087779310882,1.4545759736294546,2.448558709175757,2.1498176700178258,1.2269343308939265,2.65659109176774,1.7021886382106743,0.7596713014210037,2.714159329280253,2.2463441892000864,1.0,1.163040087067978
19.0,3.235,1.221,1.454,2.437650848145372,2.1943479715779644,1.258241607855277,2.656454173667319,1.7527981891098219,0.785827326521196,2.7088241800764328,2.2938443792227914,1.0,1.1949293098347595
19.04,3.239656888436993,1.2349706653109793,1.4534585013445356,2.4244570224975392,2.247144568721673,1.2996333452837163,2.656101171720163,1.8042729044424783,0.815255980654562,2.7028212777337433,2.341682717179066,1.0,1.2300422914148934
19.08,3.278,1.35,1.449,2.410762124890902,2.3016128925811987,1.2875048075057813,2.655616554710689,1.8562373080566437,0.8022701322114826,2.6961506222521843,2.3898592030689096,1.0,1.1915770476946206
19.119999999999997,3.2811999058921195,1.3593330588520158,1.4488000058817425,2.403531295027385,2.3466220873934667,1.3210003089990383,2.6551498432647653,1.9085252395548633,0.8327969333882439,2.6888122136317563,2.4383738368923233,1.0,1.2309557988065174
19.159999999999997,3.316027880842816,1.4609146524582137,1.446623257447324,2.395671687493667,2.3923724013198906,1.3094537260058483,2.655429917866406,1.9608166604296393,0.8284272365527621,2.6808060518724584,2.4872266186493066,1.0,1.206989239366894
19.200000000000003,3.326,1.49,1.446,2.3880520804677454,2.4376011887168363,1.3333020335289547,2.6564369402825223,2.0130306972921455,0.8496327449246166,2.67213213697429,2.5364175483398594,1.0,1.2339095865465228
19.240000000000002,3.335121867276291,1.5195953916075207,1.4457972918383046,2.3808263738112725,2.4821229228292667,1.3554110583905798,2.658191268715349,2.065123049166399,0.8693879803803086,2.662790468937253,2.585946625963982,1.0,1.2606087673049378
19.28,3.371,1.636,1.445,2.3740412406931544,2.5258988758588896,1.3363557823474856,2.6607220507311764,2.1170618819086267,0.8578550573628363,2.652781047761346,2.6358138515216747,1.0,1.231042729172873
19.32,3.371,1.636,1.445,2.3624231096830797,2.5755837420559056,1.378421180922989,2.6640563738466287,2.1687989109707924,0.8852366746190196,2.642103873446569,2.6860192250129367,1.0,1.2782135722176338
19.36,3.3778575539613027,1.6654689481039764,1.4446293214074972,2.358758530792734,2.6153053314020687,1.3931087445206605,2.6677566311620393,2.2208328634548495,0.9014834435718813,2.630758945992923,2.736562746437768,1.0,1.3059089764824348
19.4,3.408437877561838,1.7983362099949582,1.4428957434376577,2.354031935150149,2.6560062374448363,1.3591798142184708,2.6724568737797414,2.2724003243992175,0.8754454994424251,2.6187462654004063,2.78744441579617,1.0,1.2656807990569399
19.439999999999998,3.415512166832988,1.852235556822765,1.4412113888492886,2.341909005297085,2.705775617420647,1.3715518158295452,2.67812076182797,2.3235706697379115,0.8751587700766121,2.6066902821567655,2.836902900938862,1.0,1.2742694454862538
19.479999999999997,3.4225864561041375,1.9061349036505717,1.4395270342609197,2.3258020393876344,2.761188848228134,1.3907024501631573,2.68441139416665,2.3747840242057174,0.8743765894987842,2.594590996261999,2.884938201865843,1.0,1.282042268459308
19.520000000000003,3.429,1.9656206273089065,1.4374755245773378,2.3217189212069362,2.8003605607873636,1.3866730487020902,2.690432944134832,2.425939948290105,0.8702730452438094,2.582448407716108,2.931550318577115,1.0,1.2843947083633946
19.560000000000002,3.429,2.079330677555535,1.4318602134540477,2.307457090568134,2.8523338281515045,1.3621278825896597,2.696528386273318,2.4767160531867525,0.8333245476289135,2.5702625165190915,2.9767392510726767,1.0,1.2420838189740635
19.6,3.429,2.117,1.43,2.291649664655704,2.906332724789849,1.3844175438544362,2.7017715941701193,2.527731401149006,0.8352014356642925,2.55803332267095,3.020504999352528,1.0,1.254951886277963
19.64,3.4267251635064047,2.139464010374254,1.428009518068104,2.275355573559021,2.9608844024467453,1.4143491058321251,2.705021615786003,2.579771242376412,0.8454149687257826,2.5457608261716835,3.06284756341667,1.0,1.2762191620896624
19.68,3.416364980258816,2.2417708199441915,1.418944357726464,2.3936605870820595,2.8187466367025964,1.174233949835835,2.703744628789064,2.635206520424988,0.8140143830066446,2.533445027021292,3.103766943265102,1.0,1.233930695154809
19.72,3.4036402610946883,2.3266518924774595,1.4108001450526046,2.5459186046128166,2.7077109455404518,0.9385587045674183,2.7053105501559984,2.6781956678713055,0.7818231329385649,2.5210859252197757,3.143263138897824,1.0,1.2023959761874743
19.759999999999998,3.389778102932267,2.4031504690034176,1.4030989460734815,2.5754414669027135,2.772895379531198,0.894346384596665,2.6985224890069506,2.7228105870013803,0.7615884156299499,2.508683520767134,3.181336150314836,1.0,1.1755426905556714
19.799999999999997,3.3688456962588744,2.483087046219433,1.3938523734411976,2.570562906331976,2.8176033511733913,0.8655383128282205,2.686373982130316,2.7704632024432714,0.7405084035657941,2.496237813663367,3.2179859775161384,1.0,1.1408422134497191
19.840000000000003,3.35,2.548,1.386,2.553415484055082,2.8702643538243375,0.8593027433850176,2.6663701701096216,2.8166201640818773,0.7345110869601101,2.483748803908475,3.2532126205017304,1.0,1.117012074619122
19.880000000000003,3.35,2.548,1.386,2.5328049715553576,2.8921925757534135,0.8867221908345417,2.643622454882097,2.8490538996511896,0.7678559023293262,2.4718842446413283,3.2866779313380428,1.0,1.1474895930050872
19.92,3.35,2.548,1.386,2.431099191308708,2.9551222038299283,1.0050508370549462,2.6189558167894966,2.888196119838366,0.8063243750247118,2.4606441358619255,3.3183819100250758,1.0,1.1766231938775749
19.96,3.3311448209951062,2.5915464848446352,1.382408537332401,2.3743310367418946,3.028459038882721,1.0518484670393518,2.5927136548972083,2.9280547116706566,0.8114914502237804,2.4500284775702674,3.3483245565628286,1.0,1.161498626983203
20.0,3.308,2.645,1.378,2.5554695802189844,2.9704247522785097,0.8198800534781417,2.5554695802189844,2.9704247522785097,0.8198800534781417,2.440037269766354,3.376505870951302,1.0,1.135103581313559
