time_s,rtk_x_m,rtk_y_m,rtk_z_m,ekf_x_m,ekf_y_m,ekf_error_m,ekf_rts_x_m,ekf_rts_y_m,ekf_rts_error_m,jointopt_x_m,jointopt_y_m,jointopt_z_m,jointopt_error_m
0.0,-4.475866315611466,0.15483617215170845,1.684,-6.628254740092763,0.3565759906036717,2.1618221213111206,-6.24385011265057,2.3453406380464488,2.8149736271762142,-3.693303202590649,-0.14934659280193646,1.0,0.8396023942055406
0.03999999999999915,-4.514877232081622,0.17611485386270284,1.684,-6.63908651275872,0.40287593033974345,2.1362784588905397,-6.25367965092503,2.399099907218394,2.8222502368178644,-3.712380912713234,-0.14646663388426878,1.0,0.8649041327435424
0.0799999999999983,-4.553888148551778,0.1973935355736972,1.684,-6.581016249370269,0.5400551864992416,2.0558855377046172,-6.262803398424712,2.455991867190752,2.832253123368675,-3.7326509797184806,-0.14340667753424688,1.0,0.8891429990320733
0.11999999999999744,-4.555,0.198,1.684,-6.619841760801147,0.5742895184108074,2.0988485650027773,-6.269176148241172,2.5195506491441946,2.885826967047881,-3.7541134036063895,-0.14016672375187075,1.0,0.8693538251690249
0.1599999999999966,-4.604778735052166,0.2256000907219935,1.6849857175257854,-6.826590373635719,0.5797075202306052,2.2498531127561483,-6.276933545800156,2.5853914760561105,2.892182064359842,-3.776768184376959,-0.1367467725371404,1.0,0.903823390570964
0.20000000000000284,-4.655614817925998,0.2537864337015434,1.685992372632198,-6.803841900073426,0.7888676465368868,2.2138634783565574,-6.295262132585573,2.641410692220214,2.896410350129482,-3.800615322030191,-0.1331468238900559,1.0,0.9384782809487553
0.240000000000002,-4.704344243874256,0.282523103885811,1.6850331151225149,-6.73048697361553,0.9825585949035729,2.143666030417962,-6.310416824071509,2.69439313271854,2.8976863475612835,-3.8256548165660837,-0.12936687781061706,1.0,0.9704372554086365
0.28000000000000114,-4.75305758593757,0.311263975703166,1.6840588482812486,-6.6487307005698355,1.1718616939865256,2.0818753541588704,-6.3215285076219825,2.745792090513147,2.896036632014483,-3.851886667984638,-0.12540693429882402,1.0,1.0013942814926073
0.3200000000000003,-4.756,0.313,1.684,-6.578716693651661,1.343465447370517,2.093837430064942,-6.328773449769562,2.7958080056534724,2.939039284738641,-3.8793108762858544,-0.12126699335467672,1.0,0.9783514916204645
0.35999999999999943,-4.819192026745665,0.3497545461683972,1.684,-6.556103328049018,1.4640443503161156,2.063613974614164,-6.337620129513561,2.846752135311089,2.9224340648609552,-3.9079274414697327,-0.11694705497817524,1.0,1.0238229968558492
0.3999999999999986,-4.874784144032419,0.38299009002026185,1.6835669969993245,-6.556187362293456,1.5507978160204554,2.0471667414464108,-6.348864137954307,2.89802784731541,2.9151889731372416,-3.937736363536272,-0.11244711916931951,1.0,1.0599606460535769
0.4399999999999977,-4.919368332798155,0.41085520799884684,1.6826381597333717,-6.538591480199084,1.7604235128254446,2.107894259793766,-6.362908823311564,2.949312254204847,2.920200904592796,-3.968737642485473,-0.10776718592810956,1.0,1.0828979161707226
0.4799999999999969,-4.95,0.43,1.682,-6.509355657046212,1.8708512501058085,2.12312090802514,-6.37859751167462,2.9994260070044527,2.939870891014393,-4.000931278317336,-0.10290725525454539,1.0,1.0884491633417244
0.5200000000000031,-4.95,0.43,1.682,-6.437415239003268,2.064642079480992,2.2100811797825646,-6.40723732589596,3.042019248198902,2.991017415018837,-4.034317271031859,-0.09786732714862699,1.0,1.0569383970703203
0.5600000000000023,-5.011952122428051,0.47086203819722483,1.6826590651322133,-6.3563198153598055,2.1705653835334444,2.167098510900182,-6.429849388109858,3.086166878536724,2.974937321008824,-4.068895620629045,-0.09264740161035437,1.0,1.0985893019402788
0.6000000000000014,-5.063468749154689,0.505055514139027,1.6832290441077022,-6.29517977766792,2.2185398821789275,2.1102466057971094,-6.454090212290318,3.129517929538421,2.970123065392661,-4.104666327108893,-0.08724747863972748,1.0,1.126998189783619
0.6400000000000006,-5.102043738740445,0.5309234483318279,1.6836828675145934,-6.212154096058891,2.2340878544788514,2.033006148488447,-6.483031447270039,3.1737954520510785,2.9819288185925608,-4.141629390471401,-0.08166755823674636,1.0,1.139150324447898
0.6799999999999997,-5.136280352266294,0.5544346291565291,1.6838974598272352,-6.051964663682356,2.3508704101675115,2.016348004058339,-6.51408633902577,3.2113561142989844,2.9929218358256273,-4.178592453833909,-0.07608763783376528,1.0,1.1466143379421074
0.7199999999999989,-5.160451630307075,0.5724779775531692,1.6835570192914495,-5.963847817144171,2.4070310353103386,2.00275569023048,-6.5491019388973815,3.24202170167399,3.0091216948705837,-4.215555517196418,-0.07050771743078417,1.0,1.1429169998410316
0.759999999999998,-5.184622908347857,0.5905213259498092,1.683216578755664,-5.887954697699361,2.4678622913012602,2.0047654990295265,-6.584664959375682,3.2679939397686613,3.021419756074312,-4.252518580558928,-0.06492779702780307,1.0,1.1394876176137119
0.7999999999999972,-5.2,0.602,1.683,-5.82852709353815,2.5356212979882944,2.0332087033419493,-6.622865444655487,3.2901576824648937,3.0415025562030493,-4.289481643921437,-0.059347876624821945,1.0,1.1253553619511347
0.8400000000000034,-5.2,0.602,1.683,-5.779219421705452,2.595205062320951,2.0756593070498504,-6.664983699500359,3.3091959831336863,3.078162979911383,-4.326444707283946,-0.05376795622184087,1.0,1.0923051138942828
0.8800000000000026,-5.236083984835121,0.6308671878680966,1.683601399747252,-5.842919244300166,2.589413837208692,2.05040337733171,-6.711985122514772,3.325454499105629,3.072309383197988,-4.363407770646454,-0.0481880358188598,1.0,1.1057485119262909
0.9200000000000017,-5.273216700693259,0.6608136642035753,1.6843003795612104,-5.762234502331611,2.6074350114907063,2.0071056474518656,-6.761372211737361,3.3426209147746695,3.0670339017145904,-4.400370834008963,-0.04260811541587869,1.0,1.1210094143364093
0.9600000000000009,-5.299555405161434,0.6823635133139003,1.6848989864809416,-5.712908225164192,2.642430797634421,2.0031785524180945,-6.811673735310931,3.3519483273335924,3.06809141383021,-4.437333897371472,-0.037028195012897586,1.0,1.1229204595628954
1.0,-5.314325588482936,0.6932038989415831,1.685480259929439,-5.699873246727583,2.7091103184592282,2.0524438333436517,-6.865100222785973,3.354302625566312,3.0799916232420945,-4.474296960733981,-0.03144827460991648,1.0,1.1094002289844298
1.0399999999999991,-5.326747314148557,0.7018702191734119,1.686058014611561,-5.706277057998932,2.775623904093299,2.108197612223755,-6.922968879811041,3.349834104836943,3.091866107460719,-4.510706825220004,-0.025703724447491215,1.0,1.0932913257713264
1.0799999999999983,-5.339169039814179,0.7105365394052405,1.6866357692936829,-5.736384309853234,2.657914322748053,1.9874758367862906,-6.986215562249605,3.3376425523858315,3.1007173767541936,-4.546563490829543,-0.019794544525621804,1.0,1.077778756719979
1.1199999999999974,-5.355863659495855,0.7223636529713828,1.6872272733204066,-5.765678838769296,2.564594829708702,1.8872636778431067,-7.04783471500286,3.3252395582582537,3.1044692027778984,-4.581866957562595,-0.013720734844308243,1.0,1.0681250491349614
1.1599999999999966,-5.37984701197497,0.7395824701358762,1.6878422310762813,-5.79835570084722,2.5020683603564926,1.8114927645144843,-7.109254206916292,3.3121756968816394,3.0998524410386032,-4.616617225419163,-0.007482295403550547,1.0,1.068000688668552
1.2000000000000028,-5.386,0.744,1.688,-5.832543068660544,2.460584461469376,1.77371444306204,-7.171452367750215,3.2979670652027746,3.1161816262286965,-4.650814294399245,-0.0010792262033487024,1.0,1.0467287495045987
1.240000000000002,-5.393905874759902,0.7506307336695955,1.6882550282180613,-5.8667723177480315,2.4326711407921917,1.7472442886149022,-7.235215775506257,3.2821116738068143,3.1303063589470868,-4.684458164502842,0.005488472756297356,1.0,1.028860069488542
1.2800000000000011,-5.409346207023492,0.7635806897616386,1.6887531034523708,-5.900250399785731,2.4137504539174124,1.7216408385622908,-7.301121395575855,3.264326575996859,3.135688656666141,-4.717548835729953,0.01222080147538757,1.0,1.0213350501447498
1.3200000000000003,-5.426685786244161,0.7780714885368014,1.689,-5.965371555854608,2.3225925361388313,1.6357651496674182,-7.36924730793963,3.245133298482134,3.140054018589896,-4.750086308080578,0.019117759953921936,1.0,1.0167583862359275
1.3599999999999994,-5.445892233721037,0.7940768614341971,1.689,-6.042887356374159,2.2630439089784535,1.5856441477338181,-7.43712982368084,3.2285219557143394,3.145083473730638,-4.782070581554719,0.026179348191900455,1.0,1.0150496424946531
1.3999999999999986,-5.464077125448573,0.8082822086822233,1.6883675138722751,-6.101181425374998,2.258560813857921,1.5840485856232782,-7.504398346084345,3.213898155968662,3.154346012918601,-4.813501656152375,0.03340556618932313,1.0,1.0117718380796328
1.4399999999999977,-5.474,0.816,1.688,-6.1367437924954595,2.257741901520528,1.5867731548936956,-7.568614910822403,3.202992796660416,3.1757119258440705,-4.844379531873543,0.040796413946189956,1.0,0.998680396180112
1.4799999999999969,-5.474,0.816,1.688,-6.3226833560344815,2.1621615246007635,1.5913561163754022,-7.625491618769826,3.1997946502915458,3.211135799120834,-4.874704208718227,0.04835189146250091,1.0,0.9738783620089557
1.5200000000000031,-5.474122053270025,0.8161008266143686,1.688,-6.507289393343151,2.1520579036918313,1.6888505157020663,-7.679784884031814,3.2018149289590303,3.2490891494587064,-4.904475686686426,0.05607199873825601,1.0,0.9498109296931859
1.5600000000000023,-5.4888741862501105,0.8282873712500914,1.688,-6.698579505959414,2.189375429596657,1.8209743718972577,-7.727514214224486,3.2107636749210204,3.2692051805297577,-4.933693965778138,0.06395673577345526,1.0,0.9446832260241663
1.6000000000000014,-5.500670779065062,0.8398002495466198,1.6882823676203893,-6.900343734275207,2.2516214279474926,1.9880451255763616,-7.765746189387085,3.227526376313657,3.291170410490985,-4.962359045993365,0.07200610256809872,1.0,0.9377032441541027
1.6400000000000006,-5.508843011495631,0.8504870150327485,1.6889110008842794,-7.088369607104415,2.3486932774044464,2.1770453074856406,-7.800858348606839,3.249248617744286,3.317738918630613,-4.990470927332106,0.08022009912218635,1.0,0.9284507199557793
1.6799999999999997,-5.51,0.852,1.689,-7.264507254157237,2.4662816237785417,2.384156216727304,-7.835030254713285,3.2736916234174074,3.357135088771699,-5.018029609794364,0.08859872543571813,1.0,0.9081940160810661
1.7199999999999989,-5.51,0.852,1.689,-7.429725988819181,2.5988998463096147,2.5955744923204067,-7.870715525834002,3.299329278577492,3.400352686368921,-5.045035093380135,0.09714198150869408,1.0,0.8865680980435965
1.759999999999998,-5.517830789136832,0.861637894322255,1.688397631604859,-7.564121276008604,2.7303283829144753,2.771156599475559,-7.910395386903206,3.325203523729816,3.434169617954716,-5.071487378089421,0.10584986734111415,1.0,0.8777459668454671
1.7999999999999972,-5.523,0.868,1.688,-7.609715029903086,2.7624564428321228,2.8183940160686505,-7.939996363366687,3.3526156434323253,3.466292878006188,-5.0973864639222235,0.1147223829329784,1.0,0.8652017397502151
1.8400000000000034,-5.527296859574027,0.8732884425526491,1.688,-7.635652771420359,2.7693543326372922,2.8355300228634235,-7.966316471281837,3.3800569581120454,3.497528421170466,-5.122732350878539,0.12375952828428677,1.0,0.8517429395189207
1.8800000000000026,-5.535997589528988,0.8839970332664474,1.688,-7.795623403561559,2.908256088413383,3.0337326088148777,-7.96577335701465,3.403742544234584,3.500418220770857,-5.147525038958369,0.13296130339503928,1.0,0.8455563790134405
1.9200000000000017,-5.54212734426856,0.8910700126175699,1.688,-7.881835540432981,3.0298607961206105,3.1699622172506277,-8.001146896646818,3.4382216055544066,3.540446073078819,-5.171764528161714,0.14232770826523602,1.0,0.8353344562996529
1.9600000000000009,-5.5482563865416346,0.898141984471116,1.688,-7.977101064563167,3.215949680247583,3.357308294535093,-8.057040729969549,3.4809569151535826,3.6006849137331227,-5.195450818488573,0.1518587428948769,1.0,0.8254758903243526
2.0,-5.549,0.899,1.688,-8.022983642132507,3.2841998003566806,3.4365350498955736,-8.09600162710011,3.517314279372204,3.6527779776513913,-5.218583909938947,0.16155440728396192,1.0,0.8080846458060832
2.039999999999999,-5.549,0.899,1.688,-8.057624307249537,3.3100658108253014,3.4794301629798357,-8.131323543033274,3.5533917021140766,3.703267501701164,-5.241163802512835,0.17141470143249116,1.0,0.7900275255805509
2.0799999999999983,-5.555085916703753,0.9060222115812535,1.688,-8.092264972366566,3.3359318212939217,3.5130810226734046,-8.165466470689266,3.590848276599707,3.744646530185217,-5.263190496210238,0.18143962534046446,1.0,0.7811676265619796
2.1199999999999974,-5.562,0.914,1.688,-8.126905637483596,3.361797831762542,3.54548376873686,-8.1984254132127,3.6296814102970973,3.7849259545818046,-5.284663991031155,0.191629179007882,1.0,0.7737795971021684
2.1599999999999966,-5.562,0.914,1.688,-8.161546302600625,3.3876638422311625,3.588405465346191,-8.230195373748192,3.6698885106742507,3.8359077199220515,-5.305584286975587,0.20198336243474363,1.0,0.7567804900072094
2.200000000000003,-5.574713826770105,0.9276918134447278,1.6909339600238702,-8.196186967717662,3.4135298526997873,3.6126876679443085,-8.260771355440362,3.711466985199177,3.868372946627908,-5.325951384043533,0.21250217562104937,1.0,0.7572179151087587
2.240000000000002,-5.580576040933224,0.932956480829532,1.692239120207383,-8.161998943999532,3.345629161506848,3.5333742610374506,-8.290148361433811,3.7544142413398642,3.9118289909410553,-5.345765282234994,0.22318561856679936,1.0,0.747603350258425
2.280000000000001,-5.58590518791949,0.9376330182167062,1.6949051879194905,-8.175354255626024,3.333045183172091,3.5274985349766594,-8.30434216816981,3.787662077591749,3.93859940269059,-5.3655791804264545,0.23386906151254938,1.0,0.7374464430273642
2.3200000000000003,-5.59067952240602,0.9417253049194456,1.69967952240602,-8.190248271707949,3.3341329675119478,3.532898541761214,-8.317767911774784,3.8230711390373027,3.9672616373536855,-5.3853930786179145,0.2445525044582994,1.0,0.7267684897586055
2.3599999999999994,-5.591,0.942,1.7,-8.206730097153175,3.337381188225847,3.5468147651180244,-8.321947766204108,3.853054989180024,3.991530640213741,-5.405206976809377,0.25523594740404937,1.0,0.7114519740673471
2.3999999999999986,-5.591,0.942,1.7,-8.292048897472455,3.5331375351701446,3.7429478853845635,-8.300121501192521,3.8620071527852957,3.983187301714659,-5.425020875000838,0.26591939034979933,1.0,0.6961566351622847
2.4399999999999977,-5.593254264095222,0.9471526036462213,1.6996779622721112,-8.324196494763303,3.744894156504515,3.9096551336193697,-8.283222446229876,3.8684230307192253,3.97111441902498,-5.444834773192301,0.27660283329554936,1.0,0.6867789599261332
2.479999999999997,-5.597841945380892,0.9576387322991815,1.6990225792313012,-8.291348583238271,3.909896672231202,3.9963489527409166,-8.276984415148771,3.8938421288725915,3.974807512240456,-5.464648671383761,0.2872862762412993,1.0,0.6834565557377509
2.520000000000003,-5.598,0.958,1.699,-8.305575072304011,3.9613393100790626,4.043638186537991,-8.279357154488581,3.933673708057768,4.005534946390228,-5.484462569575223,0.29796971918704923,1.0,0.6697243609855353
2.5600000000000023,-5.5980063062116825,0.9580441434817768,1.6989957958588784,-8.327751711118509,3.994890342064581,4.083374194150808,-8.287083096283789,3.9594784509062233,4.029856310675229,-5.504276467766684,0.30865316213279914,1.0,0.6561203618790639
2.6000000000000014,-5.600976233101829,0.9788336317128011,1.6970158445987809,-8.349653120261276,4.017403767992682,4.09733243746422,-8.298841293897707,3.9756700039304937,4.032307543840134,-5.524090365958145,0.3193366050785491,1.0,0.6639636772488805
2.6400000000000006,-5.603326014026281,0.9906300701314023,1.6974652028052561,-8.373979368993453,4.038304187733261,4.1188393438553925,-8.307449809665199,3.9871164751251444,4.036237886628209,-5.543032918128444,0.3305409982072094,1.0,0.6628369635790448
2.6799999999999997,-5.605670792185757,1.0023539609287868,1.6979341584371515,-8.397126459227675,4.056858889779749,4.137901050222837,-8.314810529741175,3.996719761937699,4.038027323812158,-5.561104124277576,0.3422663415187799,1.0,0.661590396836901
2.719999999999999,-5.608387679746833,1.0142329132007102,1.698,-8.418367866768817,4.07326564944216,4.153753715960174,-8.321917366277484,4.004815618666455,4.038171402740843,-5.578303984405544,0.3545126350132605,1.0,0.6604058405080269
2.759999999999998,-5.611165344805974,1.0261371920256,1.698,-8.416870971303899,4.1053800395855715,4.165779708147246,-8.329968819251656,4.009520113109795,4.036392694780177,-5.594632498512347,0.36727987869065143,1.0,0.6590647118011366
2.799999999999997,-5.613,1.034,1.698,-8.44024789729005,4.132912891814568,4.1948291721815725,-8.339072943718264,4.019645155431592,4.04296310750233,-5.610089666597987,0.3805680725509526,1.0,0.6534384086126924
2.8400000000000034,-5.613,1.034,1.698,-8.476461998481529,4.142943193420556,4.226694026856431,-8.348317550709485,4.027927234467086,4.055312859509494,-5.624675488662461,0.39437721659416386,1.0,0.6397293350217234
2.8800000000000026,-5.614356690130693,1.0475669013069253,1.6975477699564359,-8.503799918707143,4.1552359159883405,4.243405339580142,-8.358548080480253,4.028883383648762,4.0520160852039755,-5.638389964705771,0.40870731082028544,1.0,0.6393114848362715
2.9200000000000017,-5.615693845269063,1.0737969513899743,1.6963876905381268,-8.524148889373151,4.163968046905514,4.243614985261296,-8.368268661507686,4.029621347405807,4.039005568091415,-5.6512330947279175,0.4235583552293174,1.0,0.6512090833127872
2.960000000000001,-5.615054856851222,1.0942445807608963,1.695109713702444,-8.53992842369053,4.170001449650696,4.244427605522102,-8.377876067456315,4.0312880088597804,4.032295269484644,-5.6632048787289,0.4389303498212596,1.0,0.6570807909829873
3.0,-5.613201287734853,1.1108393761874604,1.6954496780662867,-8.552874281457356,4.174505705261481,4.245907286543515,-8.387814289517088,4.034374044980247,4.0305746822621185,-5.6743053167087165,0.45482329459611204,1.0,0.6588556758982239
3.039999999999999,-5.611233655149767,1.127072345014425,1.6959415862125582,-8.571174743019387,4.1749551448286635,4.248628108585438,-8.398794460209523,4.0379615624315806,4.030356222219179,-5.68453440866737,0.4712371895538746,1.0,0.659918746213663
3.0799999999999983,-5.611,1.129,1.696,-8.571560255108821,4.2165717529635165,4.277618070121292,-8.405278848218321,4.042276273097533,4.036727997400043,-5.693892154604858,0.4881720346945475,1.0,0.6461668440987683
3.1199999999999974,-5.611,1.129,1.696,-8.570160783185601,4.258207192024634,4.306805102551347,-8.410489194173726,4.044975539391919,4.042283153692656,-5.702378554521182,0.5056278300181306,1.0,0.6300340487102942
3.1599999999999966,-5.605270852136156,1.150643447485632,1.6953634280151284,-8.5678851145989,4.29988215194052,4.323746949786072,-8.41498084435623,4.046694905702775,4.035044521318564,-5.709993608416342,0.5236045755246239,1.0,0.6357236841844519
3.200000000000003,-5.602,1.163,1.695,-8.565131891189779,4.341424542931003,4.345403684318876,-8.41905946938179,4.047842921598969,4.032138729797535,-5.716737316290339,0.5421022712140274,1.0,0.631410042176309
3.240000000000002,-5.601288144187024,1.1650762461211805,1.694881357364504,-8.641024993876384,4.250822101479671,4.331492537130994,-8.422881132811717,4.048713460767433,4.034445510742316,-5.72260967814317,0.5611209170863413,1.0,0.6160202545948089
3.280000000000001,-5.5941156095492905,1.185996138814569,1.6936859349248818,-8.639754825272114,4.21597178130709,4.296122743410237,-8.429396278667461,4.043122389080342,4.025169174411547,-5.727610693974837,0.5806605131415654,1.0,0.6198807605295639
3.3200000000000003,-5.585311982494744,1.2082550382927462,1.6927069989059216,-8.646159156979733,4.199712713834848,4.279907060919956,-8.434247637828964,4.040781141555,4.0174168932159215,-5.731740363785339,0.6007210593796999,1.0,0.6249310413007996
3.3599999999999994,-5.574312377674243,1.2323166738375926,1.6920195236046403,-8.652047112571589,4.189995582520302,4.268526165465098,-8.436884485953733,4.042774687378705,4.011607323876197,-5.734998687574676,0.6213025558007444,1.0,0.6317897930718456
3.3999999999999986,-5.574,1.233,1.692,-8.657419761433532,4.183830351464325,4.26788907872755,-8.437150007297857,4.04872375291102,4.015710175921195,-5.737385665342851,0.6424050024046993,1.0,0.6127783668049317
3.4399999999999977,-5.569084757767862,1.2433766224900697,1.6917269309871035,-8.662446647850224,4.179921899687546,4.265229882203857,-8.434943906154553,4.057113927114865,4.016250275795683,-5.73890129708986,0.6640283991915644,1.0,0.603723463902501
3.479999999999997,-5.5571269880061935,1.268620803098035,1.6910626104447886,-8.65104593244382,4.228704379767,4.28187216245597,-8.430750161414277,4.062512520407836,4.00793476379048,-5.739545582815706,0.6861727461613395,1.0,0.6103460352632833
3.520000000000003,-5.556,1.271,1.691,-8.664660536184485,4.244325099724048,4.301677867748796,-8.426541643808083,4.073976802358209,4.012067831355131,-5.739318522520385,0.7088380433140249,1.0,0.5912966651724505
3.5600000000000023,-5.550638571738972,1.281454785109004,1.691,-8.68037883139174,4.267342556779794,4.325598210410271,-8.42664967254114,4.0829029231460785,4.014916128893441,-5.738220116203902,0.7320242906496205,1.0,0.5805692930785532
3.6000000000000014,-5.538487332512493,1.3051497016006381,1.691,-8.703546368388984,4.294127126048236,4.353341790445683,-8.426188086940583,4.087728856449429,4.010182340009437,-5.736250363866253,0.7557314881681266,1.0,0.5839268702685302
3.6400000000000006,-5.526652351075981,1.32666320025586,1.6905935804815644,-8.694960855654418,4.334079124394767,4.36837833995046,-8.424613783868235,4.09256091458245,4.006041766141285,-5.733409265507439,0.779959635869543,1.0,0.5844939768534156
3.6799999999999997,-5.5148987692541995,1.3476152374164267,1.6900825551849652,-8.685746937289515,4.373878948855899,4.383212310156597,-8.422775648564071,4.096972503455074,4.001838742571273,-5.729696821127463,0.8047087337538695,1.0,0.5838541554255234
3.719999999999999,-5.504163097055406,1.3656148779468291,1.69,-8.728748852310547,4.365951262008297,4.404539897709795,-8.42100089677313,4.101034717465101,3.998807878392297,-5.725113030726321,0.8299787818211063,1.0,0.579417725533131
3.759999999999998,-5.4936235498952595,1.3830456674809173,1.69,-8.733794611901274,4.368257028890854,4.405700328364624,-8.420515181009094,4.103100367109668,3.9956716818648474,-5.7196578943040155,0.8557697800712534,1.0,0.5736823043252639
3.799999999999997,-5.487,1.394,1.69,-8.742378782855576,4.369532750705748,4.410361229013874,-8.419676311040085,4.105963856124505,3.994413386501374,-5.713331411860546,0.8820817285043107,1.0,0.5597197733562056
3.8400000000000034,-5.487,1.394,1.69,-8.760578645782676,4.371509334267819,4.425141691039546,-8.415340452804177,4.114185727057348,3.996822262399953,-5.7061335833959115,0.9089146271202782,1.0,0.5322850236046394
3.8800000000000026,-5.487,1.394,1.69,-8.757142832879072,4.405450523782133,4.445522287045477,-8.41150487642584,4.122476814831653,3.9996642985771182,-5.698935754931276,0.9357475257362454,1.0,0.5048881998889883
3.9200000000000017,-5.460413812035901,1.4376773087981618,1.6890504932869965,-8.748172862458299,4.436754496325781,4.450148711041347,-8.404745274597616,4.128915439902732,3.988966086562034,-5.691737926466642,0.962580424352213,1.0,0.5284201884177154
3.960000000000001,-5.445004045574057,1.462122637641006,1.689,-8.736850892939893,4.46832702610293,4.457972688534568,-8.395928531872332,4.1336254220064514,3.9805630821162814,-5.684540098002007,0.9894133229681806,1.0,0.5299354834234233
4.0,-5.430300087642419,1.485364377597467,1.689,-8.724899966388959,4.500387178488122,4.465954640491465,-8.385156870905751,4.136476673116293,3.9698331215617153,-5.677342269537373,1.0162462215841481,1.0,0.5301902337244212
4.039999999999999,-5.41817576965875,1.5053737172354167,1.6892977039497348,-8.777565801884457,4.475927478673266,4.484383016448304,-8.372029214547219,4.136421222981983,3.955712470766133,-5.670144441072739,1.0430791202001157,1.0,0.5265021422768972
4.079999999999998,-5.406529802208251,1.5247836629862488,1.6896506120542953,-8.792165986845225,4.490292347177283,4.500752618255712,-8.359816460129615,4.137196630002682,3.942918157163796,-5.662946612608104,1.0699120188160833,1.0,0.5221664421673454
4.119999999999997,-5.395,1.544,1.69,-8.770276383818421,4.52650596070499,4.504201646552156,-8.346047391197276,4.141490671844849,3.931365983397279,-5.655748784143469,1.096744917432051,1.0,0.5177132771285287
4.159999999999997,-5.395,1.544,1.69,-8.751695867327838,4.561485561030865,4.513604574701415,-8.33151098915457,4.147601231403063,3.924517315745861,-5.648550955678834,1.1235778160480185,1.0,0.49096119997878046
4.200000000000003,-5.372334524100806,1.5841502715928586,1.69,-8.800372967623332,4.560049861666063,4.539540278537708,-8.316378358847459,4.153428452208374,3.9075036110407817,-5.6413531272142,1.1504107146639861,1.0,0.510392997665462
4.240000000000002,-5.36,1.606,1.69,-8.81489655802433,4.5523113316296495,4.54060135769896,-8.296831530808705,4.1627812243410665,3.8938553734692305,-5.633200723167191,1.1779974904370645,1.0,0.5077644959341353
4.280000000000001,-5.348818940747461,1.6253623221202513,1.690272708762257,-8.768711830360898,4.547469184331408,4.49826365285652,-8.27089059353327,4.172972798397317,3.8767024496150135,-5.624093743537807,1.2063381433672538,1.0,0.5013556416665597
4.32,-5.318813483775233,1.677331584399586,1.691,-8.773919639566973,4.578114841405426,4.511352574551825,-8.249496529358359,4.177542092640904,3.852266306888543,-5.614032188326049,1.2354326734545542,1.0,0.5314402421825686
4.359999999999999,-5.288616789923966,1.7310145956907266,1.691,-8.773796045127357,4.597305569213596,4.512438186368732,-8.220806151409136,4.18826696618569,3.825679503553574,-5.603016057531917,1.2652810806989652,1.0,0.5619204627516221
4.399999999999999,-5.274,1.757,1.691,-8.764736085087375,4.602554255823866,4.503600497220912,-8.192115181891717,4.198393092715363,3.8047071435190927,-5.591045351155411,1.295883365100487,1.0,0.5595947691591732
4.439999999999998,-5.274,1.757,1.691,-8.762777327489509,4.609072070860382,4.506204870862694,-8.169060553568258,4.20022600422401,3.788235594118108,-5.5781200691965305,1.3272395266591197,1.0,0.5264817954443248
4.479999999999997,-5.259045166359836,1.7843641636820036,1.6913181879497907,-8.672617330415362,4.656797957710642,4.461317162037742,-8.156807652215289,4.186795533519863,3.764133885930758,-5.5642402116552745,1.3593495653748633,1.0,0.5232412679128671
4.520000000000003,-5.225997006703342,1.8447788937714313,1.6920756976072948,-8.6105333184306,4.692581775597322,4.423241718370837,-8.136445619541092,4.187267678654783,3.7360359788515773,-5.549405778531645,1.3922134812477178,1.0,0.5562451674470978
4.560000000000002,-5.191078650534656,1.9067095632026865,1.6947110452426675,-8.576524841437097,4.744657929468078,4.417600801462742,-8.113783681293834,4.189726609739808,3.708688653905055,-5.533616769825642,1.4258312742776829,1.0,0.5904034992501697
4.600000000000001,-5.1566045126733195,1.96868463763074,1.6966212674045242,-8.620048409420212,4.692722046442922,4.406339005401365,-8.089973245282728,4.193397476449752,3.6815756595045923,-5.516873185537262,1.460202944464759,1.0,0.6231750548057019
4.640000000000001,-5.122555642436234,2.0307022227054308,1.69783729848442,-8.670350467605893,4.738191845887126,4.462885633885006,-8.090756491235563,4.176325482822318,3.662501256404928,-5.49917502566651,1.4953284918089464,1.0,0.6545740535331159
4.68,-5.096798716367794,2.076884260916566,1.6997378101337874,-8.620571775958442,4.699081070156885,4.392367548587772,-8.075147826423665,4.180639676890395,3.6464160859136485,-5.480522290213383,1.5312079163102443,1.0,0.6670880408070197
4.719999999999999,-5.072322597303207,2.1206202769500093,1.7017440494013767,-8.65580738005299,4.734875780916624,4.435729368234608,-8.072708655870315,4.1696769453567235,3.633311124963824,-5.460914979177882,1.5678412179686534,1.0,0.6756986956472143
4.759999999999998,-5.057,2.148,1.703,-8.61314756477938,4.699418800553828,4.376748039161707,-8.055364326240573,4.172018086838382,3.6175734752346065,-5.440353092560006,1.605228396784173,1.0,0.6645002684971614
4.799999999999997,-5.057,2.148,1.703,-8.626641065860516,4.719346580058391,4.3993363788025786,-8.04602664755925,4.155751119626665,3.600742264892256,-5.418836630359755,1.6433694527568035,1.0,0.6209490609390356
4.840000000000003,-5.057,2.148,1.703,-8.573984269886163,4.771247853384082,4.387551441853519,-8.02529570894578,4.160629980675644,3.58628761463165,-5.396365592577131,1.6822643858865451,1.0,0.5762626724670477
4.880000000000003,-5.05667853444437,2.148543654983787,1.7030189097385666,-8.523390031570054,4.826860989953158,4.38080727162253,-8.003049493828845,4.171009518373307,3.573719350883629,-5.3729399792121315,1.7219131961733973,1.0,0.5310695338949083
4.920000000000002,-4.990707095662429,2.2601129999826566,1.7068995826080924,-8.483691981908217,4.670176383312406,4.243742325731894,-7.977434834265207,4.188601035550858,3.555222733932287,-5.348559790264758,1.7623158836173605,1.0,0.6130746447992711
4.960000000000001,-4.943008487406781,2.3415688340134158,1.7101938550411957,-8.59723752717504,4.74466074681063,4.373584412862867,-7.998633377722898,4.15821518381331,3.554862505155532,-5.32322502573501,1.8034724482184346,1.0,0.6588720182432424
5.0,-4.903794937855473,2.408637249390617,1.712685977254261,-8.52309988871762,4.658700420471479,4.261707709497417,-7.983067302336557,4.170059260345351,3.547467518573319,-5.296935685622889,1.8453828899766196,1.0,0.6868879973867614
5.039999999999999,-4.874393313471969,2.459040034048053,1.7142133343650925,-8.473655151303106,4.722539314605142,4.251836634955538,-7.932907313594091,4.221645568283358,3.5300546962136368,-5.269691769928392,1.8880472088919154,1.0,0.6944736683680804
5.079999999999998,-4.844991689088465,2.5094428187054887,1.715740691475924,-8.426008721872451,4.788383574673438,4.244673598558645,-7.883237527545753,4.273614301258205,3.513294578419988,-5.241493278651522,1.9314654049643223,1.0,0.7009075554742995
5.119999999999997,-4.84,2.518,1.716,-8.379919150933205,4.8555086375875955,4.242048352616962,-7.832835215264213,4.326335779360973,3.496732891806672,-5.212340211792276,1.9756374781938395,1.0,0.6578710651620536
5.159999999999997,-4.8201398334408845,2.5525070393964633,1.7172412604099447,-8.334768223120584,4.923404512085111,4.23954803529149,-7.780296717446101,4.380925741891987,3.4793165606996563,-5.182232569350656,2.0205634285804677,1.0,0.6434867166356918
5.200000000000003,-4.762014022840162,2.653500635315218,1.72087412357249,-8.275530140839876,4.997501304976098,4.223639976467506,-7.723550243390259,4.4403959014033205,3.4588569611358926,-5.1511703513266625,2.0662432561242072,1.0,0.704495477214288
5.240000000000002,-4.76,2.657,1.721,-8.21839384212171,5.0658574159126495,4.21462715046334,-7.6724404311206955,4.498616214327985,3.445846709547922,-5.119153557720295,2.1126769608250573,1.0,0.6521340728713625
5.280000000000001,-4.732527423955693,2.704332269570311,1.7223239795684004,-8.164736501929662,5.133862365763548,4.205077364714666,-7.624748592817187,4.556757979628202,3.4345923049022904,-5.086182188531552,2.1598645426830188,1.0,0.6492432503530717
5.32,-4.6874812158031105,2.781942001688616,1.7244948811661152,-8.114233608318195,5.2033645407571205,4.195940785129935,-7.579472050426666,4.615576091736777,3.4242991930807394,-5.052256243760434,2.2078060016980907,1.0,0.6802153831738785
5.359999999999999,-4.648871528128989,2.8504254312809585,1.7263721205790739,-8.065778496327972,5.274314939971728,4.189330922673446,-7.536331331496266,4.676085460676435,3.4162053010605327,-5.017375723406943,2.2565013378702727,1.0,0.69895720231725
5.399999999999999,-4.612213600185458,2.9161414728382637,1.7281603121860754,-8.018405606420464,5.346235286979701,4.184196449602687,-7.495504533409215,4.740362440140632,3.411912768983977,-4.981540627471078,2.3059505511995666,1.0,0.7132569059840327
5.439999999999998,-4.595,2.947,1.729,-7.971466065398267,5.418693394460791,4.184470256437147,-7.457398625527083,4.813127677000031,3.416980889364889,-4.944750955952838,2.356153641685971,1.0,0.6866040710066276
5.479999999999997,-4.554104875497078,3.0200270080409326,1.7299736934405459,-7.875700029488211,5.257936446053598,4.005150811113551,-7.422195219012556,4.905340821979442,3.4322515052941704,-4.907961284434597,2.406356732172375,1.0,0.7083823583565222
5.520000000000003,-4.480884695156323,3.150999856961075,1.7313461529292378,-7.726625837484082,5.132837534626747,3.8029614964675056,-7.435069588081239,4.8271859862609405,3.396587746789866,-4.871171612916357,2.4565598226587793,1.0,0.7965995477129028
5.560000000000002,-4.424,3.253,1.732,-7.807866221305159,4.972403027043486,3.7956418921042,-7.4372753485252305,4.686709336618813,3.336967303995921,-4.834381941398117,2.506762913145184,1.0,0.851635560332734
5.600000000000001,-4.424,3.253,1.732,-7.998404687624142,4.9755228501532835,3.9678021422709113,-7.405981164820707,4.62083343941887,3.28072857538351,-4.7975922698798765,2.5569660036315884,1.0,0.7899585484154092
5.640000000000001,-4.424,3.253,1.732,-8.181096802158269,4.944018933755991,4.120111820704523,-7.411781531317846,4.517984231354566,3.2445374993147658,-4.760802598361637,2.6071690941179932,1.0,0.728377339883335
5.68,-4.38451631082023,3.323538276175095,1.7324436369570761,-8.33730609222641,4.967700530810658,4.281099925901919,-7.411963111428159,4.436845188631083,3.2256606163441117,-4.724012926843397,2.6573721846043976,1.0,0.7476865746084789
5.719999999999999,-4.333190463064108,3.4153902818454065,1.7330415985502505,-8.292379808359481,5.040787879610045,4.2798478504170525,-7.371429612368052,4.4270235948308985,3.2022334531237973,-4.687223255325157,2.7075752750908015,1.0,0.7914172741248301
5.759999999999998,-4.259715454028345,3.553050356245746,1.7347306792177393,-8.247876948372486,5.114913619793236,4.28308871715127,-7.331545709631908,4.4179262910184764,3.1912617413478417,-4.650433583806917,2.757778365577206,1.0,0.886068956729423
5.799999999999997,-4.248,3.575,1.735,-8.227756410618124,4.937119883447644,4.206403649762998,-7.29200756364641,4.410300451764318,3.156534316660319,-4.613643912288676,2.8079814560636107,1.0,0.8497134324794848
5.840000000000003,-4.248,3.575,1.735,-8.359067557320746,4.976474946115586,4.343386752920449,-7.289509788079698,4.331600994775505,3.1342027465178277,-4.575953449239529,2.8573533332703245,1.0,0.7890311800786574
5.880000000000003,-4.191154285413566,3.6796477927613913,1.7362919480587826,-8.380907074358866,4.986962028400084,4.388974702954951,-7.261988313142494,4.296047702056843,3.132087239212425,-4.537362194659476,2.905893997197347,1.0,0.8476761484046775
5.920000000000002,-4.16,3.737,1.737,-8.378053862676275,4.985935367220394,4.399070122188572,-7.2275322945670135,4.271681377861095,3.1137820338043904,-4.497870148548516,2.9536034478446793,1.0,0.8531508631004487
5.960000000000001,-4.1341836697117875,3.7837014514202503,1.737,-8.369310108360299,4.980865550954243,4.401079166812687,-7.188754146830292,4.252677622038946,3.09036234902837,-4.457477310906651,3.0004816852123213,1.0,0.8473204710237064
6.0,-4.072039367391531,3.8961197960670066,1.737,-8.342643523458618,5.015035276383042,4.414751602288439,-7.129054277140968,4.262891728313056,3.078938422364738,-4.4161836817338775,3.0465287093002726,1.0,0.9166462370007549
6.039999999999999,-4.030989666862493,3.966906684847928,1.737889118514167,-8.295325983552406,5.005564001059833,4.389005951506674,-7.07152554627822,4.264060793999116,3.0550219309523468,-4.373989261030198,3.0917445201085334,1.0,0.9399774125959376
6.079999999999998,-3.990298775998579,4.036985441335781,1.738793360533365,-8.25403296795,4.984862928383201,4.367825659303147,-7.017839293358415,4.24486990533366,3.0346692628072587,-4.330894048795613,3.136129117637103,1.0,0.9630925478891335
6.119999999999997,-3.981,4.053,1.739,-8.228992831582236,5.012526941967915,4.355012634830852,-6.959721319912976,4.239613757591758,2.9845611731419774,-4.28689804503012,3.1796825018859822,1.0,0.9253415944749143
6.159999999999997,-3.9396389919686494,4.117000717690616,1.739435379031909,-8.171195030600558,4.992450323396267,4.321166337947701,-6.90311093118013,4.239457490371041,2.9660009433021357,-4.242001249733721,3.222404672855171,1.0,0.9443119285257459
6.200000000000003,-3.886,4.2,1.74,-8.132523314167642,4.971762531820209,4.316083602444567,-6.854674693484732,4.226390795695719,2.9687919950434587,-4.196203662906415,3.2642956305446686,1.0,0.9857834343801666
6.240000000000002,-3.886,4.2,1.74,-8.095435781974818,5.003924554867085,4.285515639043705,-6.788982580650223,4.236153744340224,2.903207701282918,-4.1495052845482014,3.3053553749544764,1.0,0.9326435761359612
6.280000000000001,-3.84978132272672,4.249104168226274,1.739651743487757,-8.005651489579083,4.957294112445715,4.215778675503142,-6.721206534032687,4.237401047175202,2.871449060520812,-4.101906114659082,3.3455839060845927,1.0,0.9380382587120362
6.32,-3.782,4.341,1.739,-7.969017617584736,4.9871691742004405,4.236584842966306,-6.660083380561086,4.240177612254766,2.8798487979983567,-4.053406153239056,3.3849812239350188,1.0,0.9937973637542047
6.359999999999999,-3.7795144761700312,4.343759352726491,1.7389578724774584,-7.897390210351816,4.963910286362304,4.164311196662966,-6.599397938060847,4.251672124371144,2.82138667967925,-4.004005400288124,3.4235473285057543,1.0,0.9471992105844583
6.399999999999999,-3.703619261792311,4.428015904281418,1.7376715129117342,-7.849607842675836,5.0040530951774365,4.185814157139798,-6.530874078117676,4.277759076485074,2.8312447634802593,-3.953703855806285,3.4612822197967996,1.0,0.998557119488084
6.439999999999998,-3.6323538050205917,4.499923113217125,1.7365346147797147,-7.767956735831749,4.989905382773405,4.164528091610544,-6.463570732132386,4.295865285398234,2.838561058962536,-3.9025015197935393,3.4981858978081535,1.0,1.0375245715318586
6.479999999999997,-3.5661447993012665,4.558342824145941,1.735560952930901,-7.707197242558022,5.011921015787937,4.165819068770986,-6.385770957171454,4.312501196644031,2.830323263508708,-3.8503983922498874,3.5342583625398167,1.0,1.06280246970324
6.520000000000003,-3.4942804534479577,4.616180464303767,1.735,-7.667000183760557,5.013213135968565,4.191565923388219,-6.325688032413641,4.310196579794196,2.8478930836328598,-3.7973944731753293,3.5694996139917894,1.0,1.089687529232619
6.560000000000002,-3.414729383403101,4.673226955322776,1.735,-7.618760903687789,5.065285516516376,4.222273195679357,-6.249142762711784,4.33772841450339,2.854200146397587,-3.7434897625698644,3.6039096521640714,1.0,1.1187148348638625
6.600000000000001,-3.376,4.701,1.735,-7.5378871660009406,5.066216349078431,4.177880774287069,-6.172091992117714,4.369403243658356,2.8156858555600817,-3.6886842604334924,3.6374884770566633,1.0,1.1085252392959282
6.640000000000001,-3.376,4.701,1.735,-7.475449936582986,5.1286459909301145,4.121695145945275,-6.076256984434369,4.431313260710266,2.713690977126047,-3.632977966766214,3.670236088669565,1.0,1.0623144149942207
6.68,-3.2970804802107514,4.748159225239917,1.7369248663363233,-7.378103465257542,5.141670111207501,4.099951148715703,-5.978415214202631,4.500257752642316,2.6927701528031243,-3.576370881568029,3.7021524870027744,1.0,1.0826510170538866
6.719999999999999,-3.2107187854978205,4.799630545357094,1.739,-7.279988084227954,5.177188607396043,4.08674720478258,-5.855817761585712,4.614110093710143,2.651596958679901,-3.5188630048389378,3.7332376720562945,1.0,1.110020999864454
6.759999999999998,-3.1193617573219417,4.844591595872971,1.739,-7.148232212735272,5.192835334800633,4.043893031251535,-5.7406891928949175,4.718123573821236,2.6243764373826544,-3.4604543365789393,3.7634916438301236,1.0,1.1336318864301753
6.799999999999997,-3.0280047291460632,4.889552646388848,1.739,-6.958072435490751,5.147488226548653,3.9385229388649963,-5.633267336703852,4.80237957380767,2.6067206215707226,-3.4011448767880355,3.7929144023242625,1.0,1.1583820648332446
6.840000000000003,-3.021,4.893,1.739,-6.783865497820971,5.127535199907699,3.770167571168052,-5.530127774738142,4.867212437410101,2.5092602870859593,-3.3409346254662244,3.82150594753871,1.0,1.1182386458319757
6.880000000000003,-2.9757421706742355,4.911325256046015,1.7392776553946367,-6.61271127972535,5.118550370899628,3.642867901587725,-5.426078493973175,4.921004733253461,2.45035544147317,-3.2798235826135063,3.8492662794734662,1.0,1.1047328974939195
6.920000000000002,-2.8575774201771393,4.959139337130781,1.7399954315694826,-6.408056346131557,5.0682871666922535,3.5521562257795503,-5.320169361019594,4.958925526531974,2.4625919501243354,-3.2178117482298823,3.8761953981285333,1.0,1.1412871444686101
6.960000000000001,-2.7856502940781134,4.982855848979649,1.7392178410170607,-6.207902409222249,5.030569942265548,3.422584721275224,-5.217154339068494,4.995798925657378,2.4315384932257333,-3.154899122315351,3.9022933035039093,1.0,1.141910728489571
7.0,-2.713723167979088,5.006572360828517,1.7384402504646388,-6.035697872444078,5.010923919005101,3.3219775545845915,-5.120358085898329,5.035852209698735,2.4068130250806803,-3.0910857048699136,3.9275599955995943,1.0,1.1430967450594867
7.039999999999999,-2.673,5.02,1.738,-5.921426786280834,5.001725410838482,3.248478189312012,-5.034838762780199,5.076373363365416,2.362511438589923,-3.026371495893569,3.9519954744155887,1.0,1.1249467013058179
7.079999999999998,-2.673,5.02,1.738,-5.872287612420351,5.0737474680903425,3.1997390545656113,-4.944043876604759,5.13474171220237,2.27394062147258,-2.9616572869172244,3.9764309532315836,1.0,1.0827554593090507
7.119999999999997,-2.4511500025648667,5.077157859601192,1.7350936681558717,-5.813932336998722,5.145299903310104,3.363472664806604,-4.850071322988619,5.192927413923423,2.401713157579732,-2.8969430779408807,4.0008664320475775,1.0,1.1649612453118778
7.159999999999997,-2.3488817718646704,5.094044209552017,1.735,-5.7529992495074795,5.216668991440203,3.4063253865017606,-4.7551595204117305,5.250060589520948,2.411330278906504,-2.832228868964537,4.025301910863573,1.0,1.1729597253447055
7.200000000000003,-2.250700263940469,5.109572917437987,1.735,-5.645925225220671,5.199346986402322,3.3964116242232123,-4.660145696637692,5.305922895880289,2.4174326479097203,-2.7675146599881932,4.049737389679567,1.0,1.1791303854371415
7.240000000000002,-2.1598115385513754,5.113988422879586,1.7358863161954636,-5.573589203500891,5.246236355973962,3.41633831192344,-4.564992625252014,5.35869027631233,2.4175969591509423,-2.7028004510118495,4.074172868495562,1.0,1.1730530022952779
7.280000000000001,-2.0691290572043943,5.118089640628947,1.736797697917544,-5.507054566047744,5.301319247006869,3.4428048003058804,-4.472178210307501,5.411749988354052,2.420925779956004,-2.638086242035505,4.098608347311556,1.0,1.1674992015393595
7.32,-2.049,5.119,1.737,-5.443557478128677,5.359250046719149,3.403048715088851,-4.383833552888621,5.460795961630163,2.3597186694776116,-2.5733720330591607,4.12304382612755,1.0,1.125564182678734
7.359999999999999,-2.049,5.119,1.737,-5.3895783674734,5.407259298837184,3.3529922834085606,-4.306056150192045,5.499119111867232,2.2888409740142435,-2.508657824082816,4.147479304943545,1.0,1.0747733603711653
7.399999999999999,-1.9196230961204013,5.109486992361794,1.7408052030552825,-5.336645820204141,5.462474391362068,3.435206602339609,-4.218339146594072,5.53870150415909,2.3384440506120012,-2.443943615106472,4.171914783759539,1.0,1.0742223480141961
7.439999999999998,-1.7937457370398076,5.095255196840915,1.743485822397727,-5.280752222503763,5.518549836582749,3.51260481433677,-4.130593957411961,5.577785077493641,2.3861464101725263,-2.3799553719971147,4.194878013618918,1.0,1.0743932279121817
7.479999999999997,-1.6871990437263813,5.077076614095496,1.7444957436613615,-5.220753307686827,5.575818519026315,3.5685780395119666,-4.051470631534711,5.6101750602205955,2.4236282912564615,-2.3166930947547457,4.2163689945216785,1.0,1.066339705099894
7.520000000000003,-1.580831803450191,5.0565894737998125,1.745971108612782,-5.1599644961836235,5.632344890497114,3.625146222161191,-3.971359655080022,5.64293108600987,2.4613857673325055,-2.254156783379364,4.2363877264678225,1.0,1.0611773814603622
7.560000000000002,-1.4746435163247138,5.033800206699825,1.7479106207063981,-4.994940562325556,5.511936703930989,3.5526195690035176,-3.890366938115906,5.678858619588988,2.5003639748303907,-2.19234643787097,4.254934209457351,1.0,1.0591174275105406
7.600000000000001,-1.415,5.021,1.749,-4.852725356107042,5.437022946713839,3.462806768535281,-3.8025959963493032,5.698978489176097,2.4819890156019477,-2.1312620582295616,4.27200844349026,1.0,1.0363492113096486
7.640000000000001,-1.415,5.021,1.749,-4.775481148215777,5.4531139021485275,3.388149343217275,-3.7155458546526923,5.725453093210384,2.4059853262007573,-2.070903644455141,4.287610428566555,1.0,0.9839054092222833
7.68,-1.310777835065549,4.997057070217761,1.7485305307885837,-4.890865583910108,5.577341923305914,3.6268111062130655,-3.6298181349445975,5.749784145413964,2.438143958464417,-2.0112711965477073,4.301740164686231,1.0,0.9869936922789913
7.719999999999999,-1.190634812305447,4.9693598803945935,1.7479783010303251,-4.855811491645925,5.660645301767665,3.7297983356455395,-3.5438451612322552,5.753263250594488,2.4803434117289047,-1.9523647145072613,4.314397651849292,1.0,1.0045934325533952
7.759999999999998,-1.083731397237857,4.940427304757034,1.7469975357544758,-4.82093369039789,5.736978904751656,3.821148444048543,-3.457905125247006,5.743235534616591,2.5062326198298304,-1.8941841983338026,4.3255828900557365,1.0,1.0172843246082413
7.799999999999997,-0.976827982170267,4.911494729119475,1.7460167704786262,-4.782756040272196,5.854176874661265,3.9209358590737993,-3.3777712313128596,5.717175901008603,2.5325186349442776,-1.836729648027331,4.335295879305564,1.0,1.0351019222620679
7.840000000000003,-0.975,4.911,1.746,-4.7457432662086525,5.97691155841402,3.9185038254439033,-3.2941539889890317,5.673031139710921,2.4411404471133697,-1.7800010635878472,4.343536619598774,1.0,0.9849067978615798
7.880000000000003,-0.8859641410538213,4.884888522135976,1.7442877719433427,-4.687736390776757,6.082487967953641,3.985939873026959,-3.2166859948789606,5.6080854221906336,2.440343852031258,-1.7239984450153505,4.350305110935369,1.0,0.9940225943846359
7.920000000000002,-0.7821444262436476,4.854441394234915,1.742291238966224,-4.642529739767078,6.158824022101678,4.074799235391604,-3.1428180176767966,5.535881517644748,2.4570593088248174,-1.6687217923098407,4.355601353315346,1.0,1.0172810882177583
7.960000000000001,-0.7032980181401536,4.829587210232756,1.7402402767442031,-4.567724420223522,6.178823016341313,4.093192968527677,-3.067568363998436,5.455249278737359,2.4456547778192856,-1.6141711054713184,4.359425346738706,1.0,1.0250570516358615
8.0,-0.6287166810343768,4.80568821823201,1.7381800188131045,-4.433026606754577,6.174529869175032,4.043080691290944,-2.9933144383219927,5.364898121976414,2.429822682875326,-1.5603463844997834,4.36177709120545,1.0,1.031984008149851
8.04,-0.586,4.792,1.737,-4.28520609111812,6.026093931673944,3.8996299230516542,-2.9082593330842483,5.270569645691365,2.371058269185736,-1.5072476293952353,4.362656586715578,1.0,1.0163822908714313
8.079999999999998,-0.586,4.792,1.737,-4.1170739791417175,5.899464049661587,3.700670218685335,-2.8338536595539487,5.189220802478505,2.28268053846607,-1.4548748401576745,4.362063833269087,1.0,0.9694269417146896
8.119999999999997,-0.5134021789714636,4.768000720321145,1.737,-3.961084154638312,5.758548745081045,3.587157146640471,-2.7685277750348893,5.119830747082774,2.282405709279468,-1.4032280167871012,4.3599988308659805,1.0,0.9789052882905912
8.159999999999997,-0.42382781964967836,4.736863168988852,1.736697263379777,-3.808320736409502,5.613871804828215,3.4962746532465436,-2.716050509878985,5.064234191497049,2.3154819472369335,-1.3523071592835154,4.356461579506257,1.0,1.0033839013098482
8.200000000000003,-0.3282599493341017,4.701707421829761,1.7360086052403012,-3.6440182234886773,5.503484676363753,3.4113193486556774,-2.666037055921748,5.002313355456064,2.3570247617317572,-1.302112267646917,4.351452079189917,1.0,1.0349237377367473
8.240000000000002,-0.2760436574985498,4.681063771569194,1.7366157714244355,-3.5071484717614623,5.403499902305809,3.3108839127560272,-2.6175765152513684,4.938882197497858,2.3556838634851696,-1.2526433418773055,4.3449703299169595,1.0,1.0328144775565111
8.280000000000001,-0.243,4.668,1.737,-3.4336056072583245,5.356409422178419,3.264026910675261,-2.5723293696921017,4.8807515295973545,2.339025122963885,-1.2039003819746812,4.337016331687385,1.0,1.016306908747925
8.32,-0.243,4.668,1.737,-3.3968975701991138,5.328881555389784,3.2223957413021598,-2.5285635718950195,4.826015317032061,2.2910193542592046,-1.155883387939044,4.327590084501195,1.0,0.9742869138734086
8.36,-0.23088027181117893,4.662963229843607,1.736370403730451,-3.3736274792542256,5.307570247393442,3.208173657544984,-2.4853903349919224,4.773486179486216,2.2572175232752696,-1.1085923597703944,4.316691588358388,1.0,0.9435478573165186
8.399999999999999,-0.19096007132107914,4.646373016652916,1.7342966270816147,-3.354476785272059,5.288193069086978,3.2279670040373194,-2.4424679482079217,4.723291413179391,2.252821377608021,-1.062027297468732,4.304320843258965,1.0,0.9358193211256604
8.439999999999998,-0.166,4.636,1.733,-3.336458577751609,5.269462206649465,3.233122633073476,-2.3999024903320576,4.677342292602962,2.234285013481816,-1.0161882010340564,4.290477849202924,1.0,0.9177175675930817
8.479999999999997,-0.166,4.636,1.733,-3.318695772448663,5.2509789952416455,3.212116093512826,-2.358444917529473,4.6410438676450605,2.192450719400926,-0.9710750704663689,4.275162606190267,1.0,0.8822411766959358
8.520000000000003,-0.12040488820468563,4.6162831948993235,1.732383849840604,-3.229209768078499,5.062164648613978,3.140617463476558,-2.3203385223178294,4.628074573990646,2.1999652340714704,-0.9266879057656685,4.258375114220994,1.0,0.8821510633797877
8.560000000000002,-0.06929213473091372,4.591997271214912,1.7316756019247272,-3.110911447971457,4.8887176044911484,3.0560580823762877,-2.2649877213317993,4.57828487793176,2.1957384039880883,-0.8830267069319555,4.240115373295102,1.0,0.8865578515127257
8.600000000000001,-0.02168454220864065,4.566811666990233,1.731,-2.957702720546051,4.74227078203904,2.9412563037894937,-2.203935841132454,4.523607853528505,2.1826789276373897,-0.8400914739652293,4.220383383412594,1.0,0.8887083107576876
8.64,0.009942704740682422,4.547929728513026,1.731,-2.773362309252237,4.6341411886103545,2.784639872006834,-2.1406005865114546,4.469044946813594,2.1519896041415585,-0.7978822068654905,4.1991791445734705,1.0,0.8798909350650805
8.68,0.0415699516900055,4.5290477900358175,1.731,-2.68235975889648,4.575888781133118,2.724332422202318,-2.08479254093883,4.413458193221744,2.1295019147562075,-0.7556729397657516,4.177974905734345,1.0,0.8711190493086987
8.719999999999999,0.045,4.527,1.731,-2.6479599547149713,4.551220299456757,2.693068870378965,-2.038238640800886,4.3677740533025124,2.0893147528861307,-0.7134636726660127,4.156770666895222,1.0,0.8440005342683295
8.759999999999998,0.045737460489775256,4.526524219038855,1.7310475780961145,-2.623716654448257,4.532548802913092,2.669460913250173,-1.995187820694636,4.326157512759705,2.050737140728383,-0.6712544055662739,4.135566428056097,1.0,0.8166549640580489
8.799999999999997,0.08665138334945705,4.500128139774544,1.7336871860225458,-2.6014273126511616,4.515385920225311,2.6881219979302777,-1.9532573142711969,4.286094104172697,2.0511065459952107,-0.629045138466535,4.1143621892169735,1.0,0.8130417455143953
8.840000000000003,0.1252634710481323,4.474215570266307,1.735,-2.5796621832663686,4.498715443681151,2.705036605882825,-1.9115748521505038,4.246666460348013,2.0495094418604762,-0.5868358713667963,4.09315795037785,1.0,0.8076449610706611
8.880000000000003,0.16159797723122027,4.4487814159381465,1.735,-2.5580167690647224,4.482238261639321,2.7198205324606652,-1.8698302500701258,4.207554880710063,2.04570058512355,-0.5446266042670577,4.071953711538725,1.0,0.8004700358635264
8.920000000000002,0.1907812978379851,4.427051850688313,1.7363461111983765,-2.5363502892436927,4.465856910183744,2.7274076567138024,-1.8279133918137456,4.168650463923688,2.035165724630301,-0.5024173371673187,4.050749472699601,1.0,0.7887508017448706
8.96,0.21871574143770048,4.405969251745132,1.7379273061191152,-2.5146135546082937,4.449539622432838,2.7336765386243402,-1.7857855253406236,4.129919074145586,2.0234201316258194,-0.46020807006757986,4.0295452338604765,1.0,0.7762941343777402
9.0,0.22,4.405,1.738,-2.492789732907154,4.4332763405189874,2.7129370959164563,-1.743436269568565,4.0913581864578035,1.9883292413127562,-0.417998802967841,4.008340995021353,1.0,0.7512528461304147
9.04,0.22,4.405,1.738,-2.4708730457014285,4.4170639986300255,2.6909000888448884,-1.7008756787173254,4.052994195391373,1.952862375992203,-0.3765433542552197,3.986601028232262,1.0,0.728643721637927
9.079999999999998,0.22,4.405,1.738,-2.4488614962058275,4.400901787629729,2.668864642741299,-1.6581529241744273,4.0149178386308835,1.918234213854855,-0.335841723929716,3.964325333493206,1.0,0.7093336195063877
9.119999999999997,0.24139969446514517,4.388849287196117,1.7384037678200972,-2.4267544137947916,4.384789637468853,2.6681571966771913,-1.6154266251782556,3.9774040495274297,1.9018651805321793,-0.29589391199132997,3.9415139108041832,1.0,0.6991375819613181
9.159999999999997,0.2835157949042474,4.356708700171652,1.7392022268250817,-2.404551617971672,4.368727725010367,2.6880942827816723,-1.5731773251834238,3.941269700198766,1.9026031916506823,-0.2566999184400618,3.9181667601651946,1.0,0.6958103549737727
9.200000000000003,0.325,4.324,1.74,-2.38225313263801,4.3527163133828655,2.7074054278649555,-1.53282977716455,3.9089196256800816,1.9036342080517583,-0.21825974327591122,3.8942838815762397,1.0,0.6926666522198047
9.240000000000002,0.325,4.324,1.74,-2.3598590897151084,4.336755699705018,2.684889390552394,-1.4985536193424092,3.8873764940080124,1.8750967677966743,-0.1805733864988781,3.8698652750373186,1.0,0.6795901688171144
9.280000000000001,0.3343761526815921,4.317010504364632,1.740511426509905,-2.217142799651344,4.182770571893743,2.55504781238707,-1.4824241752161997,3.8969886841895214,1.8647202902507218,-0.1436408481089627,3.844910940548431,1.0,0.6718468956542435
9.32,0.36409903494926743,4.294853446674183,1.7421326746335966,-2.0273784037227074,4.085997190229796,2.4005801956054356,-1.4365089764032866,3.8681503412319143,1.8504768981916728,-0.10746212810616484,3.819420878109577,1.0,0.6696312849278553
9.36,0.4073403896590936,4.262854449724879,1.7425203440410686,-1.8188386683959128,4.0319931448162984,2.238117543970103,-1.3763798773096698,3.8280944821364136,1.835939601460963,-0.07203722649048465,3.7933950877207576,1.0,0.6709657155463077
9.399999999999999,0.437,4.241,1.742,-1.6049353611301558,3.9979233711512174,2.056352661030259,-1.3069230092605075,3.781882636137177,1.8033458392744781,-0.03736614326192197,3.766833569381971,1.0,0.6707138300335189
9.439999999999998,0.437,4.241,1.742,-1.3884078030125044,3.9818077554264617,1.8437175127838883,-1.227282030939693,3.728932418869632,1.7412776591208696,-0.003448878420476963,3.739736323093219,1.0,0.667278418868737
9.479999999999997,0.4520298977734772,4.229795894387044,1.7414534582627827,-1.1719809013034095,3.97107163996493,1.644490594483479,-1.1476638908750811,3.671958940306504,1.694167136022486,0.029714568033850176,3.7121033488545,1.0,0.6680986524706174
9.520000000000003,0.49099280656344385,4.200750816925433,1.7400366252158748,-0.9555534920376239,3.96550836617203,1.4655494548574324,-1.068411526522834,3.6088792564464773,1.6679489854764904,0.06212419610105973,3.683934646665816,1.0,0.671585615451786
9.560000000000002,0.5179462963148085,4.180300034279497,1.7395195130312073,-0.7809636168133256,3.9654500859016344,1.3165589476892052,-0.9932753399344709,3.557389042909821,1.6345668958586865,0.09378000578115166,3.655230216527165,1.0,0.6749928559174164
9.600000000000001,0.5445811039409674,4.160077309970747,1.7390262758529451,-0.6847766183836633,3.9503384481155486,1.2471210043983372,-0.9364889961964931,3.522958707274956,1.612293011652108,0.12468199707412606,3.625990058438548,1.0,0.6793853488240598
9.64,0.5738664708960624,4.138820831420093,1.739,-0.4689386540008348,3.9509062901287395,1.0596010585781674,-0.8970376959031198,3.5081050509326794,1.6004254008428642,0.15483016997998286,3.5962141723999643,1.0,0.685575238685308
9.68,0.603300984479311,4.117506183652913,1.739,-0.3632423448296345,3.941832615159267,0.9823783436634342,-0.8657387693565559,3.4906934157782055,1.5971762721506029,0.18422452449872206,3.565902558411415,1.0,0.6927421155736277
9.719999999999999,0.6319131549198154,4.096065133810138,1.7380695615026729,-0.28897382890918816,3.9331596322056654,0.935185029520193,-0.8521654647256498,3.4819947941701863,1.6061045206692854,0.21286506063034363,3.535055216472899,1.0,0.7002381256960907
9.759999999999998,0.6605053211613717,4.074621009128971,1.7371164892946211,-0.23499921834477902,3.920896153398938,0.9086031650535576,-0.8528234702415728,3.4825190627614604,1.6250380751789453,0.2407517783748476,3.503672146584417,1.0,0.7086435213298421
9.799999999999997,0.664,4.072,1.737,-0.19332880445161393,3.90603422926271,0.873245278257407,-0.8608375854157735,3.4848954574447246,1.6339588139808314,0.2678846777322339,3.471753348745969,1.0,0.7191685413565965
9.840000000000003,0.664,4.072,1.737,-0.3621026105726861,3.8356065122150556,1.0529807445966008,-0.869910971406862,3.48638905203907,1.6418961753332768,0.29426375870250243,3.4392988229575545,1.0,0.7328135285048287
9.880000000000003,0.6831161781681536,4.0591563177932715,1.737,-0.42288704698245133,3.828379503676311,1.1298234693869276,-0.8910577049283279,3.4896437900970807,1.674027458982068,0.3198890212856533,3.406308569219174,1.0,0.7470904565815389
9.920000000000002,0.7266979613108544,4.029874807244269,1.737,-0.46416964385707515,3.838772265017459,1.206103575437843,-0.9038750971652931,3.48621490107946,1.7188177892375291,0.34476046548168665,3.372782587530828,1.0,0.7600305493387702
9.96,0.7539189583843364,4.010431193993311,1.7366131498748607,-0.49820253723138025,3.8420093212826374,1.2633978656742735,-0.899925657336066,3.4702673075709054,1.739821553246862,0.3688780912906024,3.338720877892515,1.0,0.7742423510042095
10.0,0.7806361119099853,3.9912905466913537,1.7362143863894033,-0.4829244617194062,3.879401887315199,1.2685047872702848,-0.9067728197262648,3.4504102210344034,1.77197641893129,0.39224189871240056,3.304123440304236,1.0,0.7893343378732586
10.04,0.795,3.981,1.736,-0.44686033373364537,3.9004439830504163,1.2444703131725652,-0.9123347876832917,3.428193307052833,1.794599486515232,0.4148518877470811,3.268990274765991,1.0,0.8071371854135249
10.079999999999998,0.795,3.981,1.736,-0.41601819560122755,3.8967481533355715,1.213945403938587,-0.9173214584296128,3.4038539150184457,1.806970497935163,0.43670805839464405,3.2333213812777792,1.0,0.8290937415719067
10.119999999999997,0.8570838790928916,3.933697996881606,1.7369854583983,-0.38966187563477095,3.88019622694456,1.2478931910695905,-0.9223554033023207,3.3780093691555955,1.8641872252312013,0.4578104106550894,3.1971167598396013,1.0,0.8378372284403951
10.159999999999997,0.858,3.933,1.737,-0.36535533518207547,3.8582765783829194,1.2256352907193118,-0.9279261716347031,3.351150120476534,1.8783188155452362,0.4781589445284168,3.1603764104514576,1.0,0.8609450845138966
10.200000000000003,0.8732480298727459,3.9189816499557013,1.7372459359656895,-0.34187970396140765,3.8342174648804206,1.2180806117020342,-0.9346903777183011,3.3233314236092273,1.9035336818111352,0.4977536600146266,3.1231003331133476,1.0,0.8800131205237028
10.240000000000002,0.916309629654164,3.879392759834075,1.7379404778976477,-0.32110550417953937,3.8124267807507963,1.2392258292156697,-0.9439082242804384,3.2936578594298314,1.950255326271057,0.516594557113719,3.0852885278252713,1.0,0.8890296229655709
10.280000000000001,0.982,3.812,1.744,-0.365174410675242,3.896053005316603,1.3497939844587168,-0.9499585532431627,3.261197615093294,2.0089417907615763,0.5354354542128114,3.0474767225371946,1.0,0.88539015995017
10.32,0.982,3.812,1.744,-0.3815731277410197,3.9458168249275345,1.370123577394066,-0.947007331511993,3.2218945391807767,2.0172490525256634,0.5542763513119037,3.0096649172491183,1.0,0.9092244522998278
10.36,0.982,3.812,1.744,-0.34290276872628983,3.892292733029626,1.327333518583764,-0.9289290891773552,3.1696845999079164,2.015990837543576,0.573117248410996,2.9718531119610416,1.0,0.9343617597207952
10.399999999999999,1.0156627297129865,3.7709200586553386,1.744570554740898,-0.34008864126201643,3.9127318126422095,1.3631479572920295,-0.9105348591717762,3.112126933358044,2.0357420105122483,0.5919581455100884,2.934041306672965,1.0,0.9380253835553312
10.439999999999998,1.041,3.74,1.745,-0.2806705296973513,3.8411013852785914,1.3255317722241617,-0.8806116642496259,3.045651651695886,2.043210957530541,0.6107990426091806,2.8962295013848887,1.0,0.9471121993054316
10.479999999999997,1.041,3.74,1.745,-0.24171958540001232,3.7944869447336096,1.2838763031987086,-0.8554197521033506,2.978668269263421,2.043534653582877,0.6296399397082729,2.858417696096813,1.0,0.972833211685572
10.520000000000003,1.095,3.66,1.744,-0.2142229498217026,3.7549187569830784,1.3126592485359834,-0.8283133739414732,2.9079246583661953,2.0651275151611674,0.648480836807365,2.8206058908087366,1.0,0.9507690748248209
10.560000000000002,1.095,3.66,1.744,-0.1492645949587147,3.697488900931568,1.2448292252196005,-0.7903451150983437,2.827778304774847,2.0608539863436746,0.6673217339064572,2.7827940855206608,1.0,0.9759092763604172
10.600000000000001,1.1090611223370048,3.633074446588714,1.744897518447043,-0.09373969021297558,3.6334331122590724,1.2028008660256095,-0.7591066445059055,2.7493283344736335,2.066653816135965,0.6861626310055495,2.7449822802325854,1.0,0.9836416166030912
10.64,1.1388991346728727,3.575937827222158,1.746802072425928,-0.02448718857576073,3.5876429016431435,1.1634452053660176,-0.7237632657884647,2.6651506126928934,2.0734137474807985,0.7038435355710413,2.7064594403903333,1.0,0.972247931073924
10.68,1.1584112307054122,3.523110769413108,1.747468892305869,0.02344275719861764,3.536488532806661,1.13504731196887,-0.6973794167725462,2.5845485586868815,2.079629282028401,0.7203644476029325,2.6672255659939066,1.0,0.9614699504500172
10.719999999999999,1.1767257690544284,3.470783516987348,1.7479921648301264,0.05571887800937017,3.4861669338602312,1.1211124382885027,-0.6733919200744948,2.503578150758948,2.087683329456065,0.7357253671012234,2.627280657043305,1.0,0.9518289916033595
10.759999999999998,1.177,3.47,1.748,0.07906136679995711,3.4388340130119097,1.0983808815789358,-0.647823468312622,2.4201581875682168,2.105266852832334,0.7499262940659137,2.5866247135385274,1.0,0.9811951116017464
10.799999999999997,1.1803048042605286,3.4507219751469163,1.748183600236696,0.09626854379379605,3.394354358114108,1.0855007702699502,-0.6170417712719162,2.3325233579344102,2.1167954223576184,0.7629672284970033,2.5452577354795753,1.0,0.9970136114720461
10.840000000000003,1.191543770092186,3.385161341128916,1.7488079872273437,0.17406517124845788,3.3261052803646063,1.0191910112525493,-0.5760402545323196,2.238335347371655,2.107027086694685,0.7748481703944925,2.5031797228664483,1.0,0.9754623507651649
10.880000000000003,1.2055084514303815,3.2972788685597645,1.7507514085717302,0.23428637044848985,3.262229150403895,0.9718543169269774,-0.5416165472204335,2.1460031816020066,2.0923387556250703,0.7855691197583812,2.4603906756991454,1.0,0.9363390890241842
10.920000000000002,1.2106315356703297,3.1674571566499177,1.750646591811617,0.28356303261713584,3.202189806901128,0.9277189048126391,-0.5086636822100354,2.0543426029771044,2.0481699284543065,0.7951300765886693,2.4168905939776675,1.0,0.8578995439447591
10.96,1.206,3.008,1.748,0.39393375772511524,3.1300073032888136,0.8211804697496529,-0.4722011707141989,1.9623719000867428,1.9772954490198766,0.8035310408853567,2.372679477702014,1.0,0.7520727551931462
11.0,1.206,3.008,1.748,0.4853233206672683,3.0613859639725645,0.7226513248333064,-0.4474416312869683,1.8784812004094644,2.0024190237563553,0.8107720126484435,2.327757326872186,1.0,0.7867243839681317
11.04,1.206,3.008,1.748,0.5437310555861609,3.0245157659304507,0.6624748487748725,-0.42987209220373046,1.8047679150987066,2.030725228135733,0.8168529918779299,2.282124141488182,1.0,0.8236086181558733
11.079999999999998,1.206,3.008,1.748,0.5729928230891955,2.966165483738966,0.6343880616557828,-0.42085077620719424,1.728630097083686,2.069645089510288,0.8217739785738158,2.2357799215500034,1.0,0.8625273822333488
11.119999999999997,1.206,3.008,1.748,0.5927324694187879,2.9036113080874535,0.6220884688405585,-0.4151173750313484,1.6511844274293945,2.113993860350268,0.8255349727361012,2.188724667057649,1.0,0.9033082021872267
11.159999999999997,1.206,3.008,1.748,0.6083731819375944,2.841757307337457,0.6203180204790832,-0.4094531762869771,1.5727654915360454,2.1609227332464833,0.828135974364786,2.14095837801112,1.0,0.9458025143392025
11.200000000000003,1.1963041599993542,2.9361367152893316,1.7474296564705503,0.6410601666065543,2.728550962067164,0.5927796699783136,-0.4009024202791107,1.4931837099612577,2.1524828072879347,0.8295769834598704,2.0924810544104155,1.0,0.919915048330911
11.240000000000002,1.1874698771109233,2.8662279640664394,1.747,0.6494587877449879,2.6042641918572187,0.5983986549373295,-0.3999980045012451,1.416282026016324,2.149976162290702,0.8298580000213539,2.043292696255535,1.0,0.8972785017164571
11.280000000000001,1.183273450687559,2.822972491702533,1.747,0.6413390852933847,2.4742364193716577,0.6444452688475196,-0.40351114755049267,1.3417878622055746,2.170666549210988,0.8289790240492371,1.9933933035464806,1.0,0.9020677192808931
11.32,1.179077024264195,2.779717019338627,1.747,0.6322533242176606,2.372786218241332,0.6816222090089703,-0.40946834602561377,1.2697001873314533,2.19171787108062,0.8269400555435195,1.9427828762832506,1.0,0.9079973593307543
11.36,1.1725813581850126,2.72778542231138,1.7468513633993485,0.6012004908989663,2.236822951434615,0.7533393945028845,-0.41701147547462525,1.1968728718603758,2.2069206179540024,0.8237410945042015,1.891461414465845,1.0,0.9061607890786912
11.399999999999999,1.1597655182950124,2.6520048038313773,1.7462941529693483,0.5665748239895987,2.106488655212305,0.8058927150773386,-0.4237776729613214,1.1262943478809953,2.1989546229903465,0.819382140931283,1.8394289180942642,1.0,0.8809883164191185
11.439999999999998,1.153,2.612,1.746,0.4866526769192514,1.9063208023943463,0.9705678157193546,-0.427941581525216,1.0576932054874733,2.217035384395851,0.8138631948247642,1.7866853871685084,1.0,0.8922768532118609
11.479999999999997,1.153,2.612,1.746,0.37920477076758474,1.7198788509688765,1.1809484329687976,-0.43629621067907465,0.9908505638893107,2.270239621599639,0.8071842561846447,1.7332308216885777,1.0,0.9443642292149254
11.520000000000003,1.1419306044046633,2.541733401873081,1.746,0.2582468539762808,1.5420097893892313,1.334295421609821,-0.4463580460205101,0.9234797630743987,2.2674667972331135,0.7993453250109247,1.6790652216544717,1.0,0.92820313661341
11.560000000000002,1.123871862691728,2.4406120025800164,1.746,0.15811266388721212,1.3903090261850533,1.4268241560541575,-0.45637158461446803,0.8555473117856961,2.2382134453079012,0.790346401303604,1.6241885870661907,1.0,0.8819220072055248
11.600000000000001,1.1104410643952731,2.384970123923275,1.746,0.0201240915203349,1.2254771379454379,1.591607704766149,-0.4659380077158372,0.7846351726395272,2.2463398975422755,0.7801874850626827,1.5686009179237337,1.0,0.8806396011799088
11.64,1.0970102660988181,2.3293282452665327,1.746,-0.12387425762688344,1.0647092992779694,1.7577884112788311,-0.4799765384007679,0.7092101701553521,2.2609002540730923,0.768868576288161,1.5123022142271019,1.0,0.8804592574263949
11.68,1.0725676051006061,2.2452377606228016,1.7443069890641967,-0.26849466182806286,0.903568103266218,1.8969779843875871,-0.49661940930827486,0.6301456001197103,2.2518593590870637,0.7563896749800386,1.4552924759762946,1.0,0.850871339410711
11.719999999999999,1.046186612867816,2.1561396925158305,1.7423159707824767,-0.39282572884106903,0.7550770069509741,2.008415586593745,-0.5123128699607161,0.5515417337369286,2.2368851663181597,0.7427507811383158,1.3975717031713122,1.0,0.817005935373519
11.759999999999998,1.024111990826935,2.090891402362671,1.742,-0.5360140281961622,0.591641922409672,2.1637333935520324,-0.5227961127666041,0.47741908203272865,2.2352220492457224,0.7279518947629927,1.3391398958121545,1.0,0.8079858477111925
11.799999999999997,1.0028496962930569,2.0301419894087336,1.742,-0.6412267794974185,0.46411194102687325,2.270558867477899,-0.5318572797543017,0.4084598877318802,2.232751294082591,0.7119930158540689,1.279997053898822,1.0,0.8045589057534303
11.840000000000003,1.0,2.022,1.742,-0.711163899460368,0.36235972860268406,2.383796912754979,-0.5355265226709711,0.34833430308909424,2.271342899441269,0.6948741444115444,1.220143177431314,1.0,0.857948804794631
11.880000000000003,1.0,2.022,1.742,-0.7485709584397878,0.28268572525088137,2.4663159860498594,-0.5305799948995534,0.3017116178175395,2.3026218184188787,0.6777552729690199,1.1602893009638062,1.0,0.9199929309145349
11.920000000000002,0.9536662772191701,1.9073850015421576,1.742,-0.8061776067640994,0.19135803660138193,2.458007127816592,-0.5259850086267993,0.2541206196558443,2.218704812299186,0.6606364015264954,1.1004354244962982,1.0,0.8585069178189282
11.96,0.9093718723791702,1.8008291753950196,1.7417939700335094,-0.8496418713829397,0.11066535592908208,2.439422695511313,-0.5264936052652354,0.20485925603991798,2.1468184956761776,0.643517530083971,1.04058154802879,1.0,0.8053912007423438
12.0,0.8724810557024906,1.7171753516633943,1.7412743810662323,-0.8819535595382957,0.035311058355780356,2.4303720538753333,-0.5326354412610264,0.15350767810694776,2.1022390357341516,0.6263986586414464,0.9807276715612819,1.0,0.7764739092017791
12.04,0.853,1.673,1.741,-0.9464804715225253,-0.05681805772624249,2.4960770180879277,-0.5491199291381411,0.09731795478867433,2.109197525905929,0.6092797871989218,0.9208737950937738,1.0,0.7906284653580629
12.079999999999998,0.8525003251099658,1.6719694205393045,1.741012491872251,-0.9934447958185106,-0.13648650367365273,2.5841877291134616,-0.5608008019961256,0.04572758085619558,2.154549279319285,0.5921609157563973,0.8610199186262657,1.0,0.8517133923542418
12.119999999999997,0.8031388763846626,1.5701614325433668,1.7422465280903836,-1.0542623361707677,-0.21351632606389115,2.575159337002779,-0.5711630341983187,-0.0047183484192665215,2.0902038335810564,0.5750420443138728,0.8011660421587576,1.0,0.8021110117892084
12.159999999999997,0.7541565415337842,1.4708592702694876,1.7432730936009597,-1.10156767236463,-0.2900167323181495,2.558201840070072,-0.5839451825603639,-0.05569723220303241,2.0299977781428393,0.5579231728713484,0.7413121656912499,1.0,0.7554776719235966
12.200000000000003,0.70576861548493,1.3754859667529056,1.7439743678915227,-1.1379143161269523,-0.3648180587935376,2.5353155333508566,-0.6015817037383956,-0.10881620517912244,1.977957986099671,0.5408043014288237,0.6814582892237421,1.0,0.7133636114132302
12.240000000000002,0.6625082057648487,1.294297185341444,1.7455087925176418,-1.2021093094721862,-0.46359993730673466,2.562616001656018,-0.6320416059869582,-0.169242890670673,1.9539213825536055,0.522378741355551,0.6231516429722974,1.0,0.6856184112446314
12.280000000000001,0.6194423206884951,1.2136465278348183,1.7470748247022365,-1.2495709586959964,-0.5469851215977589,2.567690488259683,-0.6573646158515833,-0.22345488278452613,1.9223673992244483,0.50264649265153,0.5663922269369158,1.0,0.6577076823921648
12.32,0.594,1.166,1.748,-1.2868311561067447,-0.6216247162674112,2.594827154935753,-0.6880462916618157,-0.2797053195815948,1.9322801466222062,0.4816075553167611,0.5111800411175973,1.0,0.6643953944547075
12.36,0.594,1.166,1.748,-1.1464176111305653,-0.509470890981436,2.415834466113014,-0.7395697511705466,-0.3494372718613265,2.018652621473931,0.4592619293512441,0.457515085514342,1.0,0.7211832095493482
12.399999999999999,0.5599760878551563,1.1029662259211317,1.748,-1.0893353641669303,-0.4143789482930311,2.2411079053633745,-0.7176209820905305,-0.34555767889056205,1.9314439613783054,0.435609614754979,0.4053973601271498,1.0,0.7085685162046642
12.439999999999998,0.5160530432386279,1.021593006421037,1.748,-1.1296575971912906,-0.4271308479087358,2.1925246448166473,-0.6980581774320181,-0.346390753789471,1.8290559380068308,0.41065061152796584,0.35482686495602056,1.0,0.6750457466088258
12.479999999999997,0.4618871877362776,0.9232719133036102,1.7487497537831056,-0.9621627240101427,-0.3860352838820604,1.9344775748886789,-0.6849214814600153,-0.3575415024152969,1.7192013057316198,0.3843849196702047,0.3058036000009548,1.0,0.6223132004772289
12.520000000000003,0.4012207335006144,0.8141948541728219,1.7499753387171593,-0.885969666576941,-0.3963109529620106,1.766970128541784,-0.6637175862313682,-0.36386333545190963,1.5880537531757162,0.35681253918169553,0.25832756526195216,1.0,0.5576383510876806
12.560000000000002,0.4,0.812,1.75,-0.8363988277281167,-0.41315287620206276,1.7405980671233805,-0.6420436149289697,-0.37300269767750177,1.578000725258766,0.3279334700624383,0.2123987607390126,1.0,0.6039165760769889
12.600000000000001,0.35921192345097547,0.7385814622117559,1.75,-0.8005857006480579,-0.43063990015162623,1.6468785999801705,-0.6198814679771093,-0.387016374654559,1.491842605470254,0.29774771231243263,0.1680171864321361,1.0,0.5738653518437975
12.64,0.31463126903229516,0.6583362842581313,1.75,-0.7769604134132637,-0.4816783406839038,1.5783553928903513,-0.5966077671535401,-0.4095030686769588,1.4037939538072253,0.2662552659316789,0.1251828423413227,1.0,0.5353436562655157
12.68,0.27083103983193435,0.5810973048047482,1.750285970197726,-0.8150538526413319,-0.5401408394392847,1.5608718639944408,-0.5810273794338732,-0.43275424470952417,1.3242196686828553,0.2334561309201772,0.08389572846657242,1.0,0.49860434347218535
12.719999999999999,0.22741207425957483,0.5053269531196503,1.7507116463307884,-0.8225536718114319,-0.5630990150066895,1.4979860203917634,-0.5581388088013244,-0.45389771367033166,1.2398395667408386,0.19935030727792744,0.044155844807885286,1.0,0.46202408368788955
12.759999999999998,0.17400620945389228,0.4140850961008675,1.7505515179337177,-0.7680798129191382,-0.5415535789177937,1.3419282211586656,-0.5389237341272166,-0.4761239848285814,1.140500465683297,0.1639377950049295,0.005963191365261217,1.0,0.4082460803174176
12.799999999999997,0.09962956567134407,0.2903557260700864,1.7491613002929225,-0.7693077427217754,-0.5597325329127248,1.2156077056262462,-0.508301052279474,-0.49656309959856665,0.9943947276779957,0.12721859410118352,-0.03068223186129978,1.0,0.32222123598927643
12.840000000000003,0.091,0.276,1.749,-0.7831322714617976,-0.5891969544072485,1.229907719272686,-0.4790591851655866,-0.5211415125737152,0.9800010539075779,0.0891927045666896,-0.0657804248717973,1.0,0.341785203223208
12.880000000000003,0.091,0.276,1.749,-0.8180534659685172,-0.6342896830633177,1.286470174967492,-0.45210743478561405,-0.5465308020452215,0.9856584631770609,0.0498601264014476,-0.09933138766623172,1.0,0.3775793158624609
12.920000000000002,0.091,0.276,1.749,-0.7615395048398979,-0.608086170045203,1.2281823819685145,-0.4390362735377529,-0.579933594143355,1.0067575521688172,0.009220859605457241,-0.1313351202446031,1.0,0.41546326912057535
12.96,-0.0007684341744154388,0.1285847493581199,1.7470474801239486,-0.7673986793937392,-0.585653058517895,1.0477869912747417,-0.4020278209627962,-0.6001503276432252,0.8319037852648249,-0.032725095821281164,-0.16179162260691138,1.0,0.2921295356844057
13.0,-0.041371052175257876,0.06437373756309256,1.7454651579129898,-0.7982173269628577,-0.621354996535007,1.0212933860686895,-0.3604102184495077,-0.6087922128105514,0.7449418677718549,-0.07597773987876769,-0.19070089475315652,1.0,0.25741152049797206
13.04,-0.08068460518237588,0.002258323811846097,1.743892615792705,-0.8292621787791381,-0.6597692647279594,0.9993242275056909,-0.32585758873355497,-0.6210421354401858,0.669785976538163,-0.1205370725670022,-0.2180629366833386,1.0,0.22389657653217868
13.079999999999998,-0.12112553743764133,-0.06306706798479328,1.7432132416169135,-0.7518059065381539,-0.49120967600070387,0.7622754231689649,-0.31278399184614,-0.6453229555165914,0.6129884841591206,-0.16640309388598487,-0.24387774839745752,1.0,0.18639356016027897
13.119999999999997,-0.16304650727998815,-0.13260655913503916,1.7437064294974116,-0.7220460501830372,-0.49703097434846083,0.6672972676172608,-0.28540232272228855,-0.656129692042816,0.5376313014158719,-0.21357580383571553,-0.2681453298955134,1.0,0.14465119491271763
13.159999999999997,-0.188,-0.174,1.744,-0.7285697224625599,-0.5288046150641557,0.6466080263297639,-0.2649816374133935,-0.6628805043636888,0.49490435444209013,-0.2620552024161942,-0.2908656811775057,1.0,0.13835375109474232
13.200000000000003,-0.18908682935238266,-0.17567552858492327,1.744,-0.649439524091393,-0.4858751692648222,0.555111178622271,-0.24827065505735413,-0.6724910244735542,0.5003282544291724,-0.31184128962742086,-0.31203880224343505,1.0,0.183476428786594
13.240000000000002,-0.25218452054204504,-0.27295113583565284,1.744,-0.5047737658120399,-0.42280549926645994,0.2936965390761662,-0.23801896431111547,-0.6882956735499355,0.4155860295924573,-0.362934065469396,-0.33166469309330127,1.0,0.12535048267742124
13.280000000000001,-0.31760691717171907,-0.3714409454545483,1.7443231434343436,-0.35857284618217034,-0.36894491159853904,0.041041899623429676,-0.2447088689697123,-0.7137022863887594,0.34993849592427867,-0.4153335299421192,-0.3497433537271044,1.0,0.10010632512657017
13.32,-0.38539364848484897,-0.4711656559440566,1.7449749389277391,-0.22397173880085924,-0.34952665242112385,0.2021214488966428,-0.2735053779491592,-0.7469107461650115,0.2975808123257114,-0.46903968304559035,-0.3662747841448445,1.0,0.1341594353168479
13.36,-0.46091319985829876,-0.5761588538574596,1.745656875674399,-0.19608903156703394,-0.35162156234353836,0.3472014334526397,-0.3242582135527002,-0.7881080648171852,0.25218456199504685,-0.5240525247798097,-0.3812589843465214,1.0,0.20487199292954825
13.399999999999999,-0.499,-0.629,1.746,-0.20538518962755448,-0.3640436690165699,0.39548895584864074,-0.3778402424757449,-0.8238072305755071,0.22941129860544157,-0.5803720551447771,-0.3946959543321352,1.0,0.24803184709793522
13.439999999999998,-0.499,-0.629,1.746,-0.20530668649319997,-0.3857638711859266,0.3813391885960058,-0.4348708265159832,-0.8570256804398002,0.23687182574501553,-0.6379982741404925,-0.40658569410168593,1.0,0.26227589230095916
13.479999999999997,-0.499,-0.629,1.746,-0.2262770643066312,-0.39100429950270144,0.3619665082689409,-0.49528437151447285,-0.89036157354731,0.2613879836988847,-0.6956244931362077,-0.41847543387123665,1.0,0.2880655901783041
13.520000000000003,-0.5751831098390714,-0.7284254145357373,1.7479368587247222,-0.21283634110981742,-0.39195740630406345,0.494475379945171,-0.5576872166189517,-0.9218084890820977,0.19417291211848528,-0.7532507121319226,-0.43036517364078736,1.0,0.3472001990043793
13.560000000000002,-0.6584289718197607,-0.8323960817850992,1.749637368797227,-0.2925029224137403,-0.3868125234615207,0.5765818077967767,-0.6341788064530602,-0.9602738499610011,0.13015680586877518,-0.8108769311276377,-0.44225491341033796,1.0,0.4188681314661691
13.600000000000001,-0.747,-0.938,1.751,-0.34819627811047893,-0.3856903870694224,0.6812417464663032,-0.717739091208029,-1.000885618789301,0.06935994401558676,-0.8685031501233531,-0.45414465317988867,1.0,0.49887775269729984
13.64,-0.747,-0.938,1.751,-0.48847141285027607,-0.3935334627531743,0.6027278329023651,-0.8105475991193416,-1.0451232454848203,0.12455395247455467,-0.9261293691190686,-0.4660343929494394,1.0,0.504815674399676
13.68,-0.747,-0.938,1.751,-0.578450405383037,-0.4157437190917541,0.5487810025808612,-0.9053139120170196,-1.0884647184418346,0.21840999572801878,-0.983755588114784,-0.4779241327189901,1.0,0.5174195707140876
13.719999999999999,-0.8206630786727055,-1.017676391217416,1.7545077656510812,-0.6025572443150919,-0.4119244809795675,0.6438210401482957,-1.0033914984551362,-1.12864449807227,0.21378399410417637,-1.0413818071104994,-0.48981387248854086,1.0,0.5721499766337397
13.759999999999998,-0.894,-1.097,1.758,-0.7970653434959006,-0.4928329444537327,0.6118939112615962,-1.0995887378632045,-1.1601864741317192,0.21507965884616762,-1.099008026106215,-0.5017036122580916,1.0,0.6296078779895714
13.799999999999997,-0.894,-1.097,1.758,-0.8628232959553223,-0.5352910548418457,0.5625734849295475,-1.205868062109529,-1.189552225923653,0.3253115471165694,-1.1566342451019302,-0.5135933520276423,1.0,0.6397968924577574
13.840000000000003,-0.995226007154455,-1.1880397422835665,1.7624564908810136,-0.9251923101097024,-0.5187757007161337,0.6729183279246677,-1.3024620626711851,-1.207589352771874,0.3078574038085228,-1.2148004704346194,-0.5241913337751639,1.0,0.6992193178137395
13.880000000000003,-1.053,-1.24,1.765,-1.004355597976169,-0.4993525368537419,0.7422431828674776,-1.398258313165278,-1.2228575456242639,0.34568362204732433,-1.273506702104282,-0.5334975575006564,1.0,0.7401141175051621
13.920000000000002,-1.1125107506155405,-1.2835020106838748,1.766392064341884,-1.0912310857724092,-0.4509927835180653,0.8327811461915124,-1.4895684749630473,-1.2324311925811193,0.38050066485067435,-1.332752940110919,-0.5415120232041196,1.0,0.7739869272500186
13.96,-1.2259407613239888,-1.3658490830792451,1.7688787024172505,-1.1239337281162913,-0.43050757040759274,0.9408874428701508,-1.5735591703500023,-1.2349455129124935,0.37144892377846306,-1.39253918445453,-0.5482347308855537,1.0,0.8344149228667309
14.0,-1.3103199321032282,-1.4027649702951623,1.7636050042435483,-1.3082622517035365,-0.31778635155265594,1.0849805699536854,-1.6604942568294851,-1.2398019789527357,0.38623696643998473,-1.4528654351351147,-0.5536656805449587,1.0,0.8609813147153159
14.04,-1.3946991028824676,-1.4396808575110795,1.7583313060698458,-1.517971316665416,-0.26003444989359814,1.1860698485737584,-1.7672208767167794,-1.2461697968216607,0.41978447159203747,-1.5137316921526736,-0.5578048721823347,1.0,0.8898730307228746
14.079999999999998,-1.4811515801796309,-1.4583209881925514,1.7552798353012413,-1.7314019796795588,-0.2943885298603504,1.1905309865808258,-1.8743833515920159,-1.2535686973945248,0.44334492963736694,-1.575137955507206,-0.5606523057976812,1.0,0.9025754827712518
14.119999999999997,-1.5677430385652238,-1.475736030102503,1.7523773283162496,-1.8867740147835947,-0.4336654443949233,1.089812768040357,-1.9741637388519024,-1.2598199181581076,0.46021468144627786,-1.6370842251987123,-0.562207981390999,1.0,0.9161559342963339
14.159999999999997,-1.579,-1.478,1.752,-2.0173019849147753,-0.5841523623602497,0.9955261067869562,-2.069368021352542,-1.2577690367285526,0.5375522984312099,-1.6995705012271922,-0.5624718989622876,1.0,0.923433240443453
14.200000000000003,-1.657782976217087,-1.4722783313361893,1.749359229847472,-2.105684661555689,-0.66621782353168,0.922143948617147,-2.159498273533695,-1.2486030454943287,0.5493167329127435,-1.762596783592646,-0.5614440585115471,1.0,0.916845137833296
14.240000000000002,-1.758,-1.465,1.746,-2.188894183793834,-0.7449356937694879,0.8391438510378201,-2.247114804474623,-1.2352497871605663,0.5403873168904078,-1.8261630722950741,-0.5591244600387774,1.0,0.9084364030160507
14.280000000000001,-1.7593171893709676,-1.4645931195136803,1.7460137925588584,-2.3454056037235835,-0.726135594190354,0.9427720541811869,-2.332327099400903,-1.2188416836000588,0.6234854651442336,-1.8902693673344761,-0.5555131035439785,1.0,0.9184633625512014
14.32,-1.8683865958699664,-1.430901522741738,1.7471558805850258,-2.4168339042594953,-0.9136491607132357,0.7538862355181875,-2.41291463291815,-1.2011656983102648,0.5910070491616466,-1.9549156687108518,-0.5506099890271506,1.0,0.8845340382236762
14.36,-1.9662481865234496,-1.3999922046940794,1.7485813995457342,-2.4958264468001268,-1.0992167335822258,0.6090312124844092,-2.490642912813052,-1.1854730762649195,0.5665759308533619,-2.020101976424201,-0.5444151164882937,1.0,0.8572703100827446
14.399999999999999,-2.0323590000841207,-1.3769648426673287,1.7508098539354198,-2.5675534376752043,-1.17561576915068,0.5718168722890652,-2.56315411419821,-1.1639229985488264,0.5719530404786753,-2.0858282904745247,-0.5369284859274076,1.0,0.8417363278721748
14.439999999999998,-2.098469813644792,-1.353937480640578,1.7530383083251053,-2.6398927687248506,-1.2337351603713682,0.5546056383464963,-2.6320661942684667,-1.1380863384359636,0.5756012621648097,-2.152094610861822,-0.5281500973444923,1.0,0.8275266891693367
14.479999999999997,-2.127,-1.344,1.754,-2.7094284236974504,-1.1836820817952751,0.6040899797449002,-2.697196666461612,-1.1075958979626188,0.6172609965841319,-2.218900937586093,-0.5180799507395477,1.0,0.831017274248611
14.520000000000003,-2.2017870995550126,-1.315553373175394,1.7553764496850615,-2.7812565426735882,-1.1324908672538363,0.6076978826542285,-2.7636576681953473,-1.0759024676760143,0.6108445730387441,-2.2862472706473373,-0.506718046112574,1.0,0.8132331195947221
14.560000000000002,-2.3235152442155718,-1.26630789143664,1.7566125405292996,-2.859935020073575,-1.1595295647749562,0.5469440437341095,-2.8310653251476965,-1.0433262773485013,0.5543716126169863,-2.354133610045556,-0.4940643834635715,1.0,0.7728502571214229
14.600000000000001,-2.407345356712718,-1.2270579543715021,1.7556434062807778,-2.913757885308803,-1.23869832439627,0.5065462933764241,-2.895588812707891,-1.0055754391762137,0.536130746049265,-2.422559955780749,-0.4801189627925395,1.0,0.7470939306176958
14.64,-2.485893503817628,-1.1882654885014445,1.7547138312022796,-2.9783431272761067,-1.256650841295468,0.4971752086751315,-2.9529137631652893,-0.9595420122651176,0.5200214911162677,-2.4915263078529155,-0.46488178409947856,1.0,0.7234056346722846
14.68,-2.5540082523668266,-1.1503766596209528,1.7538623968454146,-3.047948088477408,-1.2346597827605676,0.5010790422110223,-3.0094439405406983,-0.9106816726552841,0.514660424784032,-2.5610326662620557,-0.4483528473843885,1.0,0.7020589543177485
14.719999999999999,-2.6221230009160257,-1.1124878307404609,1.7530109624885495,-3.1192644664391045,-1.2060732214276269,0.5058733656682313,-3.066577535426306,-0.8608661592240983,0.5107379943018125,-2.63107903100817,-0.4305321526472694,1.0,0.6820144847131591
14.759999999999998,-2.623,-1.112,1.753,-3.1932779605108963,-1.156425178508744,0.5720057243856925,-3.126832644446201,-0.8123272797087188,0.5862175985898311,-2.7016654020912583,-0.41141969988812105,1.0,0.7049829802137282
14.799999999999997,-2.6544095479625693,-1.0929044225454836,1.7519292199558214,-3.266935285839105,-1.1639205698058448,0.6166287965485392,-3.1815857700656967,-0.753759592122182,0.6268444664777506,-2.7727917795113206,-0.3910154891069436,1.0,0.7118022391296289
14.840000000000003,-2.7464056602351086,-1.0369749679252465,1.7487929888556213,-3.339825091743823,-1.172260358258373,0.6086450184875518,-3.2297123589216943,-0.6867941302090197,0.5968349722485811,-2.8444581632683565,-0.369319520303737,1.0,0.6748170789849375
14.880000000000003,-2.855536492781383,-0.9688983841275505,1.7452970935909222,-3.409358649323763,-1.1640891849589807,0.5872124230689157,-3.2695903285858003,-0.6105360698743136,0.5475985091481596,-2.9166645533623656,-0.3463317934785014,1.0,0.6255603884380572
14.920000000000002,-2.9765953357432005,-0.8916831571246113,1.7416279571419293,-3.482085142160052,-1.1333566036942977,0.5602909950804287,-3.308486903220009,-0.5311796759149132,0.49001507377480136,-2.989410949793349,-0.3220523086312365,1.0,0.5697749937639984
14.96,-3.0445045846879815,-0.8488313315872629,1.7394490507586744,-3.557893308766288,-0.9958119501422943,0.5340143108958516,-3.345459599325958,-0.4507016470605524,0.49908032072711783,-3.062697352561307,-0.2964810657619425,1.0,0.5526497923280119
15.0,-3.112413833632763,-0.8059795060499145,1.7372701443754193,-3.630847819330171,-0.8988474501030099,0.5266861043911726,-3.380452683512826,-0.36526450280044653,0.5158241358585361,-3.136523761666238,-0.26961806487061946,1.0,0.5369030491752769
15.04,-3.152,-0.781,1.736,-3.7024112844874764,-0.8125877123648761,0.551316937580916,-3.412762166086438,-0.27645066392032003,0.5679497687300672,-3.2108901771081433,-0.24146330595726723,1.0,0.542741095899684
15.079999999999998,-3.152,-0.781,1.736,-3.773175201000253,-0.7316788648229536,0.623130166749177,-3.4419513421681858,-0.18434099005542737,0.6633805506443265,-3.285256592550048,-0.21330854704391508,1.0,0.58312168988766
15.119999999999997,-3.261415407862333,-0.7130869882233796,1.7328558790844157,-3.84334493220455,-0.6544835997347466,0.5848729164899914,-3.4675571560101512,-0.08880789738827355,0.6574334974606519,-3.359623007991954,-0.1851537881305629,1.0,0.5369899407656176
15.159999999999997,-3.326,-0.673,1.731,-3.913013654724794,-0.5801786062779837,0.5943070266838992,-3.488913610419424,0.010262528723568365,0.7024162068301222,-3.433989423433859,-0.15699902921721087,1.0,0.5271799668257113
15.200000000000003,-3.329919246408471,-0.6705865693168891,1.7309174895492954,-3.9733411240893393,-0.42967766791440165,0.6870435295185654,-3.504885660551153,0.11287110772981268,0.8027572346614901,-3.508355838875764,-0.12884427030385884,1.0,0.5703721031671012
15.240000000000002,-3.459796080476542,-0.5906097820223398,1.7281832404110202,-4.028078554007463,-0.3008543648062424,0.6378896233115069,-3.525945659169263,0.21213974796148005,0.8054704058191512,-3.5827222543176687,-0.10068951139050668,1.0,0.5051066380391248
15.280000000000001,-3.619726271428018,-0.4932323075461227,1.724872281611733,-4.082622209829137,-0.17681074226076163,0.5607096011001511,-3.543528886643066,0.3100578105865496,0.8068959383573997,-3.6570886697595744,-0.07253475247715448,1.0,0.42235338479772294
15.32,-3.711,-0.438,1.723,-4.142942146743887,-0.08638787753462122,0.5569605935776123,-3.5598104925341256,0.40633167021119604,0.8577611768373534,-3.7314550852014796,-0.04437999356380231,1.0,0.3941511384956691
15.36,-3.711,-0.438,1.723,-4.191695883929917,0.028242967503113087,0.6696648695976767,-3.576634932243175,0.502511400839218,0.9500608751768721,-3.805821500643385,-0.016225234650450115,1.0,0.4323020583688347
15.399999999999999,-3.778472261448196,-0.39996008305184017,1.7224446727452825,-4.2207433435556485,0.19353875844390367,0.7401652416354656,-3.5935259868154183,0.5954629930276261,1.0124585052692527,-3.88018791608529,0.011929524262902067,1.0,0.424263035170571
15.439999999999998,-3.9079030734259446,-0.326988802224879,1.721379398572626,-4.244602453711169,0.34054290122178854,0.747639651029066,-3.613358469283031,0.6830342253758446,1.0520945965612778,-3.9522330089877165,0.03992935707107634,1.0,0.3695863617722425
15.479999999999997,-3.954,-0.301,1.721,-4.277819340106955,0.4263182704649287,0.7961474936086899,-3.6381220965917294,0.7642471519684471,1.1110942105143435,-4.021956779350664,0.0677742637740725,1.0,0.3749834416101917
15.520000000000003,-4.129525451363469,-0.19644171226057505,1.7172150846067178,-4.320620249265905,0.48767513988826033,0.7103049269006968,-3.6570917264461693,0.8439742897478693,1.1426544016781586,-4.089359227174133,0.09546424437189074,1.0,0.2946564322785828
15.560000000000002,-4.325,-0.08,1.713,-4.375743073128691,0.5308833870859885,0.6129872527942104,-3.6727672514206717,0.9198731042629735,1.193798049482332,-4.154440352458122,0.12299929886453106,1.0,0.2651401680415489
15.600000000000001,-4.325,-0.08,1.713,-4.428561470279659,0.5745010018274608,0.662643599168991,-3.6855719273901575,0.9952422412996853,1.2510052507950193,-4.217200155202633,0.15037942725199357,1.0,0.25435307554518194
15.64,-4.325,-0.08,1.713,-4.481511023704571,0.6129377601730363,0.7103931587611729,-3.6967983993966866,1.0674511186322682,1.3081595165158602,-4.277638635407666,0.1776046295342782,1.0,0.26192220985159076
15.68,-4.325,-0.08,1.713,-4.473590036506981,0.7568152224596034,0.8499051214631322,-3.7067573155032356,1.1387016241191104,1.3665495474238478,-4.335755793073219,0.20467490571138486,1.0,0.2848780248218872
15.719999999999999,-4.4171918983836145,-0.020691836071687487,1.7106511618246214,-4.472319839339257,0.850079939663271,0.8725150859960082,-3.7208324745848773,1.2058345368054528,1.410419579584906,-4.391551628199293,0.2315902557833136,1.0,0.2535816975372241
15.759999999999998,-4.482,0.021,1.709,-4.459529752826283,0.9372818691280002,0.9165573499245694,-3.736367945647188,1.26842078505125,1.453281038015797,-4.445026140785889,0.2583506797500644,1.0,0.24021326242112975
15.799999999999997,-4.482897985247019,0.02162726910637395,1.708980191501904,-4.436281556546037,1.010930101085488,0.9904005173598857,-3.753727865609812,1.326533236355857,1.4948139170930437,-4.496179330833007,0.2849561776116373,1.0,0.26366362698549783
15.840000000000003,-4.5556018384182835,0.07241304889512439,1.7073764300348908,-4.401645926340872,1.0738953751705407,1.0132468962230317,-3.7712965909086686,1.3800581041434548,1.5248181241664618,-4.545011198340645,0.3114067493680321,1.0,0.23922823939281918
15.880000000000003,-4.632500240842272,0.1267501785554769,1.7054999916950941,-4.3517664817011426,1.13084987615526,1.0426061798404442,-3.789722820939807,1.4290550122953039,1.551216187215558,-4.591521743308805,0.337702395019249,1.0,0.21489549760541402
15.920000000000002,-4.734474383212458,0.20237849724398235,1.7019949533700802,-4.286732189266504,1.1820705603338093,1.077158117789927,-3.808066095454373,1.47295430932737,1.5724487940401195,-4.635710965737484,0.363843114565288,1.0,0.18927502550006858
15.96,-4.7954765417657885,0.25105043225993723,1.701345994236534,-4.202922029022664,1.2348137769339225,1.1484385786346554,-3.8271847728105053,1.5114818512555759,1.5894264096893291,-4.6775788656266855,0.38982890800614917,1.0,0.18209702734927544
16.0,-4.828,0.277,1.701,-4.101092184941484,1.285967562912673,1.243547552208232,-3.8465866028178755,1.543451046831069,1.6022080108987313,-4.717125442976409,0.4156597753418324,1.0,0.1775378852330541
16.04,-4.828,0.277,1.701,-4.0450817130155245,1.3407163050256445,1.3207775822113714,-3.8667263881493965,1.5686517260997799,1.6100966239256718,-4.754350697786653,0.44133571657233767,1.0,0.18008455641130544
16.08,-4.828,0.277,1.701,-3.9706586627137987,1.3932774935640682,1.4075189559140475,-3.8935958705546416,1.5853141253508172,1.6077303653651043,-4.789254630057419,0.466856731697665,1.0,0.1937699209446776
16.119999999999997,-4.859242496992377,0.3057229407833142,1.7040234674508752,-3.9289598857625005,1.4355353570568987,1.4635237725170824,-3.920152492535195,1.5960772686072104,1.5959023553479859,-4.821837239788706,0.4922228207178145,1.0,0.1902139807744316
16.159999999999997,-4.903736332570418,0.35075162508587565,1.7073350325017176,-3.8938657364551004,1.4667275785767941,1.5050717423658817,-3.9489143225187218,1.59951773722285,1.5719738781865475,-4.852098526980512,0.5174339836327858,1.0,0.17449776966168243
16.200000000000003,-4.931255222331323,0.38443191471454746,1.708,-3.876349657628251,1.500655923422534,1.535832604178475,-3.9805376091340228,1.5953596436401596,1.5395486172006758,-4.880038491632841,0.5424902204425792,1.0,0.16614927478943992
16.240000000000002,-4.94145318408379,0.4016900038341057,1.708,-3.840381600372918,1.6959780370659747,1.6992763593432318,-4.017414567217132,1.582613882884363,1.4994760997001428,-4.905657133745692,0.5673915311471949,1.0,0.16952390207194418
16.28,-4.951651145836256,0.4189480929536639,1.708,-3.7440325794985108,1.870159503864396,1.8879505186633332,-4.045382685874179,1.5530167874681398,1.4517004943857403,-4.9289544533190615,0.5921379157466327,1.0,0.174670703239782
16.32,-4.957,0.428,1.708,-3.62368065458165,1.7975130809547997,1.9113624867547037,-4.075607722316169,1.5301296043287207,1.4112200437559244,-4.949930450352954,0.6167293742408925,1.0,0.1888617357581225
16.36,-4.957,0.428,1.708,-3.581319769345757,1.7562322877380092,1.9122492272720772,-4.105530842190061,1.5186912406854103,1.3836932858149766,-4.968585124847368,0.6411659066299743,1.0,0.21348048825854796
16.4,-4.959834690954849,0.4382484980675307,1.707781946849627,-3.5374254959219327,1.6550762838242714,1.8718754708323522,-4.132865039656508,1.5121828242625157,1.3554385788918566,-4.984918476802303,0.6654475129138782,1.0,0.22857950183599524
16.439999999999998,-4.966369244929142,0.4618734239745919,1.7072792888516044,-3.5300647972712884,1.6054815581154234,1.835976587768702,-4.161011269977503,1.515160964188465,1.325901998711819,-4.998930506217759,0.6895741930926041,1.0,0.23001712108806138
16.479999999999997,-4.969774708481153,0.4867151589800597,1.7072252915188473,-3.538995071782833,1.6526658753401775,1.8456899636101534,-4.186134236074204,1.5208106042127512,1.297476697226268,-5.010621213093736,0.713545947166152,1.0,0.23047916046399872
16.520000000000003,-4.969267724478881,0.5130783270982306,1.7077322755211197,-3.5371668221416552,1.650112489344187,1.8285950017949462,-4.2101886628575595,1.5252725993648613,1.265202855909391,-5.019990597430233,0.7373627751345221,1.0,0.22994852352512066
16.560000000000002,-4.964510711187467,0.5503443018251741,1.7093467866437602,-3.5361822206599793,1.6643251927616345,1.8113739818778785,-4.2347924776245325,1.529419841753692,1.221096889391062,-5.027038659227253,0.7610246769977143,1.0,0.21976342909799276
16.6,-4.959,0.579,1.711,-3.5347151353007993,1.6840918878074602,1.8027244537946103,-4.259499960927592,1.5322121299733205,1.1823339923179808,-5.031765398484794,0.7845316527557284,1.0,0.2180322533506275
16.64,-4.959,0.579,1.711,-3.5333742175439267,1.7068344456494502,1.8178062076021453,-4.283252122286926,1.5330299871864157,1.1691058167183306,-5.034170815202856,0.8078837024085648,1.0,0.2409116034700579
16.68,-4.959,0.579,1.711,-3.5228813262083927,1.711438849805942,1.8288943637517092,-4.3037776383078405,1.5308214928892707,1.1555433776312383,-5.036576231920916,0.8312357520614011,1.0,0.2638957111758895
16.72,-4.95055898224874,0.5999015677650231,1.7114019532262505,-3.513190943607033,1.723667880180758,1.824521198404986,-4.325062266431108,1.533991068795361,1.1241749585512697,-5.038981648638979,0.8545878017142375,1.0,0.26959904616818176
16.759999999999998,-4.9396613501350135,0.6268861806180605,1.7119208880888088,-3.5061532116890812,1.7437549703918185,1.8172345683927051,-4.34632077688489,1.5389225411612317,1.0880548510151584,-5.041387065357041,0.8779398513670741,1.0,0.27088017043332496
16.799999999999997,-4.922057940467516,0.6659498997442911,1.7107736877282704,-3.5156653266182145,1.6501035053880144,1.7165367761255252,-4.366412801183025,1.5435016541151942,1.03867155656152,-5.0437924820751014,0.9012919010199104,1.0,0.264962556193932
16.840000000000003,-4.912,0.688,1.71,-3.535288666082443,1.5896792987951187,1.6457094685310394,-4.385830160922302,1.5428371242190866,1.0037934092721514,-5.046197898793163,0.9246439506727465,1.0,0.27204675228810454
16.880000000000003,-4.912,0.688,1.71,-3.5571521197448313,1.543618915681595,1.6024033535611664,-4.407118712856651,1.5441877318521737,0.9939630507628012,-5.048603315511226,0.9479960003255827,1.0,0.29369778002899516
16.92,-4.899120300322579,0.7081451712903243,1.7096697512903225,-3.5782901238614055,1.512603043718049,1.5465266966856397,-4.430176592763319,1.5447632039328894,0.9590818178873693,-5.051008732229287,0.9713480499784192,1.0,0.30388460161182684
16.96,-4.872817871812588,0.749295958304545,1.7089908935906295,-3.5976063873118282,1.4931594537741897,1.4763120368319662,-4.454697064948011,1.5429415989787267,0.897049838132875,-5.05341414894735,0.9947000996312554,1.0,0.3046936295612951
17.0,-4.854562817925129,0.7789604208716656,1.7080781408962564,-3.614829774625399,1.4815472245577017,1.4249793806799351,-4.479877538870558,1.5376927231719093,0.8462055098461779,-5.055819565665411,1.0180521492840917,1.0,0.3125206122901925
17.04,-4.83630776403767,0.8086248834387864,1.7071653882018836,-3.623676301292983,1.4695661398209328,1.3810569897098126,-4.503896549175103,1.5282512379681743,0.7926911794006947,-5.057638793523166,1.0417060816142378,1.0,0.3214253716743804
17.08,-4.819978667172207,0.8400426656555866,1.7076853333067261,-3.6109860894297032,1.48273413070673,1.3692024584721025,-4.530071668122833,1.522230752747999,0.7412331983044329,-5.058871832520615,1.0656618966216937,1.0,0.3285939467365754
17.119999999999997,-4.804075775420813,0.8718484491583748,1.708522327609431,-3.648296171894766,1.439209600274351,1.2875267638858896,-4.557952713707397,1.5168129016813723,0.6903301431383941,-5.059518682657758,1.0899195943064595,1.0,0.33586619836455606
17.159999999999997,-4.785078715944687,0.9063916867000824,1.708784319911841,-3.676892232604497,1.4232270826072662,1.2227821180899043,-4.591399304008802,1.5042945961376193,0.6284899392366609,-5.059579343934594,1.1144791746685347,1.0,0.34445754080274404
17.200000000000003,-4.761968357379423,0.9445740182426916,1.708281920812596,-3.7525195531770343,1.353238847096911,1.089033438718978,-4.6310112902588845,1.4834749067614776,0.5545844580180285,-5.059053816351122,1.1393406377079203,1.0,0.3552376753531897
17.240000000000002,-4.749,0.966,1.708,-3.8261775134875107,1.306710837504804,0.9837099249302703,-4.667791052945104,1.4699996303548386,0.5105002649162671,-5.057942099907345,1.1645039834246154,1.0,0.3672179904778635
17.28,-4.749,0.966,1.708,-3.894880130954565,1.2753841375568957,0.9084268243892926,-4.701964754587244,1.4616001812099586,0.497827132573529,-5.056244194603261,1.1899692118186203,1.0,0.3802120499932383
17.32,-4.716630603788038,1.0093518699267352,1.7074219750676436,-3.958434357662668,1.254717667110968,0.7969102346352795,-4.733863826312636,1.456905915100958,0.4478857078657373,-5.053960100438871,1.2157363228899347,1.0,0.3954563588256274
17.36,-4.693,1.041,1.707,-3.985648626904916,1.2704483227123522,0.743634653452226,-4.763989828142929,1.4547116275245264,0.41975810468501407,-5.051089817414174,1.2418053166385592,1.0,0.4105497442771444
17.4,-4.693,1.041,1.707,-3.9725187423073196,1.3107188881638654,0.7693123691445353,-4.793568249245935,1.4550554978372556,0.4260938019329196,-5.04763334552917,1.2681761930644935,1.0,0.42115772871513113
17.439999999999998,-4.677230241145147,1.061935714341787,1.7067281076059508,-3.960909369931086,1.352873599482291,0.7731496902585555,-4.823333663766873,1.455867059596701,0.4201524900272864,-5.043590684783861,1.2948489521677378,1.0,0.4341296477064461
17.479999999999997,-4.634837159454375,1.1182580869024996,1.706,-3.949602944358414,1.3955280200463296,0.7392053472234638,-4.853217345554827,1.4569928446080018,0.4030274702288585,-5.038961835178244,1.3218235939482914,1.0,0.4524993582180341
17.520000000000003,-4.601957808764201,1.1703687559208888,1.706,-3.938339725749341,1.4383655764026255,0.7156893571184622,-4.883189435491839,1.4583600697578314,0.40252978115588134,-5.033746796712322,1.3491001184061546,1.0,0.4673185530760594
17.560000000000002,-4.5663694140981494,1.224403839792652,1.7054789804699382,-3.9307240382598057,1.4530972238926503,0.6755336466496533,-4.913228809931438,1.4599320518585968,0.4192671930366295,-5.027945569386093,1.3766785255413285,1.0,0.48604539607968494
17.6,-4.526596798855773,1.2814112549733916,1.7041532266285258,-3.919523258528251,1.489270235849423,0.6416725327584265,-4.943290452582613,1.461380598256871,0.4538970869901135,-5.021558153199559,1.4045588153538118,1.0,0.5100510405062257
17.64,-4.504343175513068,1.3126586686800261,1.704,-3.9082566589526926,1.5276135042181869,0.6336597798079976,-4.973250957220449,1.463677468604143,0.49262682192127694,-5.014584548152716,1.4327409878436046,1.0,0.524181287083864
17.68,-4.484378945571602,1.3405397484258663,1.704,-3.8971470945696365,1.5666583383737664,0.629262158047996,-5.002964818371002,1.4670950403217466,0.5338047858290207,-5.007024754245568,1.4612250430107074,1.0,0.5363987151862815
17.72,-4.464414715630136,1.3684208281717065,1.704,-3.8861361919247166,1.6059424288966968,0.6251580294532585,-5.032053677518265,1.4725288128813945,0.5771069775472699,-4.998878771478114,1.4900109808551198,1.0,0.5481204176301462
17.759999999999998,-4.442188332179539,1.39977003138958,1.7043894940682225,-3.921881840469079,1.4219915587109695,0.5207807999461403,-5.059593712258732,1.482183131555558,0.6228814673994564,-4.990146599850352,1.5190988013768425,1.0,0.5608008723740284
17.799999999999997,-4.419913960303087,1.4311928060010028,1.7047872507088735,-3.9955244397898273,1.3471520970237085,0.43263068070454824,-5.102483210931554,1.4628443627400185,0.6833027169179928,-4.980828239362284,1.5484885045758747,1.0,0.5730472138983536
17.840000000000003,-4.408,1.448,1.705,-4.01174084247137,1.3446200552684004,0.4095225670192166,-5.149873289355633,1.4377198980128845,0.7419445113727926,-4.97092369001391,1.5781800904522165,1.0,0.5777801802840103
17.880000000000003,-4.408,1.448,1.705,-4.176662301276195,1.246657262392241,0.30668555368359435,-5.1971489379864995,1.4136110924648284,0.7898978688961517,-4.960432951805228,1.6081735590058683,1.0,0.5751849574222572
17.92,-4.384131236541597,1.485180189233282,1.7059180293637848,-4.32689886704202,1.2136094504937553,0.2775359620987312,-5.244865245065067,1.392187027672647,0.8657428957409486,-4.949356024736241,1.63846891023683,1.0,0.5856419496386714
17.96,-4.34828777258026,1.540795171347837,1.7068487798545149,-4.4144658571215425,1.2420963832437295,0.30594199595416055,-5.291407035362007,1.3747181000888573,0.957630167354781,-4.937692908806946,1.6690661441451013,1.0,0.6032013404102771
18.0,-4.328867715248697,1.5704964355019915,1.7064679944166412,-4.429297096620713,1.2804191388919244,0.3069705175605153,-5.336979119224455,1.360073712755226,1.0298380091422799,-4.925443604017346,1.6999652607306825,1.0,0.6104629126869218
18.04,-4.309447657917135,1.6001976996561462,1.7060872089787673,-4.517754206449892,1.2657686408768858,0.39399798669233327,-5.379304545004753,1.3494372402820978,1.0988514762397568,-4.912608110367438,1.7311662599935735,1.0,0.6172157606517461
18.08,-4.284194961676204,1.637146075938562,1.707273777856559,-4.5824397866222135,1.2648062276491028,0.47706072803291355,-5.42333969515189,1.3352510036596228,1.1784699225995114,-4.899186427857225,1.762669141933774,1.0,0.6276707286247463
18.119999999999997,-4.257209638492522,1.6762472585108348,1.708925940500458,-4.640681821911513,1.2680685807468042,0.5600542370496988,-5.468069045911434,1.3193993567265654,1.2623473886148426,-4.885178556486704,1.7944739065512847,1.0,0.639001175486918
18.159999999999997,-4.256,1.678,1.709,-4.724987583583206,1.2425276592602414,0.6399886820128767,-5.513440813361079,1.3020591424488748,1.3124362565406544,-4.870584496255877,1.826580553846105,1.0,0.6322897152566263
18.200000000000003,-4.256,1.678,1.709,-4.878486784120404,1.1977776784614826,0.7861954429455852,-5.560893115836093,1.2829920154560677,1.363369851364583,-4.855404247164744,1.858989083818235,1.0,0.6261329730819941
18.240000000000002,-4.220064889807213,1.7294243818276103,1.7102391417307858,-5.035707560963459,1.1974523710189984,0.9737901146010134,-5.602972939740585,1.2680739123942073,1.457833642847134,-4.839637809213305,1.8916994964676752,1.0,0.6404715569741052
18.28,-4.183892720770515,1.7808044496875466,1.7104574123373275,-5.182034120265728,1.2181041904038978,1.1458262674525082,-5.639101570234082,1.2587628970355473,1.5460142878551892,-4.823871371261864,1.9244099091171152,1.0,0.6558926749573483
18.32,-4.147907189308474,1.831322599624642,1.7090733534349414,-5.3792185848525005,1.2289110516466655,1.3707762129296672,-5.667369109623099,1.2564368303178475,1.6245793840368876,-4.808104933310426,1.957120321766555,1.0,0.6720759838599812
18.36,-4.146,1.834,1.709,-5.459223863046647,1.2515239173618729,1.4366054786616325,-5.67831906442261,1.2693181016584199,1.6330546106936021,-4.792338495358987,1.9898307344159951,1.0,0.6648583821924391
18.4,-4.146,1.834,1.709,-5.538096962806543,1.2804215982532516,1.498126496907283,-5.6848548975133735,1.2838544576065798,1.6342382058366665,-4.776572057407547,2.022541147065435,1.0,0.6581556683034316
18.439999999999998,-4.129464170832506,1.85831739583455,1.7083515361110788,-5.562223011958492,1.3178582808016457,1.5313046567704383,-5.685166647520618,1.3034931722572312,1.651677969533317,-4.760805619456108,2.0552515597148755,1.0,0.6613433976788393
18.479999999999997,-4.096073549293468,1.9074212510390165,1.707042099972293,-5.5110415842431,1.36983000334354,1.5136508479593307,-5.665031691703914,1.3408860277251629,1.6681102517193862,-4.745039181504669,2.0879619723643152,1.0,0.6736106767621363
18.520000000000003,-4.095,1.909,1.707,-5.490084925666186,1.4182623469910478,1.4788797766896953,-5.648578802570368,1.37153607640373,1.6439204862046937,-4.7292727435532305,2.1206723850137545,1.0,0.6686606850951785
18.560000000000002,-4.043554389629232,1.9816846238265886,1.706056043846408,-5.469687000953184,1.4540881946070292,1.520596007231014,-5.618676136369185,1.4121516667857965,1.6749257614022028,-4.7135063056017925,2.1533827976631947,1.0,0.6916038118851933
18.6,-3.986,2.063,1.705,-5.449093114482351,1.4895135696003836,1.571473241101534,-5.586888291315473,1.4502152096176917,1.7141611711256513,-4.697739867650352,2.1860932103126345,1.0,0.7223057369480119
18.64,-3.986,2.063,1.705,-5.428902349963744,1.5251909731641726,1.539871988470793,-5.553251634264074,1.4857490860237121,1.6701785242272362,-4.681228868550818,2.2179019204908546,1.0,0.7122764804752472
18.68,-3.986,2.063,1.705,-5.595954514029894,1.4325664970770497,1.7289881257119533,-5.517733065110219,1.5186720907206472,1.6255765302108596,-4.66397330830319,2.2488089281978545,1.0,0.7029742275287244
18.72,-3.986,2.063,1.705,-5.571284892851377,1.4051573876774703,1.7163580902859787,-5.483687879085845,1.5456791098540632,1.584515663078797,-4.645973186907468,2.278814233433634,1.0,0.694363298849634
18.759999999999998,-3.9335208005201334,2.1323792806682986,1.7032210440854283,-5.531778672553031,1.4030738781384402,1.7567909937366952,-5.443691792678061,1.574558343134915,1.6099008118222324,-4.627228504363652,2.307917836198193,1.0,0.7155726118636518
18.799999999999997,-3.927,2.141,1.703,-5.496225339085484,1.413687224375679,1.7295814633645636,-5.400952484188241,1.6043371216730842,1.5686117972968379,-4.6077392606717416,2.336119736491533,1.0,0.70815086852198
18.840000000000003,-3.9126542571102005,2.1583537212376607,1.7032313829498356,-5.462994274256836,1.4291878522927886,1.7132533476402025,-5.356974882172656,1.6344892075396091,1.5363906068096413,-4.587505455831738,2.3634199343136526,1.0,0.7053199927417512
18.880000000000003,-3.8816147278711597,2.195901538865533,1.7037320205182072,-5.356506028278147,1.5222102640546809,1.621469790582756,-5.312355100478236,1.6648384412621284,1.5261212361552268,-4.566527089843639,2.3898184296645506,1.0,0.7118347449512974
18.92,-3.837712412305953,2.2468085667513438,1.7031197552356758,-5.311099977951364,1.561045826011545,1.6251589015187007,-5.2653491165365365,1.6973035176554776,1.529739310552034,-4.544804162707448,2.41531522254423,1.0,0.7268928645490692
18.96,-3.803,2.286,1.702,-5.272856447238898,1.5885138083381358,1.6269495883550686,-5.215785231535856,1.7322608795996808,1.5174284575911778,-4.522336674423161,2.439910312952688,1.0,0.7356178597637275
19.0,-3.803,2.286,1.702,-5.238425980458137,1.6080381935746537,1.5874759703207237,-5.161545330281272,1.7719282870574404,1.452554694487181,-4.49912462499078,2.4636037008899274,1.0,0.7184236689366194
19.04,-3.803,2.286,1.702,-5.178354005234941,1.70182602567801,1.4942750322450495,-5.099289595736317,1.8195449127661503,1.3776599959425992,-4.475168014410307,2.4863953863559454,1.0,0.7014044129238446
19.08,-3.7621429359159415,2.327495455710372,1.7013616083736867,-5.130352433468198,1.7787238978988966,1.4741599139357406,-5.041855841673593,1.860253970287013,1.3623434687564362,-4.450466842681738,2.508285369350744,1.0,0.7116704247749954
19.119999999999997,-3.713994721208865,2.3699229136797775,1.701,-5.087208248428053,1.8400339896285876,1.4719027356350318,-4.987093164220855,1.897322734163207,1.3579876933458006,-4.425021109805075,2.5292736498743222,1.0,0.7286639708438398
19.159999999999997,-3.6659654287383354,2.4062694052790974,1.701,-5.046998831202946,1.8887274147330388,1.4748230302993492,-4.932918590126611,1.9333191383133483,1.3523506454225245,-4.398830815780318,2.5493602279266807,1.0,0.7467038630207811
19.200000000000003,-3.665,2.407,1.701,-5.000676096359391,2.0163503407527053,1.39163134150388,-4.876410641792052,1.9715368276892653,1.2873010205410236,-4.371895960607468,2.568545103507818,1.0,0.725119796716726
19.240000000000002,-3.642406716270906,2.4201794155086382,1.701,-4.976941773988281,2.0513111882350756,1.384574876764943,-4.828002693709962,1.997383846701615,1.2587271009724568,-4.344216544286523,2.5868282766177364,1.0,0.7213243913859209
19.28,-3.5840864401645365,2.4541995765706868,1.701,-4.938330738813082,2.063058030180688,1.4095989960745756,-4.779194645333973,2.0201229602479596,1.2714975937458557,-4.315792566817484,2.604209747256434,1.0,0.7469249675105432
19.32,-3.579537961451334,2.456660275473591,1.701,-4.9004818605097045,2.0691611772806935,1.3766075459475877,-4.72868041774624,2.043634408349071,1.2211137341678915,-4.28662402820035,2.620689515423911,1.0,0.7258624507089991
19.36,-3.493540315598597,2.4954979219877305,1.701,-4.86522515555701,2.0726744134809443,1.4353741740458215,-4.6751141216685745,2.070445310784473,1.2557015495257624,-4.256710928435123,2.636267581120169,1.0,0.7760447675421454
19.4,-3.452202808469597,2.5103052845885765,1.701372887411775,-4.799430456301531,2.1365904358941794,1.3981005411691398,-4.616608544881374,2.103314486106938,1.2334837773709773,-4.226053267521802,2.6509439443452063,1.0,0.786526392178578
19.439999999999998,-3.4139406117246858,2.5234579147196396,1.7017714519612013,-4.736439432058329,2.1864867435796955,1.3647537140316948,-4.562167359972523,2.1282540393930764,1.21433552548912,-4.195904201381109,2.6645651329686486,1.0,0.7945931679736066
19.479999999999997,-3.392,2.531,1.702,-4.675907102191194,2.2264424759163184,1.319535044071574,-4.5109424387890265,2.148028686109952,1.1826661441784,-4.166263730013041,2.677131146990496,1.0,0.7879331416652463
19.520000000000003,-3.392,2.531,1.702,-4.656416164532421,2.2122027450913646,1.3039861682043101,-4.461739303303791,2.1648914253086344,1.1306536452404081,-4.137131853417602,2.6886419864107483,1.0,0.7616248911748333
19.560000000000002,-3.3256322446076085,2.546928261294174,1.7039910326617718,-4.58267700298409,2.237520886242726,1.2945634199598002,-4.406513637428121,2.1868429443740878,1.1392831170552167,-4.108508571594788,2.699097651229406,1.0,0.7975279722932593
19.6,-3.262602375642473,2.5592673970841573,1.7057112328473596,-4.507259405977848,2.2506254909573533,1.2823536756218474,-4.352886198586643,2.2026831731848766,1.1471142590464154,-4.080393884544601,2.708498141446469,1.0,0.8312958360868585
19.64,-3.203947893076352,2.567781757456659,1.7071302929094432,-4.43580289359538,2.2596592743725434,1.2698055783802713,-4.300880342143988,2.215187788368098,1.1522080128410612,-4.0527877922670426,2.7168434570619366,1.0,0.8618286168068893
19.68,-3.168,2.573,1.708,-4.369627189161868,2.2669364036443804,1.2399930752819495,-4.2502684423243,2.2256196444479146,1.1366521423349183,-4.025690294762111,2.72413359807581,1.0,0.8709041314613547
19.72,-3.168,2.573,1.708,-4.308642545966292,2.273091303205931,1.1794111429358212,-4.2007318597078465,2.234627563967426,1.08675250150264,-3.999101392029805,2.730368564488088,1.0,0.8458690140458635
19.759999999999998,-3.168,2.573,1.708,-4.260012877651912,2.2768312208690404,1.1314628012840422,-4.151922820243888,2.2425468207696544,1.0379322809606264,-3.973021084070128,2.7355483562987724,1.0,0.8212678697799375
19.799999999999997,-3.069593141398844,2.5793197065156708,1.7098056304330487,-4.217083719338599,2.2806751403160392,1.185716325004037,-4.103321653324975,2.2497131560923065,1.0850046610273167,-3.9474493708830773,2.7396729735078615,1.0,0.8923814934652913
19.840000000000003,-3.0005131184228495,2.580562373861319,1.7111247477226375,-4.165398433845113,2.286065179060648,1.2015350164817884,-4.054245287979536,2.254724768335974,1.102960393818895,-3.922386252468654,2.7427424161153553,1.0,0.9360301498247557
19.880000000000003,-2.942159535453904,2.580614786063617,1.712128404645461,-4.121101930559705,2.29004692189426,1.2142219132702823,-4.004574542954686,2.2568830598026643,1.1106430023868081,-3.8985762899749514,2.7456583865924746,1.0,0.9705526252625885
19.92,-2.8986771088459156,2.579310313265377,1.712563228911541,-4.02717191504418,2.2810041065863027,1.167256236033767,-3.956478988892412,2.257056456688376,1.1057994237241457,-3.8760194834019703,2.7484208849392195,1.0,0.9918651634948782
19.96,-2.8551946822379275,2.5780058404671378,1.7129980531776208,-3.9438418665529715,2.2684899107631655,1.131791854829141,-3.9119592141499786,2.2575489422468697,1.1042843381685044,-3.85471583274971,2.751029911155589,1.0,1.0143864447822635
20.0,-2.823820549257757,2.575772896375554,1.7123636846787298,-3.8699015697015713,2.2577558446739943,1.0933528005660955,-3.8699015697015713,2.2577558446739943,1.0933528005660955,-3.8346653380181714,2.7534854652415843,1.0,1.0263473798364033
