time_s,rtk_x_m,rtk_y_m,rtk_z_m,ekf_x_m,ekf_y_m,ekf_error_m,ekf_rts_x_m,ekf_rts_y_m,ekf_rts_error_m,jointopt_x_m,jointopt_y_m,jointopt_z_m,jointopt_error_m
0.0,,,,-0.3207947841043344,-1.090191530178326,,-0.4628369803159959,-1.5964284218256455,,0.43923185643021295,-1.3336857083838785,1.0,
0.04,-0.6911639872227363,-1.64,1.3271639872227363,-0.405173997517808,-1.084203641889494,0.625059889850826,-0.5158159460999302,-1.6037503758277951,0.1790557756070197,0.41647391794587246,-1.3354800384736347,1.0,1.1487358860653403
0.08,-0.6937299012838801,-1.6398175246790299,1.329,-0.46168209421029127,-1.0743563834294625,0.6112221257701039,-0.5647921176232928,-1.6111984854327512,0.13207574138608666,0.39229360830626064,-1.3373865141940011,1.0,1.1273471424035642
0.12,-0.6964651311188098,-1.6391337172202975,1.329,-0.5128953218933223,-1.0786206217078294,0.5898074305229217,-0.6111645317170592,-1.6198134931124577,0.08746121036136587,0.36669092751137766,-1.3394051355449772,1.0,1.1045985821442892
0.16,-0.697,-1.639,1.329,-0.5596914229623853,-1.068534705247027,0.5867574437923143,-0.6560870930166625,-1.6289192457857185,0.04213653478106596,0.3396658755612234,-1.3415359025265632,1.0,1.078499432933928
0.2,-0.697,-1.639,1.329,-0.6080460705415205,-1.0680726153696722,0.5778156108023825,-0.6994291403751811,-1.6375981297587625,0.0028046324421575385,0.3112184524557978,-1.343778815138759,1.0,1.0505522337624336
0.24,-0.698107176348036,-1.6384464118259818,1.331214352696072,-0.6566686591029012,-1.0705583230959625,0.5693979557681161,-0.7417697756576875,-1.646106839474367,0.044329501804456675,0.281348658195101,-1.3461338733815646,1.0,1.02214497599529
0.28,-0.6992455271183352,-1.6378772364408323,1.3328772364408323,-0.7057563550942215,-1.075519165024998,0.562395760445852,-0.7834459423846888,-1.654565419850735,0.08583825136003725,0.25005649277913283,-1.3486010772549801,1.0,0.9923986201394736
0.32,-0.7001315018390458,-1.637434249080477,1.332434249080477,-0.754853712512898,-1.0800534939401165,0.5600605561382376,-0.8246708216097154,-1.6630242038647385,0.12714121265271006,0.21734195620789337,-1.3511804267590053,1.0,0.9610925017990003
0.36,-0.701,-1.637,1.3320443749580981,-0.8038421225097448,-1.084376964182854,0.5621109515727905,-0.865503600880056,-1.6714650141317797,0.16807519716367594,0.18320504848138258,-1.3538719218936401,1.0,0.9284288213816745
0.4,-0.701,-1.637,1.3342939647890157,-0.8498315033046565,-1.0912595390923623,0.565670811557044,-0.9059847063263391,-1.6798808282357642,0.2094218118006828,0.14764576959960057,-1.3566755626588847,1.0,0.8937457314191275
0.44,-0.7009275577166731,-1.637,1.3360724422833268,-0.8971947746999931,-1.0969932675106546,0.574567743261138,-0.9461593827401638,-1.6884265180482367,0.25056602874874623,0.11066411956254729,-1.3595913490547389,1.0,0.8576926082508628
0.48,-0.7006277434608023,-1.637,1.3363722565391978,-0.9440965251094793,-1.100872879839927,0.5888202922867253,-0.9859421917676745,-1.6969942868600874,0.2915538524329688,0.07226009837022279,-1.3626192810812032,1.0,0.8201465691963938
0.52,-0.7003279292049315,-1.637,1.3366720707950686,-0.9899415527754554,-1.1082110435093018,0.602904479552251,-1.0253926113414171,-1.7056041475145487,0.33222518963602443,0.032433706022626935,-1.365759358738277,1.0,0.7813520970301648
0.56,-0.7000281149490606,-1.637,1.3369718850509393,-1.035747797741751,-1.1146145464481192,0.6209623720460274,-1.064747389572699,-1.7142973507672412,0.3728203719187391,-0.008815057480240186,-1.3690115820259607,1.0,0.7413455894409997
0.6,-0.7,-1.637,1.337,-1.0809310789064146,-1.1204656083596256,0.6418070306751842,-1.1038982684187328,-1.7229738793754057,0.4129471142489164,-0.05148619213837853,-1.3723759509442541,1.0,0.700425617982265
0.64,-0.700804238509442,-1.637,1.3378042385094422,-1.125685058457218,-1.1246334436537633,0.6656149030945715,-1.1428323839548493,-1.731626849353118,0.4520432744598728,-0.09557969795178822,-1.3758524654931574,1.0,0.6591621797950984
0.68,-0.700778165903707,-1.637,1.338443668192586,-1.169889387418718,-1.1278905281159743,0.6922844736907923,-1.181412632333143,-1.740262941005617,0.49160220229880813,-0.1396732037651979,-1.379328980042061,1.0,0.6174407931637028
0.72,-0.7004895449939702,-1.637,1.3390209100120596,-1.2127799768611918,-1.1344087768264481,0.7176624723320786,-1.2196956926567564,-1.7489253238134055,0.5311330359538621,-0.18376670957860758,-1.3828054945909645,1.0,0.5758622536855807
0.76,-0.7002009240842334,-1.637,1.3395981518315332,-1.2558395812243561,-1.1397486209818832,0.7456495498851304,-1.2578257106225916,-1.7576526311664993,0.5705282288978775,-0.22786021539201726,-1.3862820091398678,1.0,0.5347571935269373
0.8,-0.7,-1.637,1.34,-1.2984609199079284,-1.144589676770828,0.7749989671475064,-1.2957194844149287,-1.766356062465654,0.6096020792354687,-0.27195372120542693,-1.389758523688771,1.0,0.4943196985741488
0.84,-0.7,-1.637,1.34,-1.34062536849317,-1.1490823286508407,0.805272945510897,-1.333355557465205,-1.7750360994013623,0.6482231304959762,-0.3160472270188366,-1.3932350382376748,1.0,0.45479785450561727
0.88,-0.7,-1.637,1.34,-1.3823628037760616,-1.1533319162529025,0.8363933352273423,-1.3707115740505673,-1.7836935309856408,0.6865660984919258,-0.36014073283224624,-1.3967115527865779,1.0,0.4162245299643453
0.92,-0.7,-1.6365501658421016,1.3395501658421016,-1.4237036198003148,-1.1574007989665263,0.8679464528928863,-1.4077477432655379,-1.792322775694279,0.7246875009806782,-0.4042342386456559,-1.4001880673354814,1.0,0.37860854084392764
0.96,-0.7,-1.636063056465287,1.339063056465287,-1.4646731332634004,-1.1613256481888035,0.9000558913489421,-1.4443883012670247,-1.8009102682278437,0.7624228133320093,-0.44832774445906554,-1.4036645818843847,1.0,0.3425609072801385
1.0,-0.7003426551114156,-1.6353146897771687,1.3400279653342468,-1.505508701406789,-1.1643560323721451,0.9327885178815537,-1.480489633911062,-1.8094325523456116,0.799341190353418,-0.4924212502724752,-1.407141096433288,1.0,0.30869807140579475
1.04,-0.7007362628741419,-1.634527474251716,1.3412087886224258,-1.5455927065341266,-1.16846837928065,0.9648800393826406,-1.51595869979953,-1.8176465502471695,0.8355358865183452,-0.5359850072965783,-1.4098466528100908,1.0,0.27861164322057175
1.08,-0.701,-1.634,1.342,-1.5855550996252707,-1.172268190661874,0.997814606040487,-1.5502179364682165,-1.8256199351141027,0.8705683793663016,-0.5790190155313746,-1.4117812510147936,1.0,0.25349661333533663
1.12,-0.701,-1.634,1.342,-1.6254537169117926,-1.1752197444370633,1.0320339130117877,-1.5823797613495407,-1.8329666713433697,0.9035585315971699,-0.6215232749768643,-1.4129448910473956,1.0,0.23490830341742042
1.16,-0.7001195998123109,-1.6322391996246217,1.3411195998123109,-1.6646355120714207,-1.1790665234877347,1.065671815991251,-1.6111333111616406,-1.8377582510302102,0.9339079519723198,-0.6634977856330473,-1.4133375729078974,1.0,0.2219438655448909
1.2,-0.6988043834761507,-1.6314021917380754,1.3415978082619247,-1.7037015309434278,-1.1822947320314474,1.1006887786072916,-1.6330048328917812,-1.8389594305410775,0.9569798780893423,-0.7049425474999237,-1.412959296596299,1.0,0.218529118186808
1.24,-0.698,-1.631,1.342,-1.7426716767469523,-1.1852841288977713,1.1357823514871621,-1.6522162513653973,-1.8414537332047813,0.9771486213415339,-0.7458575605774935,-1.4118100621126,1.0,0.224353682776795
1.28,-0.698,-1.631,1.342,-1.7815626913972438,-1.1881464068610028,1.1705671322671585,-1.668314525048441,-1.8452377098047488,0.9936840915614809,-0.7862428248657566,-1.4098898694568005,1.0,0.23806823805186472
1.32,-0.697540822204131,-1.6307704111020656,1.3415408222041312,-1.8203827584170207,-1.1908903157922575,1.2059305585182245,-1.679532789414519,-1.8508117493213758,1.006343089702052,-0.8260983403647131,-1.4071987186289008,1.0,0.2578979200205456
1.36,-0.6962702781953464,-1.630135139097673,1.3402702781953464,-1.852925625165418,-1.2102641240667102,1.230505286838536,-1.6811142040172358,-1.8596481558044604,1.0112337924862485,-0.8654241070743629,-1.4037366096289008,1.0,0.2826115920659557
1.4,-0.696,-1.63,1.34,-1.8846500623912643,-1.3361578326699313,1.2244313741994644,-1.6861949527628861,-1.86390358703515,1.0174462799111335,-0.904220124994706,-1.3995035424568003,1.0,0.3106191194900517
1.44,-0.6948112149338145,-1.6296037383112714,1.3403962616887286,-1.9562264940845864,-1.345424788586315,1.2930298457273903,-1.6923011806784984,-1.8712916350085045,1.0263524108079365,-0.9424863941257425,-1.3944995171125993,1.0,0.34149229744342374
1.48,-0.6923012113476663,-1.629,1.3411746971630834,-1.9848928632051466,-1.3704119813454954,1.3182036799536374,-1.6994903079007595,-1.8812565283395815,1.0382982386122852,-0.9802229144674723,-1.3887245335962979,1.0,0.3750082757525843
1.52,-0.6904512235046988,-1.629,1.3416371941238254,-2.06569835329102,-1.2811181993240917,1.4185649139983079,-1.7100366016712856,-1.8939802782829518,1.0534556902167325,-1.0174296860198955,-1.3821785919078962,1.0,0.4096775835231539
1.56,-0.689,-1.629,1.342,-2.0647174866673597,-1.1606369673740864,1.4532592795000139,-1.723781538960917,-1.902274048623227,1.070257697484701,-1.054106708783012,-1.3748616920473942,1.0,0.4448473764870113
1.6,-0.689,-1.629,1.342,-2.0838538801029296,-1.1395848226687426,1.478223448143204,-1.7360241308778113,-1.907078514800573,1.083322293241549,-1.090253982756822,-1.366773834014792,1.0,0.4793405061180559
1.64,-0.6879092551794249,-1.627909255179425,1.3441814896411504,-2.105663389365317,-1.1337745630755005,1.5013979748693644,-1.7488913360937113,-1.9107744455901599,1.0980417532896054,-1.1258715079413253,-1.3579150178100894,1.0,0.5144976414493344
1.68,-0.6875277935490187,-1.6263666477411776,1.3462111174196076,-2.1301418143796202,-1.119828059614463,1.5289593043500016,-1.7653633577439056,-1.9158665779544024,1.1160375052106324,-1.1609592843365217,-1.3482852434332864,1.0,0.5490597817097209
1.72,-0.6900939332387058,-1.623287280113553,1.3472375732954824,-2.1567296920129317,-1.1123937750064765,1.5530719952648182,-1.7821939620561598,-1.9163465303664866,1.130737015004769,-1.1955173119424118,-1.3378845108843829,1.0,0.5804373630495789
1.76,-0.6934701165771987,-1.61983938164958,1.348,-2.1827196778949753,-1.1048752758345317,1.5757703786285242,-1.8033898141369895,-1.9173277822208465,1.1490957677694527,-1.229545590758995,-1.326712820163379,1.0,0.6109828926148106
1.8,-0.6991854312567459,-1.6153272911130954,1.348,-2.154957663297901,-1.2020500886170087,1.513298000291112,-1.8270075366853216,-1.9142558919229482,1.166765190548416,-1.2630441207862717,-1.3147701712702748,1.0,0.6389610348418483
1.84,-0.7049007459362931,-1.6108152005766108,1.348,-2.071466169507577,-1.1961750529009834,1.4280852596974134,-1.848760524703003,-1.9064991682286245,1.1814585063414895,-1.2960129020242415,-1.3020565642050699,1.0,0.6668924025725262
1.88,-0.7106160606158403,-1.6063031100401262,1.348,-2.0460717252061666,-0.9900778649843163,1.4707737367557538,-1.8786439616229786,-1.8920065829587436,1.2024623287109248,-1.3284519344729047,-1.2885719989677646,1.0,0.6947475987493585
1.92,-0.711,-1.606,1.348,-2.072455205506775,-0.8179656229095862,1.5730729341253609,-1.9140551378804955,-1.8717063791505888,1.2320477039067823,-1.3603612181322613,-1.274316475558359,1.0,0.7291666147049267
1.96,-0.7250556387948989,-1.5945335578252142,1.3465204590742212,-2.1187902119142294,-0.755374524783774,1.6268632219836945,-1.9532184746736017,-1.8478768925272462,1.2540202536927239,-1.3917407530023114,-1.2592899939768532,1.0,0.7462287106561237
2.0,-0.766363481763445,-1.560997192126254,1.3423196630551506,-2.1801505516367192,-0.6829324225613815,1.6642690943750265,-1.9945562925824223,-1.822926325718153,1.255812267646571,-1.4225905390830549,-1.2434925542232467,1.0,0.7290014717737368
2.04,-0.8098265006455604,-1.5259463704471288,1.3381135644536555,-2.233021047754712,-0.6365381757057819,1.6782519643349998,-2.0371240633912473,-1.7963067684818044,1.2567235385505324,-1.4529105763744914,-1.2269241562975401,1.0,0.7092047750904219
2.08,-0.811,-1.525,1.338,-2.2721523476207746,-0.6007052797634541,1.728955439800244,-2.0792603743700173,-1.7697192540646713,1.2916547102485036,-1.4827008648766216,-1.2095848001997331,1.0,0.742070616680814
2.12,-0.811,-1.525,1.338,-2.3102244209232956,-0.5665162792800517,1.779428252888536,-2.120683495616456,-1.7436177872517598,1.327804426710875,-1.5119614045894447,-1.1914744859298259,1.0,0.7762642328870891
2.16,-0.857786467589221,-1.4863739628042478,1.3331037417639187,-2.348400858363293,-0.5316500034075542,1.770149457144469,-2.1620866343209335,-1.7173605270972432,1.3245956808853994,-1.5406921955129615,-1.1725932134878183,1.0,0.7515441383396148
2.2,-0.9353157881313249,-1.4233473694949401,1.3270842105934337,-2.386602716979455,-0.49620974538138873,1.7221550231882023,-2.2037329080072254,-1.6906823813260192,1.296283147520247,-1.5688932376471718,-1.1529409828737103,1.0,0.688868636577799
2.24,-0.997,-1.374,1.324,-2.424712881258461,-0.4603916626370341,1.695005683002408,-2.2456381604138533,-1.6635128663242005,1.2817624410977826,-1.596564530992075,-1.1325177940875018,1.0,0.6463677611051724
2.28,-0.997,-1.374,1.324,-2.482592650872986,-0.3910351068086648,1.7813493496713326,-2.287587282129295,-1.6359261113876262,1.316898181569298,-1.6242358243369786,-1.112094605301293,1.0,0.6797199534396313
2.32,-1.0369216058400585,-1.3401681306440183,1.3219700878386411,-2.525260534738009,-0.35875099900490404,1.7827878038476268,-2.329640387023913,-1.607270642831923,1.3200248479640675,-1.651907117681882,-1.0916714165150847,1.0,0.6632931453801001
2.36,-1.115,-1.274,1.318,-2.5629476354068332,-0.3196736769498246,1.7341542854506076,-2.3667009473254375,-1.5806134776292278,1.2887075254685552,-1.6795784110267857,-1.0712482277288762,1.0,0.5998808743047338
2.4,-1.115,-1.274,1.318,-2.599422756093556,-0.28995397996350175,1.7809709397848301,-2.4014314903877456,-1.5557781979580367,1.3169301167129996,-1.707249704371689,-1.0508250389426677,1.0,0.6329034488540055
2.44,-1.2301088304933712,-1.1704987826656241,1.3141307956136683,-2.650217883356498,-0.29313702525107904,1.669273307579483,-2.434387155713705,-1.531396405970605,1.2571926579099468,-1.7349209977165923,-1.030401850156459,1.0,0.5238916631089704
2.48,-1.2886144423278407,-1.116252066863511,1.3120667454043242,-2.7024382734291805,-0.2653111079094609,1.6501510055191035,-2.4687433974513158,-1.5067444985031666,1.2430561893529497,-1.7625922910614957,-1.0099786613702504,1.0,0.4857458572188944
2.52,-1.345043191732546,-1.0638182731688732,1.3100692675492904,-2.7408060742111404,-0.3150048151131651,1.5839430605518312,-2.512450143426068,-1.47679860564474,1.2383019607003127,-1.7902635844063992,-0.9895554725840419,1.0,0.4513714231133407
2.56,-1.347,-1.062,1.31,-2.7606689630367978,-0.2722807354930247,1.6192950484043893,-2.545096943157691,-1.4569359546521605,1.2615112736241467,-1.8179348777513027,-0.9691322837978333,1.0,0.48000424143463627
2.6,-1.3610969291127522,-1.0490196593318224,1.3094417057777128,-2.79279685951301,-0.24425472952267502,1.642379762100966,-2.5744125327422775,-1.4397699818565122,1.2746844976558038,-1.8456061710962062,-0.9487090950116248,1.0,0.494784210420682
2.64,-1.4436808809610842,-0.9729770106001898,1.306171054219363,-2.8258973057984593,-0.21381851539927627,1.5769730073548915,-2.6034236723801634,-1.4232410276857266,1.2440824037540772,-1.873456488010071,-0.9286573861272287,1.0,0.4320547436700001
2.68,-1.4935397816064064,-0.9278876971608832,1.3110599757340453,-2.858936025698694,-0.1835595192680788,1.5550984984194887,-2.6361587238347766,-1.4049665039810775,1.2382173617972168,-1.9014858284928975,-0.908977157144645,1.0,0.40838411537916225
2.72,-1.5238789352597095,-0.9002318914619966,1.3154407473821779,-2.8680615916900885,-0.09787822752047332,1.5654387295223715,-2.6677083454696526,-1.389489891318606,1.2440735951240651,-1.9296941925446847,-0.8896684080638737,1.0,0.4059527192011072
2.76,-1.5325112076455256,-0.8918462554300609,1.318647019982624,-2.8926882932681606,-0.08198978178433772,1.5830190182555517,-2.6982317688918807,-1.3768333663915135,1.2625834327723666,-1.9580815801654334,-0.8707311388849148,1.0,0.4260938747664043
2.8,-1.5411434800313417,-0.8834606193981251,1.3218532925830697,-2.9160263655803367,-0.0598869197688246,1.6026779426000173,-2.728235377301713,-1.3661614157836377,1.281478533334124,-1.9866479913551438,-0.8521653496077684,1.0,0.4466023550330998
2.84,-1.549775752417158,-0.8750749833661894,1.3250595651835158,-2.9379919393601175,-0.04589652367335762,1.6169975571128816,-2.7574045361438673,-1.3579387807832417,1.3005863009201917,-2.015393426113816,-0.8339710402324343,1.0,0.467428446074723
2.88,-1.556542556520164,-0.8676004676353004,1.3302565082092352,-2.8994629254047206,-0.19742886160057332,1.500854789345125,-2.785851270036134,-1.3522798788457524,1.321406086249643,-2.044317884441448,-0.8161482107589128,1.0,0.4904815034905902
2.92,-1.560449737019834,-0.8615226313024802,1.3385050003752055,-2.9140530416895003,-0.16400158583496854,1.5227532680256286,-2.813026920998363,-1.3492287284501177,1.3441751519123402,-2.0734213663380423,-0.7986968611872036,1.0,0.5168045760981175
2.96,-1.564540903678405,-0.855459096321595,1.3460832159505238,-2.941023012116101,-0.18211681776399546,1.5323487915426515,-2.842869514304267,-1.343117722570251,1.3681867462080508,-2.1027038718035977,-0.7816169915173068,1.0,0.5432053356726576
3.0,-1.5704621829347423,-0.8495378170652578,1.3469941819899605,-3.025021090235951,-0.3667392401023412,1.5325912960495056,-2.8614186283265157,-1.3388645468592495,1.3805829176074305,-2.1321654008381152,-0.7649086017492226,1.0,0.5680427880785143
3.04,-1.5763834621910793,-0.8436165378089205,1.3479051480293969,-3.1028922504453087,-0.5559035455913398,1.5533859296736885,-2.878701946975753,-1.3522369518572002,1.398115932746098,-2.1618059534415934,-0.7485716918829507,1.0,0.5930876967186638
3.08,-1.577,-0.843,1.348,-3.1815973158601514,-0.7451766265587585,1.6075764238309254,-2.894599684086655,-1.3674366259785393,1.4181335276246052,-2.1916255296140332,-0.7326062619184914,1.0,0.6244608226790049
3.12,-1.577,-0.843,1.348,-3.2563175570096803,-0.9361619876661336,1.6818997036764307,-2.9087656028405764,-1.381368726002496,1.4364680664904719,-2.2216241293554346,-0.7170123118558446,1.0,0.6568204973287307
3.16,-1.5862684178610806,-0.8352145289966922,1.341326739140022,-3.3193859880034093,-1.1311263553624062,1.758198032338548,-2.9206845169851703,-1.3913719189849039,1.445675402031885,-2.2518017526657967,-0.7017898416950101,1.0,0.6787759327774063
3.2,-1.6066556722333403,-0.8189738130483288,1.3279049474949969,-3.341568457348142,-1.165763979311807,1.7692331082624047,-2.935510484354499,-1.3962196024869367,1.448816003888058,-2.282158399545121,-0.6869388514359881,1.0,0.688285671573676
3.24,-1.6212218198550958,-0.8095058170941878,1.3213501810652069,-3.3583775748819877,-1.1794073738396047,1.7761017084913053,-2.9503304937447807,-1.3984052796957278,1.453730526631803,-2.312694069993406,-0.6724593410787785,1.0,0.7049224136737179
3.28,-1.6311909542591085,-0.8030258797315795,1.320080904574089,-3.3801266639266134,-1.1807874861667507,1.7892679921819035,-2.9649958806079004,-1.399162632695155,1.4609635894799915,-2.3434087640106527,-0.6583513106233815,1.0,0.7267633311291438
3.32,-1.6409006374845547,-0.7967145856350394,1.3191099362515444,-3.402637455497776,-1.1807352473265287,1.803105233908803,-2.9794071853507855,-1.3992047358870185,1.4678535893717148,-2.3743024815968603,-0.6446147600697967,1.0,0.7490077582270479
3.36,-1.642,-0.796,1.319,-3.4462670016824237,-1.2575716273010604,1.8623715473796931,-2.993252999207537,-1.398260437771517,1.479392545192825,-2.4053752227520295,-0.6312496894180242,1.0,0.7809509559175714
3.4,-1.642,-0.796,1.319,-3.487157179578107,-1.3272247125256278,1.9201053909998198,-3.005412485225653,-1.3969244733336807,1.4899677270063783,-2.4366269874761595,-0.6182560986680641,1.0,0.8142634362945039
3.44,-1.642,-0.796,1.319,-3.522464966273155,-1.3781672052859972,1.9685190230960956,-3.0154996284489437,-1.3936136674752018,1.4978796096157219,-2.468057775769252,-0.6056339878199165,1.0,0.8477090700837119
3.48,-1.6691928756659968,-0.7641186974950384,1.319937685367793,-3.5549656880046876,-1.4194141188494038,1.9963845293439264,-3.023680167509447,-1.3880483240271837,1.4912826702640736,-2.499667587631305,-0.5933833568735812,1.0,0.8478436198680666
3.52,-1.6847228221903727,-0.7473307762792566,1.3209464015303707,-3.5823936222558768,-1.4412098254211865,2.0205500736827484,-3.030015372206649,-1.38008573881829,1.4866710758426256,-2.53145642306232,-0.5815042058290585,1.0,0.8628187772138765
3.56,-1.6993110932674491,-0.7317364175416924,1.3219524891908587,-3.606991750622968,-1.452902119592568,2.039442438575533,-3.0349303966986136,-1.3705175714448397,1.480513521140481,-2.5634242820622966,-0.5699965346863481,1.0,0.8791196691891612
3.6,-1.7,-0.731,1.322,-3.6295864158256803,-1.4581163884138215,2.062038306734129,-3.0398951717555445,-1.359904931220182,1.4801488046162394,-2.595571164631234,-0.5588603434454502,1.0,0.9119647867531199
3.64,-1.7134766759516142,-0.7223899014753575,1.3227487042195343,-3.6517192889693346,-1.4583978045134296,2.073280506890532,-3.044969839590839,-1.34854379675525,1.4713744409198408,-2.6278970707691336,-0.5480956321063648,1.0,0.9308829952217942
3.68,-1.7458135189427313,-0.7013758747136563,1.3236319930396476,-3.6738556859235203,-1.4582497460030814,2.0712809212409162,-3.0500415374444687,-1.3369453059218963,1.450847761183555,-2.6604020004759934,-0.5377024006690918,1.0,0.9291184513608235
3.72,-1.7753768951541853,-0.681420595770925,1.322523366431718,-3.695980452244031,-1.4579978615729112,2.071663648681093,-3.055076755387123,-1.3252631209873431,1.4325379330255987,-2.6930859537518144,-0.5276806491336312,1.0,0.9304976557865068
3.76,-1.8049402713656386,-0.661465316828194,1.3214147398237885,-3.7180802481227504,-1.45770375470785,2.0722210839153328,-3.0600640044470175,-1.3135467211205507,1.4144064985597415,-2.7259489305965974,-0.518030377499983,1.0,0.9321107939502127
3.8,-1.816,-0.654,1.321,-3.7401497980063803,-1.4573842508949597,2.085132777487815,-3.0649958540633064,-1.301815392735823,1.407002283769574,-2.7589909310103415,-0.5087515857681474,1.0,0.9541116275387375
3.84,-1.816,-0.654,1.321,-3.7622262344669477,-1.4570263402076542,2.105385441859683,-3.0698581977137565,-1.290085992866947,1.4059750247765852,-2.7922119549930473,-0.4998442739381242,1.0,0.988308539348422
3.88,-1.816,-0.654,1.321,-3.784286923325899,-1.4566743486056253,2.125662137416292,-3.074710165952382,-1.2783221237719808,1.4050371511469117,-2.825432978975753,-0.4909369621081009,1.0,1.022518700743609
3.92,-1.826935029648404,-0.6462654668340558,1.321,-3.8061941464796014,-1.4563409983251976,2.1386184835729978,-3.079589173410449,-1.2665578529469441,1.3978215365896474,-2.8586540029584584,-0.4820296502780777,1.0,1.0447092625835006
3.96,-1.8540909879906198,-0.6270575938602932,1.321,-3.8281266965243104,-1.4559491435455263,2.140999341360407,-3.084529316537794,-1.2549518818239107,1.381386881802235,-2.8918750269411637,-0.4731223384480544,1.0,1.049138586822225
4.0,-1.8820317686696797,-0.608118109501844,1.3198357316897822,-3.8500326580840554,-1.4555395775278437,2.1426970493299127,-3.089792034927039,-1.2437456668581701,1.3648103356953367,-2.9250960509238695,-0.4642150266180311,1.0,1.0529440603270022
4.04,-1.9,-0.596,1.319,-3.871944485265532,-1.455096441199373,2.150956007976586,-3.096125606611998,-1.2336495336195406,1.3554753389560943,-2.9583170749065757,-0.45530771478800786,1.0,1.0676279081014055
4.08,-1.9,-0.596,1.319,-3.8957787710835525,-1.4589087864262873,2.1743377099244414,-3.105282785658123,-1.2256330743644972,1.3598324903227947,-2.9915380988892806,-0.44640040295798455,1.0,1.1017420118893346
4.12,-1.9,-0.596,1.319,-3.9195430268225575,-1.4578850500762572,2.195768630054763,-3.1154182329306437,-1.2133088016550153,1.363199045459246,-3.024759122871987,-0.4374930911279612,1.0,1.13587302311655
4.16,-1.9145723725554464,-0.5858332284496885,1.3193388923850105,-3.9448407518621935,-1.455346868637186,2.208629362859454,-3.126699828966773,-1.2005649468277866,1.359098251108536,-3.0579801468546917,-0.42858577929793784,1.0,1.1541698742354551
4.2,-1.9521497631815872,-0.5588835175254323,1.3204066561414038,-3.97063624291144,-1.4546625793248753,2.208326922448419,-3.1410102601612344,-1.1901777125894444,1.346076387877082,-3.091201170837398,-0.4196784674679146,1.0,1.1475261022060457
4.24,-1.9849857439229657,-0.5333444213932489,1.321866033063243,-3.9368333328364855,-1.2557309704238782,2.0812379336750286,-3.1572573633976426,-1.1761251468273934,1.336932238677573,-3.1251027583135285,-0.4099839024446408,1.0,1.1467713914020181
4.28,-1.988,-0.531,1.322,-3.9772147591685783,-1.2173526103080967,2.1042944812385085,-3.1748940710250375,-1.1580962614996209,1.342373739694422,-3.159684909283086,-0.39950208422811645,1.0,1.1790408086635775
4.32,-1.988,-0.531,1.322,-4.0195856811200255,-1.2194474108471471,2.1450641522420857,-3.19250791893529,-1.135931046660248,1.3478801497133512,-3.194947623746069,-0.3882330128183416,1.0,1.2153620773642768
4.36,-2.0209299499992115,-0.5046560400006307,1.323013229230745,-4.087571721991482,-1.3409472852893338,2.2294374314364336,-3.207652574245974,-1.1088646801737703,1.3316826452871557,-3.230890901702477,-0.37617668821531636,1.0,1.2167631028601447
4.4,-2.0658501515538843,-0.468680938903699,1.323805300734032,-4.118609963558074,-1.3516566000478136,2.2346070938651303,-3.2261892057332564,-1.0782527543216684,1.3107114552050878,-3.2675147431523115,-0.36333311041904054,1.0,1.2062735824297273
4.44,-2.116396852791879,-0.42809040609137017,1.3230394416243654,-4.147949075131124,-1.3631776212772735,2.2364240501514137,-3.247560542139868,-1.0480057734478505,1.2898939316021587,-3.304819148095572,-0.3497022794295142,1.0,1.1910047230705905
4.48,-2.119,-0.426,1.323,-4.181354890422277,-1.3557701591211944,2.2622511449529497,-3.2709848474925645,-1.0139514856801766,1.2933507020008121,-3.3428041165322577,-0.33528419524673747,1.0,1.2271617142305782
4.52,-2.119,-0.426,1.323,-4.214484885648133,-1.3464294014548994,2.288721736918316,-3.2966888872140823,-0.9800822178881022,1.3015215016461854,-3.3814696484623696,-0.3200788578707101,1.0,1.2669052457222962
4.56,-2.1372583346229708,-0.4117495924893889,1.32233201214794,-4.251286265307141,-1.3333675112891938,2.3061859595370184,-3.324228194068061,-0.9422975964297042,1.3001456194273586,-3.4208157438859077,-0.3040862673014323,1.0,1.2880648331758422
4.6,-2.198791126994279,-0.3637239984434897,1.3200808124270387,-4.271750709263448,-1.1320053760257107,2.2107504845326176,-3.353216841990085,-0.9041104098341576,1.2746435600038395,-3.4608424028028697,-0.28730642353890407,1.0,1.264362712406685
4.64,-2.2621276977921148,-0.31410613368865237,1.3193698175485349,-4.3221817046512925,-1.0875913825226386,2.200477662086195,-3.3816288446537737,-0.8591023416594061,1.2451119164665765,-3.501549625213258,-0.2697393265831252,1.0,1.2402157585456979
4.68,-2.3299621740735645,-0.2606714846964205,1.3208091796645414,-4.354067711828078,-0.9279994156290439,2.1312742187178317,-3.4059184138029472,-0.8086152125343177,1.2074453025663252,-3.542937411117072,-0.2513849764340959,1.0,1.213010785160816
4.72,-2.4035697236299454,-0.20234097372721305,1.3249756447337706,-4.416954309276223,-0.9020424188811647,2.1315017246224692,-3.4334790758245424,-0.7558860453613184,1.1692413865700706,-3.5850057605143126,-0.2322433730918161,1.0,1.1818143943685913
4.76,-2.477177273186326,-0.14401046275800558,1.3291421098029996,-4.4714201119402786,-0.8867715197087931,2.12807389149063,-3.4602850411312365,-0.6994527215037643,1.1291665006517924,-3.6277546734049784,-0.21231451655628583,1.0,1.1526030529454583
4.8,-2.5507848227427075,-0.08567995178879811,1.3333085748722289,-4.5088262046754135,-0.764801719745035,2.0724701274259534,-3.4816504169277254,-0.6381326616962189,1.082457736413519,-3.6711841497890703,-0.19159840682750498,1.0,1.12539476236729
4.84,-2.563,-0.076,1.334,-4.557587984139743,-0.6541614738769647,2.076692542566238,-3.505232386112909,-0.5756631271266303,1.0665200935987982,-3.7152941896665874,-0.17009504390547367,1.0,1.1561296539865025
4.88,-2.563,-0.076,1.334,-4.601747027582975,-0.4554229476183468,2.073752930234894,-3.5270877473142175,-0.511396101573663,1.0578444827983675,-3.76008479303753,-0.14780442779019182,1.0,1.1992363726855444
4.92,-2.563,-0.076,1.334,-4.669480836147865,-0.35486996280155936,2.124859988143019,-3.555677086729372,-0.4487013652931446,1.0603367890481243,-3.8055559599018993,-0.12472655848165949,1.0,1.2435109935136064
4.96,-2.647170406612247,-0.008907646903281455,1.3468085401366463,-4.726477172149053,-0.26680753293692544,2.095239598810432,-3.5877449624189275,-0.38707603805045177,1.0137513635471833,-3.851707690259693,-0.10086143597987669,1.0,1.2080420385989517
5.0,-2.732289680856479,0.05860016288026604,1.3603947725614618,-4.7816740059618645,-0.18535690617371753,2.06385347433607,-3.620619584088276,-0.32620039097758513,0.9680916708789117,-3.898539984110913,-0.07620906028484338,1.0,1.1740158842585733
5.04,-2.801081039153475,0.11268440319652527,1.3722553515781852,-4.836903813458043,-0.10796871792686819,2.047745630745831,-3.653749443145399,-0.2654039415114765,0.9327347980911678,-3.9460528414555593,-0.05076943139655954,1.0,1.1565801243796587
5.08,-2.846,0.148,1.38,-4.894006690297242,-0.05746728296832003,2.05828768831586,-3.6876030126108743,-0.2038558265199435,0.9121941424344556,-3.9942462622936312,-0.024542549315025197,1.0,1.1611375500755379
5.12,-2.846,0.148,1.38,-4.953380710937839,-0.014813649453352909,2.11366074507741,-3.724395523147578,-0.13893708028916885,0.9240733645823691,-4.043120246625129,0.002471585959759659,1.0,1.205933416144058
5.16,-2.928200948415636,0.2106033713099217,1.3985088228220637,-5.022802133167648,0.045195934808699476,2.1011220200679537,-3.7717125923282415,-0.06399657292383101,0.8870834362050314,-4.092674794450052,0.030272974427794985,1.0,1.1783541021856927
5.2,-3.0175541989471752,0.2780203761537051,1.418216245937882,-5.086526143072878,0.08991303438857827,2.0775055421358646,-3.8091864425805184,-0.0018160130169653926,0.8396368345088487,-4.142909905768401,0.05886161608908082,1.0,1.1464972869519425
5.24,-3.1004513583469007,0.33859906956119656,1.4352207914557744,-5.149684983877981,0.13099306431530108,2.05972296812494,-3.8433573958466987,0.056284557530595566,0.794739494587206,-4.193825580580176,0.08823751094361715,1.0,1.1216720108292102
5.28,-3.1761146936804736,0.39342742381065116,1.4510881401183433,-5.122932805447387,0.329397496443659,1.9478707841903453,-3.876246194129131,0.11328448709772404,0.7540982581273024,-4.245421818885378,0.11840065899140399,1.0,1.1041093466595227
5.32,-3.239252618982249,0.43829903110059204,1.4649864255621303,-5.172695593738746,0.38175424325080104,1.934269642440844,-3.914112496860235,0.17142554022085674,0.7257115920969062,-4.297698620684003,0.14935106023244132,1.0,1.097177683143096
5.36,-3.302390544284024,0.48317063839053287,1.4788847110059173,-5.140586812450769,0.5908589247567544,1.8413479538975355,-3.9548604626407533,0.21944983578488808,0.7037511322103875,-4.350655985976055,0.18108871466672916,1.0,1.0909234275999682
5.4,-3.312,0.49,1.481,-5.1457713427841885,0.7402025986212103,1.8507616480717697,-3.9941510220261787,0.2669506515260518,0.7176914578744916,-4.404293914761533,0.2136136222942675,1.0,1.1267188762093105
5.44,-3.372276205550822,0.5321933438855756,1.493431967394857,-5.161202426774089,0.8681195402286606,1.8201932409416564,-4.035745495179521,0.3111461734469635,0.6993234944139423,-4.4586124070404365,0.2469257831150564,1.0,1.1231669172010215
5.48,-3.5062867533933266,0.6250694822214357,1.5216192785318503,-5.179337466495811,0.9820290932403221,1.7107071206116746,-4.0802136120957435,0.35178639563478753,0.6356694774443314,-4.512930899319341,0.28023794393584517,1.0,1.0640682432642752
5.52,-3.587867913817633,0.6799605099143333,1.5397484252928073,-5.1979682815876735,1.0847827576821079,1.6602121089128865,-4.127562500888697,0.3889461894574954,0.6131554305596271,-4.567249391598244,0.31355010475663403,1.0,1.0456790444622877
5.56,-3.634,0.711,1.55,-5.2161267899819865,1.178008309596833,1.6496126638733095,-4.177721611852306,0.42283241408502115,0.615364728244426,-4.621567883877145,0.3468622655774229,1.0,1.0525619292450155
5.6,-3.634,0.711,1.55,-5.233164519721536,1.2626561928854811,1.691641722199212,-4.230658054034669,0.4536954387740595,0.6497741689788169,-4.675886376156049,0.3801744263982117,1.0,1.0931481056876675
5.64,-3.634,0.711,1.55,-5.248527923764533,1.3392155714783156,1.7324419819616586,-4.286420063776773,0.4817039654936428,0.6915407515532466,-4.730204868434951,0.41348658721900056,1.0,1.1358606183705315
5.68,-3.7895396913986756,0.8140569734420672,1.5767184745960916,-5.286845001292576,1.3949460989191924,1.6060371624386682,-4.345150843913815,0.5066744423977926,0.6349706868749025,-4.7845233607138535,0.44679874803978936,1.0,1.0605994089803772
5.72,-3.8750524247517744,0.8725076370939837,1.5917450810883629,-5.343243019318622,1.4438899718421867,1.5754559322421113,-4.401474937276631,0.5296018959162518,0.6282555284481246,-4.838841852992757,0.4801109088605782,1.0,1.0406081175530781
5.76,-3.956348495510325,0.9282393002504231,1.6060511126748478,-5.4014814217889615,1.4912635913742933,1.5509369835716058,-4.457162785541616,0.5525059853607884,0.6260914286408172,-4.89316034527166,0.5134230696813671,1.0,1.0245432870292863
5.8,-3.9956139581691796,0.9552015846095034,1.6118100471981465,-5.458726039739932,1.5378661880433568,1.5748634872054874,-4.512671300143215,0.5760627704746929,0.641166542540084,-4.947478837550563,0.546735230502156,1.0,1.0358047649231419
5.84,-4.034879420828035,0.9821638689685839,1.6175689817214451,-5.487721322722706,1.5975811756793576,1.5778111589477584,-4.5678372356390415,0.6002394194364389,0.6556754666132898,-5.001332303033165,0.5801272201245633,1.0,1.0467400061793446
5.88,-4.074144883486889,1.0091261533276643,1.6233279162447438,-5.497197761076992,1.660331285653724,1.5649752767329181,-4.623805973160241,0.6222931234997895,0.672136226122882,-5.054720741719467,0.6135990385485891,1.0,1.0573413414191348
5.92,-4.106,1.031,1.628,-5.499218099996346,1.711998235861007,1.5507466818933495,-4.682007430402713,0.6431574570659189,0.6944108279604452,-5.107644153609465,0.6471506857742335,1.0,1.0726748372603943
5.96,-4.106,1.031,1.628,-5.4979172480566545,1.759367201225033,1.5709718028207884,-4.743009564018194,0.6623525902089906,0.7359905552357786,-5.160102538703162,0.6807821618014963,1.0,1.110758612972632
6.0,-4.20163612456418,1.0977648416768804,1.6394282161428895,-5.489540328479313,1.795402085825471,1.4647166834871215,-4.802383918228909,0.6785212790420381,0.7325729154178405,-5.212095897000559,0.7144934666303776,1.0,1.0807062036660173
6.04,-4.30508567118301,1.170312257269119,1.6509244713046303,-5.4729465510486275,1.826075227792648,1.3393745212711559,-4.862875824886637,0.6929127449727681,0.7341935370932584,-5.2636242285016515,0.7482846002608773,1.0,1.047331613743407
6.08,-4.405012027772804,1.2408896140213506,1.6607074712504843,-5.451517350987744,1.8500195482798296,1.2108726887360806,-4.921487957699601,0.7040797219504904,0.7449243226119543,-5.3146875332064445,0.7821555626929957,1.0,1.0187965719583452
6.12,-4.408,1.243,1.661,-5.42142173443564,1.86800972082529,1.190655602159015,-4.981153642564298,0.7133147482259037,0.7804303709695761,-5.3652858111149335,0.8161063539267324,1.0,1.0481575784297434
6.16,-4.455915651768468,1.277747991740492,1.664291915006994,-5.397947760371815,1.8851156144652896,1.1208567806700551,-5.039189414454588,0.7185324037365335,0.808041060902624,-5.415419062227123,0.8501369739620876,1.0,1.0504751197469047
6.2,-4.553625020023393,1.3491681971087734,1.6722602303672516,-5.385045498062189,1.9003381721874546,0.9975211039023153,-5.093587759738007,0.7218400124589555,0.8277079264669079,-5.465087286543009,0.8842474227990617,1.0,1.0231885406286654
6.24,-4.6094032049518985,1.3917624474178136,1.680880495310748,-5.387609121311324,1.9237848715162307,0.9426835672697224,-5.143793224108139,0.720796565141419,0.85776914595522,-5.514290484062595,0.918437700437654,1.0,1.0212038503649465
6.28,-4.649,1.422,1.687,-5.415287284332005,1.9473699164552771,0.9290908196969467,-5.191759583109832,0.7152073200066824,0.8911474948344379,-5.563028654785878,0.9527078068778649,1.0,1.027464619485783
6.32,-4.649,1.422,1.687,-5.466978601458047,1.9614442254893467,0.9798413467786832,-5.238315319221686,0.7079393993940446,0.9258375056169926,-5.611301798712861,0.9870577421196941,1.0,1.0560300750906797
6.36,-4.6863112968963065,1.452020583709672,1.6934329822235012,-5.532404260340156,1.9652590177261957,0.9895893051872221,-5.284716585190339,0.6987133876123492,0.9620606117861155,-5.659109915843541,1.021487506163142,1.0,1.0638119588946788
6.4,-4.736,1.492,1.702,-5.621163936283986,1.9345391010141761,0.9896241963615255,-5.329451259242495,0.6873350862132719,0.999834996674904,-5.706453006177919,1.0559970990082084,1.0,1.0638973479020517
6.44,-4.736,1.492,1.702,-5.690956070312318,1.8926175299645482,1.0355846182428745,-5.3710362843637,0.6758417327542636,1.0341109223154048,-5.753331069715998,1.0905865206548933,1.0,1.0936614132396922
6.48,-4.812875680607774,1.5542629479302628,1.7204247498977308,-5.727180710795957,1.8954508841242426,0.9758908217786054,-5.410506527988762,0.6649537612820686,1.0714632327794502,-5.799744106457774,1.1252557711031965,1.0,1.076083847898846
6.52,-4.857,1.59,1.731,-5.756535796656732,1.9083241285339239,0.9541985643846586,-5.450134855785481,0.6541267071462453,1.1080017046126747,-5.845692116403248,1.1600048503531182,1.0,1.078150235244503
6.56,-4.857,1.59,1.731,-5.766076483546774,1.8901994324710034,0.9573608265401715,-5.489804729268894,0.6433842441545519,1.1386497330610177,-5.89117509955242,1.1948337584046584,1.0,1.1071018449225192
6.6,-4.857,1.59,1.731,-5.795572518861339,1.9027769639830563,0.9893168361855446,-5.5294387830738145,0.6323256946843592,1.1701769063024563,-5.936193055905291,1.2297424952578173,1.0,1.1377359630587691
6.64,-4.857,1.59,1.731,-5.825564472435545,1.9161148377306751,1.02199218424235,-5.56913327980999,0.6215631916904014,1.2020830503346331,-5.980745985461861,1.2647310609125946,1.0,1.1698738917407703
6.68,-4.857,1.59,1.731,-5.927043436958515,1.8190221453694173,1.0942778897737089,-5.608705661897705,0.6108648917569122,1.234409560204096,-6.024833888222129,1.2997994553689904,1.0,1.2033504670644168
6.72,-4.926664068834575,1.6519236167418443,1.747586683055851,-5.911067846288536,1.9016124694527585,1.0155763487959537,-5.638132771634573,0.6064097786979319,1.2646291553673843,-6.068456764186094,1.334947678627005,1.0,1.1849743898084335
6.76,-4.988015719930525,1.7079340911854102,1.7621303030829352,-5.933521924834971,1.919878073401217,0.9689696770850483,-5.6703471402880075,0.6046632146821691,1.2972211816599701,-6.111614613353759,1.3701757306866376,1.0,1.1732668849791745
6.8,-5.006488245456237,1.7297889101172383,1.7662931257366168,-5.941276466949876,1.9393767531913753,0.9579958679491842,-5.695044185581357,0.6114945495043518,1.3132751271763936,-6.154307435725121,1.4054836115478888,1.0,1.1927543000256475
6.84,-5.024960770981949,1.7516437290490663,1.7704559483902982,-5.939727555375794,1.9190099352347523,0.9299514593801362,-5.720229390636864,0.6246246423210098,1.3242244807154844,-6.1965352313001825,1.4408713212107587,1.0,1.212091665487219
6.88,-5.043433296507661,1.7734985479808945,1.7746187710439798,-5.951138418984083,1.9037289073617174,0.9169997469325684,-5.750335942915262,0.6422366268539887,1.3339658487719266,-6.2382980000789425,1.476338859675247,1.0,1.2312617675353992
6.92,-5.054,1.786,1.777,-6.092989933219051,1.7575102165807706,1.0393804640697273,-5.767093842163932,0.6784388275709903,1.317267846113478,-6.2795957420613995,1.511886226941354,1.0,1.2558755047931618
6.96,-5.054,1.786,1.777,-6.242645528511978,1.61869884139962,1.2003615580817921,-5.806276902113817,0.7114916580764189,1.3116740122139054,-6.320428457247555,1.5475134230090792,1.0,1.2886880478732112
7.0,-5.0750783610294565,1.8155682564440978,1.788124690543324,-6.446024444266085,1.5560150047524286,1.3952996286122816,-5.862940459141999,0.7396235988321751,1.3335604942731076,-6.36079614563741,1.583220447878423,1.0,1.3065434266806657
7.04,-5.123389979482873,1.8833387212190293,1.813622489171516,-6.53134712960078,1.5522984272883371,1.446350930021431,-5.9102235216974055,0.7756695159287664,1.3586898437473622,-6.400698807230963,1.619007301549385,1.0,1.3043730067997306
7.08,-5.166036836284662,1.947745544707762,1.8370892889846406,-6.722925009848797,1.5551401074830062,1.6056275453299593,-5.948438583556124,0.8186361563464266,1.3736959288791482,-6.440601468824515,1.6547941552203476,1.0,1.3077979657133811
7.12,-5.2083601782685225,2.0119602704763784,1.8604400983550466,-6.6967402395522155,1.3728434735432502,1.6197979772023767,-5.9657038984404895,0.8728596643121078,1.3678887752473603,-6.480504130418068,1.6905810088913098,1.0,1.3121108431712731
7.16,-5.213,2.019,1.863,-6.678724697146894,1.2612339496669926,1.6500176589550912,-5.954439478236203,0.9350804837040536,1.3132456044831873,-6.520406792011622,1.726367862562272,1.0,1.3397559806395691
7.2,-5.213,2.019,1.863,-6.712758538138487,1.2460171071304127,1.6872398245028257,-5.9396925005921455,1.0105040046025056,1.2430390835165435,-6.560309453605174,1.7621547162332343,1.0,1.371572915876915
7.24,-5.320528481355599,2.1734500004925876,1.9167642406777994,-6.762580272937224,1.2451308250078381,1.7150189098597304,-5.912462447961268,1.0975766860617822,1.2279614039235303,-6.600212115198728,1.7979415699041965,1.0,1.3336404253654397
7.28,-5.43628826234554,2.341360839632464,1.9672153926583085,-6.757356602285505,1.3646091191953862,1.642944150654101,-5.889635119916951,1.1888837901486995,1.2384372098966812,-6.640114776792282,1.8337284235751588,1.0,1.3064796005744475
7.32,-5.445,2.354,1.971,-6.778852216016697,1.453054224965816,1.6096164213018573,-5.866195679755556,1.284122064191301,1.1498019821582444,-6.680017438385834,1.869515277246121,1.0,1.3266474737845804
7.36,-5.445,2.354,1.971,-6.755647427970377,1.6066939207706348,1.508728953953801,-5.852536224183255,1.3745554914347409,1.060847453397606,-6.719920099979388,1.9053021309170832,1.0,1.3515735418581571
7.4,-5.4828813466556365,2.40595156112773,1.982364403996691,-6.711482291315024,1.7946669522231835,1.3722715308208953,-5.841830345344953,1.461530640832691,1.0103342310102097,-6.759822761572941,1.9410889845880455,1.0,1.3589247926938866
7.44,-5.582535995248097,2.5426207934831044,2.012260798574429,-6.669157419535523,1.937248151803512,1.2438738501208881,-5.845881353232018,1.5419445633535278,1.0347481312464502,-6.798397397220889,1.9764831244018852,1.0,1.3412049840199514
7.48,-5.585,2.546,2.013,-6.630318844994587,2.0427089055693792,1.1601695623631874,-5.850970008181192,1.6172739317871452,0.9660601197803433,-6.835644006923232,2.0114845503586025,1.0,1.3600798498464501
7.52,-5.6524954040546795,2.6349077391340945,2.02789553744655,-6.532713010390877,2.1022018332048833,1.0288627783704134,-5.8697182261252685,1.6859670096899462,0.9734856251770249,-6.8715625906799715,2.046093262458197,1.0,1.3538195202646532
7.56,-5.725647322840802,2.731266473535124,2.0440394091786596,-6.396441409275632,2.095414669101321,0.9242684802575833,-5.9065743466043035,1.7477762512595947,0.9999938026005407,-6.906153148491107,2.080309260700669,1.0,1.348087273634579
7.6,-5.73,2.737,2.045,-6.300411438277127,2.0926721195258784,0.8605391487164626,-5.96509039581799,1.8028153594359244,0.9633111838194812,-6.939415680356637,2.114132545086018,1.0,1.3603860313468117
7.64,-5.787568702864937,2.810233656025465,2.050091109777171,-6.279025000079381,2.088665627149695,0.8730347715683467,-6.007349194022519,1.8465784720331886,0.9884001102431423,-6.971350186276563,2.1475631156142443,1.0,1.3566395415131938
7.68,-5.925415347337309,2.983712261716015,2.0616311510502983,-6.312425088555783,2.11250150575695,0.9533020093846206,-6.043861467432042,1.8843159947994308,1.1057583981483554,-7.0019566662508845,2.180600972285349,1.0,1.3431042232601187
7.72,-6.00528253863904,3.0817140885272694,2.0681247891978947,-6.353812075397114,2.1492259199182664,0.9954933563759076,-6.078349428255611,1.9189847714541532,1.1650228474753426,-7.0312351202796,2.2132461150993303,1.0,1.344178306864443
7.76,-6.025698050981901,3.105658207941735,2.0708972661827274,-6.394647054419025,2.185125897115258,0.9917172492262001,-6.110758151148355,1.9505479781125472,1.1582378269148208,-7.059185548362712,2.2454985440561894,1.0,1.3446081416599214
7.8,-6.04611356332476,3.1296023273562,2.07366974316756,-6.435482033440936,2.2210258743122493,0.9884932860401924,-6.141265202486412,1.979466656592587,1.1540649442722084,-7.08580795050022,2.277358259155926,1.0,1.344352770111591
7.84,-6.066529075667621,3.1535464467706653,2.076442220152393,-6.410537604966434,2.196611675702349,1.0168903698579819,-6.169874563139417,2.005736440087229,1.1524530798359702,-7.111102326692122,2.3088252603985393,1.0,1.3433864520166294
7.88,-6.085063912225147,3.1750976554776074,2.0809289392153048,-6.425686703410528,2.2364130642294944,0.9985753089885392,-6.196821484862737,2.029273929066296,1.1512609465490222,-7.13506867693842,2.3398995477840305,1.0,1.3416653401707552
7.92,-6.101186889275895,3.1935800925845625,2.0876140760412247,-6.380544126611763,2.121409326321952,1.1079668849203401,-6.2194891664013205,2.0477839782274874,1.1518872186324636,-7.157707001239115,2.3705811213123993,1.0,1.3392393563877272
7.96,-6.117309866326643,3.2120625296915177,2.0942992128671447,-6.392188808636964,2.1224156377308607,1.1237832451523562,-6.2387187174645495,2.0591594549012027,1.1592780550823816,-7.1790172995942045,2.400869980983645,1.0,1.3361347330770081
8.0,-6.119,3.214,2.095,-6.416198797088084,2.135436609043544,1.1187609723717098,-6.255057580790742,2.065723206771977,1.1563093267619442,-7.1989995720036895,2.430766126797769,1.0,1.3341118302674335
8.04,-6.146664717591697,3.2426186733707207,2.113125159801456,-6.4671667281211835,2.1978177153407787,1.0928543272795912,-6.269964131167503,2.072788757170961,1.1763098138773112,-7.21765381846757,2.46026955875477,1.0,1.3263060700061933
8.08,-6.148,3.244,2.114,-6.49154606042255,2.214832707580193,1.0849927241316284,-6.284473314307489,2.082516664509269,1.1694736013013483,-7.234980038985845,2.4893802768546482,1.0,1.3232446983508521
8.12,-6.148,3.244,2.114,-6.513114312450449,2.2284309132026374,1.0792075941238524,-6.2980384522324915,2.0926210953097386,1.1611136547789231,-7.250978233558516,2.5180982810974033,1.0,1.320414438428181
8.16,-6.16349331142488,3.2637970090429027,2.1096963023819777,-6.534512147910648,2.241842451109513,1.087219433007009,-6.309522104067488,2.1012591024279095,1.1716735008514225,-7.265648402185581,2.5464235714830363,1.0,1.3150553193710859
8.2,-6.170310064149595,3.270232548112196,2.101996145756909,-6.54977849599746,2.2519343895547146,1.0867048497594163,-6.319460683660096,2.1114635720979362,1.1683284842344224,-7.278990544867043,2.574356148011547,1.0,1.3089753139539766
8.24,-6.176965369317809,3.276756134469225,2.093034630682191,-6.562254328637824,2.263397411656192,1.0841325948771952,-6.3283184582075895,2.124245356030476,1.1624064916946948,-7.291004661602901,2.6018960106829345,1.0,1.3025051752035062
8.28,-6.187976786862866,3.2907039300262966,2.082023213137134,-6.579402275965023,2.2823160946706524,1.0816930895647363,-6.334882300635537,2.136454870224092,1.163560106754733,-7.301690752393155,2.6290431594972,1.0,1.295435746100268
8.32,-6.189,3.292,2.081,-6.596866292169406,2.3002006311493575,1.0723902742661144,-6.339662200812216,2.15058242202113,1.1513180212576932,-7.311048817237803,2.655797594454343,1.0,1.2898631900658433
8.36,-6.189,3.292,2.081,-6.614406174896521,2.3179475465793735,1.0628963240386293,-6.342702984748765,2.166632940421737,1.1358149612962953,-7.319078856136848,2.682159315554363,1.0,1.2841276733614493
8.4,-6.191622389908489,3.293398607951194,2.076104872170821,-6.59699047980106,2.3099452222941528,1.0637216976556645,-6.344003716359962,2.184583399009501,1.1192368990662884,-7.325780869090287,2.7081283227972603,1.0,1.276266728620681
8.44,-6.202225312199808,3.2990534998398973,2.056312750560359,-6.585491309589902,2.3163138602077824,1.0548317515412982,-6.34460176779867,2.207119433268417,1.1011771251021445,-7.331154856098122,2.733704616183035,1.0,1.2625772353953306
8.48,-6.21390230525339,3.30990230525339,2.002588264164561,-6.585784367877733,2.338249263701663,1.0403873805743982,-6.34401094813149,2.230813848354858,1.0869039317084264,-7.335200817160351,2.758888195711688,1.0,1.2493706022308997
8.52,-6.215,3.311,1.997,-6.569748924396521,2.3411636340581072,1.032680674779898,-6.3406194324757115,2.2525090073657132,1.0659190510087704,-7.337918752276977,2.7836790613832174,1.0,1.2405699885612933
8.56,-6.215,3.311,1.997,-6.561081392605346,2.360325470517587,1.0117086494214937,-6.337726708504631,2.280306303766659,1.037974633811216,-7.339308661447997,2.8080772131976244,1.0,1.2316660650079039
8.6,-6.216061731186269,3.31595474553592,1.9669176163890563,-6.558363578823867,2.387604559972245,0.9894466240946115,-6.335339659719914,2.311043326106711,1.011965505901513,-7.339370544673413,2.832082651154909,1.0,1.2230923489984562
8.64,-6.218486653689365,3.3274332684468266,1.8842607397061764,-6.558808028142442,2.4182572221737284,0.9707830452920024,-6.333361861327155,2.3432012428348488,0.990913211926293,-7.338104401953225,2.855695375255071,1.0,1.2149405508503006
8.68,-6.21995115809321,3.334755790466048,1.8007839886870527,-6.560675446037038,2.45039877899368,0.947723780505252,-6.331751506278736,2.3760281595204136,0.9652243201417139,-7.336838259233037,2.879308099355233,1.0,1.206179669879533
8.72,-6.220238192416999,3.3369055393359917,1.7639384843691475,-6.563124761551753,2.483261154017519,0.9199347454459778,-6.330590378057145,2.4090990679562454,0.9343460029398601,-7.335572116512849,2.902920823455395,1.0,1.1967925868156981
8.76,-6.220484602733288,3.3388768218663025,1.7287018091398445,-6.5657828488248455,2.5165016729198575,0.8919258738026348,-6.330142198478566,2.442031803149723,0.9035240870620866,-7.334305973792663,2.926533547555557,1.0,1.187697361493193
8.8,-6.220731013049576,3.340848104396613,1.6934651339105398,-6.568486292322116,2.5499554041542045,0.8639704841941361,-6.330940271214876,2.474160173584403,0.8736670132269475,-7.333039831072475,2.950146271655719,1.0,1.1789312230824118
8.84,-6.2209774233658655,3.342819386926924,1.6582284586812366,-6.571474563992194,2.5839613843038025,0.8358909700028977,-6.333921429672777,2.503879955777124,0.8465079548938718,-7.331773688352287,2.973758995755881,1.0,1.170501565415061
8.88,-6.221,3.343,1.655,-6.573816161977694,2.617181441345175,0.8070265325504721,-6.335628369809767,2.5315187626363858,0.8195373461645461,-7.3305075456320985,2.9973717198560426,1.0,1.1620954788010462
8.92,-6.221596635750963,3.3447899072528884,1.6266598018292684,-6.576294257970543,2.650869238452315,0.7793178413181998,-6.336235182606627,2.5574485787009933,0.7956433648758982,-7.32924140291191,3.0209844439562046,1.0,1.1540047262813997
8.96,-6.2229426896662385,3.3488280689987167,1.5627222408536572,-6.5883565265872015,2.661856515566261,0.7781112950206425,-6.335649261821054,2.5812471599134477,0.7758113323476633,-7.327975260191721,3.0445971680563666,1.0,1.1461472082635586
9.0,-6.221777198798735,3.3575596084088564,1.493357334531046,-6.583724761448806,2.695735134120427,0.7543326009629193,-6.3325206020576355,2.6037494053567882,0.7619015183019152,-7.326709117471534,3.0682098921565286,1.0,1.1421899155557518
9.04,-6.221,3.3643905175301576,1.4380218363851938,-6.5705831922309095,2.6959970520082894,0.7542932009786948,-6.3290736913642744,2.6242864941324546,0.7479531323649685,-7.324881265194346,3.0907303935889576,1.0,1.1372966680170054
9.08,-6.221,3.367942537403316,1.4048696509023844,-6.567121374653644,2.7177839528187833,0.7365501959140945,-6.3246852993493174,2.6430567106517167,0.7322636841510761,-7.3224917033601615,3.112158672353654,1.0,1.1308003175587693
9.12,-6.221,3.3714945572764736,1.3717174654195765,-6.564381136377984,2.741141426785206,0.7178131190918541,-6.319433188689827,2.660147372566809,0.7181252744681895,-7.319540431968976,3.132494728450618,1.0,1.1242384083678039
9.16,-6.221,3.372,1.367,-6.561661627341401,2.7645699395397476,0.6964349378754897,-6.313339219142021,2.6755122247402743,0.7025822033598632,-7.316027451020793,3.1517385618798484,1.0,1.116960258743279
9.2,-6.221,3.3730187502549436,1.358442497858474,-6.558892960884608,2.7879566876523683,0.6756250958276688,-6.306417911048123,2.6891241253826497,0.689208297582843,-7.311952760515611,3.1698901726413458,1.0,1.1097022775140888
9.24,-6.221,3.3768207453872194,1.326505738747354,-6.5560757704290635,2.811324172565439,0.6573143432192922,-6.298682181307196,2.700969253262717,0.6803012279127241,-7.307316360453429,3.186949560735111,1.0,1.102784793942127
9.28,-6.221,3.377,1.325,-6.5532143326043855,2.8346912728748404,0.6359757214736171,-6.290144963953776,2.71104027155654,0.6695396821314294,-7.3021182508342495,3.202916726161143,1.0,1.0950441354198293
9.32,-6.220750703108443,3.3792436720240135,1.318767577711073,-6.5503107596027945,2.8580667805052653,0.6166321294659443,-6.280820426592574,2.7193339359726756,0.6626380847904884,-7.296358431658071,3.2177916689194426,1.0,1.0876574529796446
9.36,-6.2201042295939795,3.385061933654183,1.302605739849491,-6.509869271118163,2.7582492910578766,0.6905489614850469,-6.270726237954955,2.7258524759235363,0.661150283136922,-7.290036902924891,3.2315743890100084,1.0,1.0808859106408635
9.4,-6.22,3.386,1.3,-6.433586489287267,2.747995182426171,0.672807056780378,-6.263484240931213,2.727248045917773,0.6601855922515398,-7.283153664634715,3.2442648864328416,1.0,1.0725598151357898
9.44,-6.216935770237082,3.387225691905167,1.2883559269009135,-6.374466058210363,2.712031234289999,0.6933277343530874,-6.250506074795288,2.727471291786661,0.6606079274606536,-7.275708716787539,3.2558631611879423,1.0,1.066890934830534
9.48,-6.214001534637172,3.388,1.2786702474867362,-6.340121023123409,2.6893776140423094,0.7099150396612586,-6.23527164382695,2.726787667011042,0.6615543566795142,-7.267702059383366,3.2663692132753095,1.0,1.0606973386078
9.52,-6.21165193258128,3.388,1.273187842689653,-6.317879209199983,2.6783708246900635,0.7175359229675452,-6.219169474196101,2.7256250038619405,0.6624176544604052,-7.259133692422192,3.275783042694944,1.0,1.0534755254424373
9.56,-6.209302330525387,3.388,1.2677054378925696,-6.300445753452421,2.6729020541866664,0.7208829278387063,-6.2027406658773385,2.7242336212831235,0.6637988106029336,-7.25000361590402,3.284104649446846,1.0,1.0458744710792502
9.6,-6.209,3.388,1.267,-6.284737196825095,2.6695580227424625,0.72242300466461,-6.186189545466589,2.722736480736351,0.6656544650936221,-7.240311829828849,3.2913340335310153,1.0,1.0358322255164265
9.64,-6.206679345605026,3.3883867757324957,1.2646793456050258,-6.2696035327799535,2.666932786123698,0.7241928696515012,-6.169590728359459,2.7211901939348175,0.6682266414112011,-7.230058334196679,3.297471194947452,1.0,1.0274094593298022
9.68,-6.201588268113408,3.3894705772955307,1.2600588454089383,-6.254648154599806,2.664529392056564,0.7268803709068139,-6.1529705764191975,2.7196199314608283,0.6716126619345717,-7.219243129007509,3.3025161336961553,1.0,1.0213630555111486
9.72,-6.197150620791809,3.390949793069397,1.2571004138612056,-6.239741651259536,2.6621887906300925,0.7300045168029048,-6.136338107550722,2.718035937143403,0.675656139810693,-7.207866214261342,3.3064688497771257,1.0,1.0142401296842987
9.76,-6.194066884915098,3.392,1.2547993452547048,-6.2248434938991215,2.659864070615001,0.7327825180481528,-6.119696393889621,2.716440357125671,0.679640935359151,-7.195927589958176,3.309329343190363,1.0,1.0052657906279066
9.8,-6.194297503055029,3.392,1.2541074908349128,-6.209941380246251,2.6575426473835515,0.7346239403299732,-6.103046730022956,2.714829033204554,0.6832914618591613,-7.1834272560980095,3.311097613935868,1.0,0.9924328009622297
9.84,-6.19452812119496,3.392,1.253415636415121,-6.195029447127081,2.655222587891557,0.7367775826671877,-6.0863902619642225,2.713189845711947,0.6873696401235487,-7.170365212680846,3.31177366201364,1.0,0.9791293553082425
9.88,-6.19475873933489,3.392,1.2527237819953292,-6.1801172894033,2.6529041106811064,0.7392408982626606,-6.069730798161111,2.7115266108342926,0.6918641625614222,-7.156741459706683,3.3113574874236797,1.0,0.9653569128195726
9.92,-6.194989357474821,3.392,1.2520319275755372,-6.165189539593773,2.6505839800062936,0.7420146520447232,-6.0530651482484386,2.7097902915377126,0.6968160212600835,-7.142555997175521,3.3098490901659865,1.0,0.951121079915818
9.96,-6.195,3.392,1.252,-6.150252505362659,2.6482639908974566,0.7450809281629059,-6.036399338540321,2.7079079652394498,0.7022364856928736,-7.127808825087358,3.3072484702405607,1.0,0.9366510160980036
10.0,-6.195,3.3922490010067543,1.2526225025168864,-6.1353060154073615,2.645932094174995,0.748700405515765,-6.019742026115823,2.7057357133304296,0.7085307696678691,-7.112499943442199,3.303555627647401,1.0,0.9217769039709658
10.04,-6.195,3.393737154210851,1.2563428855271268,-6.120355293172356,2.6435969026737003,0.7538449636587119,-6.003285729012147,2.7032807722330583,0.7165782421440576,-7.096629352240041,3.2987705623865087,1.0,0.9066168663683277
10.08,-6.194350183364537,3.394,1.257,-6.10540025257364,2.6412578151812864,0.757979476630704,-5.987041800878273,2.7003666571013714,0.7239502606048277,-7.080197051480884,3.292893274457883,1.0,0.8915981402523164
10.12,-6.19356097186027,3.394,1.257,-6.090440744435716,2.6389145176550537,0.7620943950405306,-5.971071542825293,2.6965548501526913,0.7320732771231614,-7.0632030411647255,3.2859237638615255,1.0,0.8763320155751441
10.16,-6.193,3.394,1.257,-6.076493468051708,2.6338507273902145,0.7690258049219184,-5.95554393962761,2.690736337794613,0.7422702736780645,-7.045647321291572,3.2778620305974346,1.0,0.8605204718323932
10.2,-6.193,3.394,1.257,-6.059158192589606,2.62798541043889,0.7776194318761314,-5.937178049504189,2.683956997960222,0.7547224225509283,-7.027529891861416,3.2687080746656103,1.0,0.8438828158958007
10.24,-6.192540619848753,3.3935406198487525,1.2625125618149668,-6.0377459025992986,2.6075397697416642,0.801098458903401,-5.917789468056886,2.6766888273303424,0.7677009104122616,-7.008850752874263,3.2584618960660543,1.0,0.8274107171767168
10.28,-6.190287472503708,3.3921437362518536,1.2767063737333164,-6.018127761616745,2.598818325716945,0.8117907199845684,-5.898186337878328,2.669124056974818,0.7797951843088684,-6.99017161388711,3.248215717466498,1.0,0.8127299146876166
10.32,-6.1864000182278795,3.39020000911394,1.294199917974543,-5.999792888912287,2.5911294754169742,0.8205704957736172,-5.878500805534428,2.6612169534288435,0.79133951035774,-6.971492474899958,3.237969538866941,1.0,0.7997151252758834
10.36,-6.186,3.39,1.296,-5.981411640819936,2.5826998873260503,0.8328204300059905,-5.858884038897589,2.6528451165330664,0.8064751541288192,-6.952813335912806,3.2277233602673845,1.0,0.7837961469263771
10.4,-6.186,3.39,1.296,-5.963258869560971,2.574605482482826,0.8452702706154531,-5.839188309994114,2.6434150766381275,0.8232055612761566,-6.934134196925652,3.2174771816678276,1.0,0.7677687799428069
10.44,-6.186,3.39,1.296,-5.943790006601004,2.562059688589124,0.8626417797449183,-5.819513260941976,2.632087059054821,0.8418696787256058,-6.915455057938498,3.2072310030682716,1.0,0.752003449321536
10.48,-6.172871880645199,3.3890622771889425,1.3757064389398606,-5.916931336680516,2.5454586205032412,0.8815739853344269,-5.797804902868221,2.6197628649276177,0.8558602827122986,-6.896775918951347,3.1969848244687156,1.0,0.7489531390677521
10.52,-6.172,3.389,1.381,-5.89210935949237,2.5291633803200346,0.9042443160929685,-5.775388675779036,2.607096625322745,0.8767402293906594,-6.878096779964194,3.1867386458691596,1.0,0.7344946004230697
10.56,-6.172,3.389,1.381,-5.869440689409528,2.514459446910127,0.9253990033621833,-5.752738641651149,2.5943485361443535,0.898471499610558,-6.859417640977041,3.1764924672696035,1.0,0.7195154373560033
10.6,-6.172,3.389,1.381,-5.847744176389894,2.500591202102871,0.9457335942674815,-5.730009965896719,2.5816145653723708,0.9204490373157358,-6.840738501989888,3.1662462886700466,1.0,0.7048619722718398
10.64,-6.172,3.389,1.381,-5.826356142347037,2.487013350554037,0.9659449218832178,-5.707244650169327,2.568924174256523,0.9426143936759488,-6.821959535301261,3.1558661871659597,1.0,0.6905061710191795
10.68,-6.162473716203298,3.3861421148609896,1.4210103919461492,-5.8050221477958885,2.473518875744933,0.980128971274495,-5.684449165036391,2.5562836520248178,0.9576912549768516,-6.803080740911162,3.1453521627573418,1.0,0.6843662478082473
10.72,-6.15279296056875,3.377368400533203,1.466733437298437,-5.783674933993293,2.460079686522153,0.9887702980950662,-5.661620991333786,2.543692780639228,0.9676078454455379,-6.784102118819589,3.1347042154441938,1.0,0.6763410086755762
10.76,-6.146,3.371,1.499,-5.762264161309105,2.4466229812342455,1.0008626612668037,-5.638762612124999,2.5311492490249217,0.9811417082010411,-6.765023669026544,3.1239223452265152,1.0,0.6665115680192275
10.8,-6.146,3.371,1.499,-5.7408166494580035,2.4332096961950005,1.0215792683228804,-5.615862355962779,2.518649072992991,1.0037669173643065,-6.745845391532026,3.113006552104306,1.0,0.6529740522404525
10.84,-6.146,3.371,1.499,-5.7193247881854195,2.419831156270323,1.04248448701123,-5.592921142835309,2.50619299006962,1.026541468557079,-6.726567286336033,3.1019568360775662,1.0,0.6398770178846709
10.88,-6.146,3.371,1.499,-5.697788644720195,2.4064887278341427,1.0635673054098458,-5.569938871693897,2.4937810420437376,1.049456775547793,-6.707189353438568,3.090773197146296,1.0,0.6272643393740843
10.92,-6.144952672543492,3.369778117967407,1.5054585193151344,-5.676209261193836,2.3931840557061244,1.0832619019090937,-5.5469152487050986,2.481413147772083,1.0709066628709534,-6.687711592839629,3.0794556353104956,1.0,0.6155277325166603
10.96,-6.14218396468404,3.366547958798047,1.522532217781751,-5.654587391802963,2.379918214946755,1.1005401716145748,-5.523849985185567,2.469089232065671,1.0898481896073946,-6.668134004539217,3.068004150570164,1.0,0.6047742139467166
11.0,-6.139491151310907,3.3648480811484864,1.5419365680394062,-5.6329234431756765,2.366691829522022,1.1193421039103166,-5.500742829815418,2.4568092464674676,1.1101954528379983,-6.648456588537332,3.0564187429253025,1.0,0.5951255942806333
11.04,-6.1370817972149485,3.368863671308419,1.570045699158931,-5.611217589561133,2.353505245880879,1.1434534957653801,-5.477593561306841,2.4445731645676054,1.1354460243236477,-6.628679344833975,3.0446994123759104,1.0,0.5888553435219069
11.08,-6.137,3.369,1.571,-5.589469869206697,2.34035865295835,1.165286344625299,-5.4544019762397244,2.4323809741620153,1.1589630113179321,-6.608802273429143,3.0328461589219886,1.0,0.5793071638469608
11.12,-6.134999562401585,3.369,1.5803353754592653,-5.567680244371684,2.3272521539398,1.1862081534793878,-5.4311678798973,2.4202326713188342,1.181329116406435,-6.588825374322839,3.020858982563536,1.0,0.5719790517035409
11.16,-6.131,3.369,1.599,-5.545848635527572,2.314185806600599,1.206248358316302,-5.407891080581997,2.4081282566914273,1.2025643502244394,-6.568748647515061,3.0087378833005527,1.0,0.5669326865951826
11.2,-6.131,3.369,1.599,-5.523974940121738,2.30115964516345,1.228316916246641,-5.384571386384514,2.396067733428831,1.2262760172812848,-6.548572093005811,2.996482861133039,1.0,0.5595850887996217
11.24,-6.116726773558368,3.3709030968588842,1.6332557434599158,-5.502059042658546,2.28817369184418,1.2450379046009128,-5.36120860342764,2.384051106054088,1.2428533932661059,-6.528295710795088,2.9840939160609947,1.0,0.5648099967667861
11.28,-6.116,3.371,1.635,-5.480100820039488,2.2752279628361585,1.2669191467906096,-5.337802534928739,2.3720783798847456,1.2662684145855574,-6.50791950088289,2.97157104808442,1.0,0.5595930510653905
11.32,-6.108744743280496,3.368327010682288,1.648746802205376,-5.4581001443605475,2.262322471367155,1.283193062282282,-5.314352980695243,2.360149560744217,1.283541991142844,-6.487443463269221,2.9589142572033147,1.0,0.5577020021770882
11.36,-6.097,3.364,1.671,-5.436056884364763,2.2494572292423842,1.2957821537410048,-5.2908597368418135,2.3482646548272847,1.2967576548136839,-6.466867597954078,2.946123543417679,1.0,0.5580526614774949
11.4,-6.097,3.364,1.671,-5.413970906190424,2.2366322476160896,1.3181376225969277,-5.267322595617885,2.336423668651134,1.3207110630605918,-6.446191904937461,2.9331989067275126,1.0,0.5545489774930819
11.44,-6.077636751164335,3.3481573418617283,1.7044456116252402,-5.391842073754785,2.2238475373743523,1.316961227990297,-5.243741345287478,2.324626609063739,1.320226006759645,-6.425416384219372,2.9201403471328153,1.0,0.551497253796124
11.48,-6.063569582861102,3.335998385003464,1.7215020187456707,-5.369670248950896,2.211103109323785,1.3216980240764105,-5.220115770026327,2.312873483306993,1.325970926852068,-6.404541035799809,2.906947864633588,1.0,0.5480382110298464
11.52,-6.050427763664537,3.324499293206469,1.7358758834919135,-5.347455291749477,2.198398974284302,1.3275060167648867,-5.196445649798776,2.301164299148807,1.3328540658547838,-6.3835658596787725,2.89362145922983,1.0,0.5446436438887268
11.56,-6.043,3.318,1.744,-5.325197060253803,2.1857351431342895,1.3406210375797518,-5.172730760130494,2.2894990650978864,1.3472871716740904,-6.362490855856264,2.880161130921542,1.0,0.5420122528611981
11.6,-6.043,3.318,1.744,-5.3028954107313915,2.1731116268331983,1.3632770041590894,-5.148970871534822,2.277877790648157,1.371547408196729,-6.341316024332282,2.866566879708723,1.0,0.5410954744491375
11.64,-6.026725141671026,3.303811661969612,1.7573537299109534,-5.280550197635331,2.1605284364325477,1.3652375547504934,-5.125165747874062,2.2663004861925273,1.3744958277149835,-6.320041365106826,2.852838705591374,1.0,0.5379693432856268
11.68,-5.985580395048894,3.2676656333452456,1.784688492901465,-5.258161273621178,2.1479855830816033,1.335223574229074,-5.101315141546618,2.25476716113909,1.3445773884566887,-6.2986668781798985,2.838976608569494,1.0,0.5308459530622098
11.72,-5.937434220027505,3.2249699687036366,1.8073989528172145,-5.2357355582960095,2.135480454342964,1.295904477103782,-5.07741877938691,2.243277815151263,1.3051229989876563,-6.277192563551497,2.8249805886430837,1.0,0.5248116196840468
11.76,-5.898,3.19,1.826,-5.213260194068679,2.1230063836176103,1.2678107032312167,-5.053476740501394,2.2318325465732145,1.2772252756035327,-6.255618421221621,2.810850645812143,1.0,0.5211959017280489
11.8,-5.898,3.19,1.826,-5.1907286179855765,2.110594253986152,1.2904842394792366,-5.029488629985019,2.220431229414885,1.3016818354495192,-6.233944451190274,2.796586780076672,1.0,0.5173322297092798
11.84,-5.898,3.19,1.826,-5.168161170956105,2.098213146240366,1.3132643490259392,-5.005453878884016,2.209073935269374,1.326218127906228,-6.212170653457453,2.78218899143667,1.0,0.5147941512870202
11.88,-5.898,3.19,1.826,-5.145551136011261,2.085872266277676,1.3361427114244713,-4.981372314347925,2.1977606249445794,1.3508313334810718,-6.190396855724631,2.7677912027966687,1.0,0.5135719907408647
11.92,-5.898,3.19,1.826,-5.122896839514861,2.0735718601517505,1.359116146927507,-4.9572437234744475,2.1864913261298398,1.375518822246671,-6.168623057991811,2.7533934141566667,1.0,0.5136751408415741
11.96,-5.864223078694711,3.161852565578926,1.831629486884215,-5.100197772411015,2.0613118514702915,1.339747936013577,-4.9330678563312516,2.1752660585404557,1.3566145303678248,-6.14684926025899,2.738995625516665,1.0,0.5086113941551281
12.0,-5.838,3.14,1.836,-5.077453714717861,2.049092222169661,1.3298535377202971,-4.908844444475951,2.1640848374322323,1.347494137609094,-6.125075462526168,2.7245978368766632,1.0,0.5049468074086229
12.04,-5.838,3.14,1.836,-5.054664508299087,2.03691299184516,1.3529284682193319,-4.884573208494693,2.1529476778007424,1.3723319327039838,-6.103301664793348,2.7102000482366617,1.0,0.5050870933590461
12.08,-5.778963445419046,3.0906415691208413,1.8369678123701796,-5.031830001681062,2.0247741880133607,1.3016457493729614,-4.8602538598295535,2.1418545976239596,1.3206907359167177,-6.081527867060527,2.69580225959666,1.0,0.4974367392832742
12.12,-5.750100172784671,3.066347513923933,1.8360561464134972,-5.008953101973018,2.0126730159951753,1.2882270483723408,-4.835886097661974,2.130805621119988,1.3080619283289443,-6.059754069327705,2.6814044709566582,1.0,0.4940310536526925
12.16,-5.722301685755148,3.0429382616885454,1.8350807609036894,-4.986024653727421,2.000616180409867,1.2761423075083256,-4.811469751471119,2.119800696338576,1.2968414618109088,-6.0379802715948845,2.6670066823166567,1.0,0.49089461387024685
12.2,-5.72,3.041,1.835,-4.963052442751551,1.988599249344051,1.2963475399774544,-4.787004341697046,2.108839862817592,1.3188644432859986,-6.016206473862064,2.652608893676655,1.0,0.48845258380816176
12.24,-5.696719101633244,3.020305868118439,1.8315509780197399,-4.940034982310261,1.9766225566539666,1.289125948487984,-4.762489595344673,2.097923135866008,1.3128498296369038,-5.994046637327732,2.637843503134971,1.0,0.4844389787278727
12.28,-5.657273062874831,2.9844587423881315,1.824771845840382,-4.916971564153432,1.964686303039367,1.260151632568271,-4.73792520952893,2.087050527747925,1.2847342056454474,-5.97150076199189,2.6227105106916055,1.0,0.4791668081451015
12.32,-5.634548290416754,2.962217475727036,1.818969776276618,-4.893861869152394,1.9527905352676835,1.2520220136924647,-4.713310867240763,2.0762220487402896,1.2781495556081721,-5.948568847854536,2.6072099163465587,1.0,0.47396126182507575
12.36,-5.619,2.947,1.815,-4.8707056948196366,1.9409352782688079,1.2538383434388278,-4.68864624094706,2.0654377042635432,1.2816825653210968,-5.9252508949156715,2.591341720099829,1.0,0.46934254303035244
12.4,-5.619,2.947,1.815,-4.847502866149989,1.929120556241238,1.2772182231574325,-4.663930993136339,2.0546974890544156,1.307042684425927,-5.901546903175298,2.575105921951419,1.0,0.46705241438360573
12.44,-5.610392238174263,2.9381872914641263,1.812950532898634,-4.8242532116472026,1.917346391235527,1.2884605980038546,-4.639164774077587,2.044001372449187,1.3201709149879992,-5.877456872633413,2.558502521901327,1.0,0.4642025885502533
12.48,-5.5785294184463865,2.9055658331713006,1.8053641472491395,-4.800956558034442,1.9056128022349657,1.2666987081891163,-4.614347215177013,2.033349262180736,1.3001573242542315,-5.852980803290018,2.5415315199495536,1.0,0.45589970809972685
12.52,-5.558489383524277,2.8854893835242774,1.801388172394981,-4.777612729794653,1.8939198058175513,1.2621325507938819,-4.589477913407868,2.02274091614434,1.297427511340651,-5.828118695145112,2.5241929160960987,1.0,0.45081604126429037
12.56,-5.539045456668051,2.8660454566680515,1.7975942354474246,-4.75422154968573,1.882267417110758,1.2584783653627845,-4.564556396454021,2.012175727127226,1.295655217834955,-5.802870548198695,2.5064867103409627,1.0,0.44596655814249186
12.6,-5.521350380121284,2.8486991805945867,1.7945583966868806,-4.730782839268762,1.8706556505009884,1.257603348996635,-4.539582046696885,2.0016521961100366,1.2966717604850087,-5.777236362450767,2.488412902684145,1.0,0.44190930970424785
12.64,-5.5039800928856675,2.831742471626485,1.791663348814278,-4.707296419292174,1.8590845200535306,1.2572861116422627,-4.514553941238524,1.9911666398690107,1.2982803389476583,-5.75121613790133,2.4699714931256453,1.0,0.43818249946847687
12.68,-5.476021875228632,2.8035938246388374,1.7878597470510276,-4.683762109961536,1.8475540397335597,1.241647134246604,-4.489470534620083,1.9807100111046996,1.284687245298641,-5.724809874550381,2.451162481665464,1.0,0.4313969403189296
12.72,-5.446656772102906,2.773781033216792,1.7845029555444563,-4.659979711294773,1.8359179838971993,1.2241110641117363,-4.464329096993263,1.9702600550227314,1.2690995326152539,-5.698017572397922,2.431985868303601,1.0,0.4242713597251013
12.76,-5.434274574092859,2.7616867933000018,1.7833511231714287,-4.636557273512021,1.8245820816043605,1.2306576015806143,-4.439148818334314,1.9598005374458598,1.2780050223304245,-5.670839231443953,2.412441653040057,1.0,0.4218234288216208
12.8,-5.421892376082811,2.7495925533832106,1.782199290798401,-4.612890550527939,1.8131870324182555,1.237472930388687,-4.413920026652108,1.9492069001491639,1.2870996275035365,-5.6432748516884725,2.392529835874831,1.0,0.4201237731190184
12.84,-5.409510178072764,2.7374983134664204,1.7810474584253733,-4.5891614677884744,1.8018222764049359,1.2443719913258178,-4.388687535322792,1.9382312043366678,1.2964978903521855,-5.615324433131482,2.372250416807923,1.0,0.41924400246018007
12.88,-5.409,2.737,1.781,-4.565383577178253,1.7904961960855834,1.2678951532674223,-4.363611741030924,1.9262730108930637,1.3229190688990742,-5.5869879757729795,2.3516033958393336,1.0,0.42451179255509053
12.92,-5.409,2.737,1.781,-4.548828718939051,1.7742719960572835,1.291022789240206,-4.339240895332875,1.9118886781365867,1.3509971263794007,-5.558265479612967,2.3305887729690626,1.0,0.4329552735108803
12.96,-5.381210837891446,2.7098149501111974,1.7779794389012442,-4.519823458977493,1.7585074661500077,1.2833449051571522,-4.311582207382006,1.8970919651812892,1.3433629656347088,-5.529156944651444,2.3092065481971096,1.0,0.42705402724901204
13.0,-5.363,2.692,1.776,-4.492664891156635,1.7431994320536206,1.2875192112822103,-4.282697268032541,1.8822820362848833,1.3500730252320843,-5.499662370888411,2.2874567215234745,1.0,0.4270033580399309
13.04,-5.349349646502634,2.67891841123169,1.7751468529064145,-4.546583974341025,1.7153347258516667,1.2541635631494115,-4.253099701834315,1.8675526703193615,1.363846878029753,-5.469781758323867,2.265339292948158,1.0,0.4307569855938561
13.08,-5.317302626219214,2.6482066834600797,1.7731439141387009,-4.5764033557243025,1.6885584588459999,1.212376362366426,-4.223281159938494,1.853299723845974,1.3523165469393468,-5.4395151069578125,2.2428542624711603,1.0,0.42337510041316845
13.12,-5.286353731121884,2.6191725418443035,1.77209059463879,-4.597558352762362,1.6608476980032396,1.1801803165501605,-4.1928078508805395,1.8392749168334523,1.3431615307513773,-5.408862416790248,2.220001630092481,1.0,0.4175473564195696
13.16,-5.2554898460550135,2.590268268527711,1.771110788763651,-4.6130955733835926,1.6320829463642963,1.1535985060541865,-4.161428979302491,1.8252944571517853,1.3349734500170003,-5.377823687821171,2.19678139581212,1.0,0.4120649073152955
13.2,-5.216885185185186,2.5549654320987663,1.771616049382716,-4.602382639409885,1.6112890992670996,1.1261165125824897,-4.128829623675822,1.8111243682536882,1.3180153387550675,-5.346398920050584,2.173193559630078,1.0,0.4031421214993948
13.24,-5.181832101493991,2.5235311851721853,1.7715752290804514,-4.638329400049487,1.5700109416935153,1.0975409063907806,-4.096106936023723,1.7943576099823408,1.3078582636090885,-5.314588113478488,2.149238121546354,1.0,0.39713908923252383
13.28,-5.152388558035791,2.4978868086118178,1.7706254373559933,-4.612362563692743,1.5480133155050713,1.0926516954057273,-4.060359010737011,1.7770842387849914,1.3084666128115516,-5.282391268104879,2.1249150815609483,1.0,0.3949792574359009
13.32,-5.133,2.481,1.77,-4.582858779358518,1.5287418856569173,1.0997503712120962,-4.023430850248379,1.7596068425567315,1.323462045427259,-5.249808383929761,2.1002244396738607,1.0,0.3982891234994594
13.36,-5.133,2.481,1.77,-4.552720322482008,1.5096729685855146,1.1314595468229791,-3.986039497598107,1.7418206281726174,1.364516228487271,-5.216839460953132,2.0751661958850915,1.0,0.4144033443099724
13.4,-5.133,2.481,1.77,-4.521959918516428,1.4902188949769621,1.1640520517786659,-3.948533258660986,1.7231807665516563,1.4061477347428677,-5.183484499174993,2.0497403501946407,1.0,0.4342045257792586
13.44,-5.1090153211113005,2.460189763905393,1.7696472841339896,-4.496524238512533,1.4635878170288894,1.1697695357552473,-3.9114755474312934,1.7023303206605087,1.4171988023072162,-5.149743498595343,2.0239469026025088,1.0,0.4381399530731009
13.48,-5.068669500933628,2.425183831692412,1.7690539632490239,-4.464097283014458,1.4415457233402726,1.154578492300233,-3.8712796996323493,1.681298209610821,1.4096482380367206,-5.116002498015692,1.9981534550103763,1.0,0.4296456158533121
13.52,-5.033841475108409,2.395229999741028,1.7685611475367382,-4.431720373248403,1.419913686079574,1.1462075435972645,-3.8299071883828706,1.6603683730840515,1.4104890559966317,-5.0822614974360425,1.9723600074182441,1.0,0.4256330919574741
13.56,-4.999565509902827,2.3657816352686263,1.76807838746342,-4.398381052833519,1.3974742464297472,1.1397552152553136,-3.788035923337726,1.6396028947279047,1.4124940716108911,-5.0485204968563915,1.946566559826112,1.0,0.4220638224556763
13.6,-4.994,2.361,1.768,-4.363971719419346,1.3742067393381825,1.1707675147607222,-3.74588655136724,1.6189731396974685,1.4520299728546906,-5.014779496276741,1.9207731122339797,1.0,0.44071702959798537
13.64,-4.978029503391433,2.3470258154675046,1.7675563750942065,-4.328852863581263,1.350494842251396,1.1893293447377256,-3.703538249637533,1.5983852425301277,1.4781037390329514,-4.981038495697091,1.894979664641847,1.0,0.4520561652173196
13.68,-4.92960497474464,2.3046543529015606,1.7662112492984623,-4.29332338703401,1.326636642563626,1.166778856765161,-3.6610642998928444,1.577609590619236,1.4621181655788327,-4.94729749511744,1.8691862170497149,1.0,0.435827400032884
13.72,-4.833681693879566,2.22253815616292,1.7637640935159384,-4.257546789714032,1.3027924736811989,1.0852942219700588,-3.6186776050304386,1.556049024833733,1.3858003817650044,-4.91355649453779,1.8433927694575827,1.0,0.38746768644640667
13.76,-4.764,2.163,1.762,-4.235641945617786,1.2707927830709456,1.0369165595991066,-3.5771424891272985,1.5321094741605537,1.344118152064363,-4.87981549395814,1.8175993218654505,1.0,0.3643005038379366
13.8,-4.764,2.163,1.762,-4.204801328361401,1.2479205814636063,1.0724147968912392,-3.5319932064239863,1.5083745554846228,1.3951255183761804,-4.84607449337849,1.7918058742733183,1.0,0.38015957364944947
13.84,-4.764,2.163,1.762,-4.1713439961280425,1.224729319324004,1.1097716022415036,-3.4854291155908754,1.48488111077885,1.447269406288013,-4.812152444795772,1.7662107723868268,1.0,0.3997003241050328
13.88,-4.764,2.163,1.762,-4.135035507635758,1.199620695737294,1.1505198896745352,-3.4382236701879925,1.4616322928692564,1.4998665064917056,-4.778049348209986,1.740814016205976,1.0,0.42241968360536086
13.92,-4.749756758986562,2.1510754261282847,1.762,-4.096817824996736,1.1731959692563798,1.1758305505862066,-3.3906334515592964,1.4386128021311717,1.5345420018314524,-4.743765203621131,1.7156156057307659,1.0,0.4355010377901945
13.96,-4.702594163220877,2.111590462231432,1.762,-4.057588904339142,1.1461905249799498,1.16104643439884,-3.3427485809371826,1.4158162612889047,1.5275083457558236,-4.709300011029209,1.6906155409611965,1.0,0.42102832770884835
14.0,-4.678,2.091,1.762,-4.017853375233726,1.1190290114117087,1.1749558157001496,-3.294604404282693,1.3932440013759764,1.5494020807607851,-4.67465377043422,1.6658138218972678,1.0,0.4251993453686345
14.04,-4.649271357019434,2.06721391925265,1.762308910139576,-3.9778436248892106,1.0919097536594875,1.1840749194611422,-3.2462151687936327,1.3708991040772198,1.566339997941542,-4.639826481836161,1.64121044853898,1.0,0.42610815848481526
14.08,-4.587717436504367,2.016249920546626,1.762970780252641,-3.9376576600030138,1.0649170144759394,1.1522204698745322,-3.1975858480761383,1.3487839679369538,1.5420689449694294,-4.6048181452350345,1.616805420886333,1.0,0.3998103832417977
14.12,-4.585,2.014,1.763,-3.8973354648388687,1.0380844124785251,1.1938566693224777,-3.148717121787442,1.326900036116836,1.5921730014715094,-4.569628760630841,1.5925987389393268,1.0,0.4216815123090761
14.16,-4.567865552840292,1.999899777858157,1.7628215161754197,-3.856894926636233,1.0114246854468372,1.2176051246781772,-3.09960764116343,1.305248084956158,1.6242913130511143,-4.534258328023579,1.5685904026979611,1.0,0.4326167156513485
14.2,-4.496820183324365,1.941435359194009,1.7620814602429622,-3.8163470618861526,0.9849424832163611,1.1738493475722753,-3.0502550921860134,1.283828512656305,1.5890240172865138,-4.498706847413249,1.5447804121622364,1.0,0.3966594339054129
14.24,-4.489,1.935,1.762,-3.775700554071313,0.9586393043711714,1.2091634742792152,-3.000656701003039,1.262641536054729,1.6331661518988205,-4.462974318799852,1.5211687673321523,1.0,0.41464879743383076
14.28,-4.428185750661037,1.8842169670468458,1.762,-3.7349628577870257,0.9325153162712714,1.1774098739579038,-2.950809432215653,1.2416872965255852,1.611050950095433,-4.427060742183385,1.4977554682077092,1.0,0.38646313631324114
14.32,-4.363999850486344,1.8308079569684867,1.7625656595861345,-3.6941408620832297,0.9065700833291616,1.1414581514071311,-2.900710014067764,1.2209659057533002,1.5852837199682148,-4.390966117563851,1.4745405147889064,1.0,0.3572865375539303
14.36,-4.299864037718219,1.7776853645746862,1.763861332571349,-3.653241363469677,0.880802874646028,1.1056758492401675,-2.8503548272876786,1.2004774697135012,1.5602070071029195,-4.35469044494125,1.4515239070757446,1.0,0.33073740533362633
14.4,-4.293,1.772,1.764,-3.612271339671608,0.8552127932234248,1.141880156365668,-2.799739538040253,1.180222136574719,1.6062465087564948,-4.318233724315579,1.4287056450682236,1.0,0.3442205034143944
14.44,-4.2622179760963705,1.74706656063806,1.764,-3.5712380988549977,0.8297988290220022,1.1484046683188687,-2.748858071723159,1.1602002906304354,1.6231667255821742,-4.281595955686842,1.406085728766343,1.0,0.3415310143997713
14.48,-4.196236342327673,1.6936214372854155,1.764,-3.5301493668743698,0.8045598796860485,1.1109015762296592,-2.697699846173795,1.140413324044137,1.5973887588377211,-4.244777139055035,1.3836641581701035,1.0,0.31373511729402326
14.52,-4.193,1.691,1.764,-3.489013345716326,0.7794947573914193,1.1517113426169112,-2.6462424844305814,1.1208665026101392,1.6484874936791218,-4.207777274420161,1.361440933279505,1.0,0.32989020339648234
14.56,-4.171888886204493,1.67389999782564,1.76442222227591,-3.4478387584969017,0.7546021895545246,1.1701953032402137,-2.5944330689411563,1.1015790659792224,1.678069755536847,-4.170596361782221,1.3394160540945468,1.0,0.33448644103055547
14.6,-4.104333889002977,1.619180450092411,1.7657733222199405,-3.406634887889875,0.7298808167060347,1.1303263838800557,-2.542141185868069,1.0826184605244003,1.651770205076097,-4.13323440114121,1.3175895206152297,1.0,0.3029724877687119
14.64,-4.024554227803697,1.5560000691717608,1.766,-3.3654116110759906,0.7053291889650187,1.0761551633562707,-2.489044963438687,1.0642128493916643,1.612340959750701,-4.095691392497132,1.2959613328415531,1.0,0.26959347283054197
14.68,-3.942310136619157,1.4911140273829528,1.766,-3.3241794325438345,0.6809457617728438,1.0190476857941173,-2.4343652200866175,1.0471116749179517,1.5719529128732777,-4.057967335849987,1.2745314907735172,1.0,0.24552918950319808
14.72,-3.8825878820137203,1.444033335867923,1.7658835498164664,-3.2360266363260863,0.6681371132472163,1.009978411998111,-2.3762775626810204,1.0337167848988718,1.5611951992391337,-4.0200622311997725,1.253299994411122,1.0,0.23511359855909056
14.76,-3.854928881337456,1.4223012639080013,1.7656013151156884,-3.166066742209692,0.6475853520013685,1.036685000800631,-2.323018293426666,1.0190356016089734,1.5841001369050682,-3.9819760785464915,1.232266843754368,1.0,0.2285914940714093
14.8,-3.827269880661191,1.4005691919480785,1.7653190804149101,-3.11327612535252,0.6263588550144379,1.0531802924640585,-2.2717790308816586,1.0042805754189665,1.6051780123520285,-3.943708877890142,1.2114320388032542,1.0,0.2221056117602893
14.84,-3.799610879984927,1.3788371199881568,1.7650368457141319,-3.068114103837118,0.6052869712002316,1.064644243963428,-2.2210734590402392,0.9898728522874911,1.625753238000965,-3.905260629230724,1.1907955795577814,1.0,0.2156884105443042
14.88,-3.796,1.376,1.765,-3.0264615644003583,0.584865487570322,1.1036680753843013,-2.1697800506329443,0.9762314427787566,1.674636146469478,-3.8666313325682387,1.1703574660179494,1.0,0.21743421286201473
14.92,-3.796,1.376,1.765,-2.985888779879297,0.5651467643305697,1.146195078841747,-2.116513285279689,0.9645314602451656,1.7291564371478938,-3.827820987902685,1.1501176981837582,1.0,0.22811266853225523
14.96,-3.745678870442202,1.3355243088339452,1.7639060624009173,-2.9456315754350415,0.5458845669849332,1.1241025736807335,-2.0639783636757727,0.9538741797830415,1.7244632253147751,-3.788829595234063,1.130076276055208,1.0,0.20993065336609606
15.0,-3.704,1.302,1.763,-2.839366815954763,0.541287452286496,1.151639754090217,-2.012398112243167,0.9444147064960895,1.7289835710014019,-3.749657154562374,1.1102331996322983,1.0,0.1971270693892609
15.04,-3.704,1.302,1.763,-2.781589856712424,0.5260730332380001,1.2053643143001558,-1.9631994935598993,0.933983906729114,1.7792757650596147,-3.7103036658876167,1.090588468915029,1.0,0.21150548853236506
15.08,-3.6497726241331483,1.260097027739251,1.7611513394590845,-2.735987781326743,0.5102001039509907,1.1820948080631362,-1.9156178499488061,0.9235959605627426,1.7665009903867237,-3.670950177212859,1.0709437381977598,1.0,0.19033511420337326
15.12,-3.598483825843589,1.219987060674871,1.7595878547257315,-2.695274667711243,0.4944721938695297,1.1585156905669052,-1.8687377125902989,0.913361060541528,1.7567131582226612,-3.6315966885381012,1.0512990074804907,1.0,0.17190730341185548
15.16,-3.5613910965798694,1.1903128772638953,1.7587150846254087,-2.65718837486024,0.4791814210508061,1.150343648646323,-1.8220828785042023,0.9032874098344671,1.7628320102660475,-3.592243199863344,1.0316542767632215,1.0,0.16163045440091603
15.2,-3.531,1.166,1.758,-2.620581017067701,0.4642677306980422,1.149474185122553,-1.7754284506468008,0.8933799934800455,1.776612825815837,-3.552889711188587,1.0120095460459526,1.0,0.1555384819422297
15.24,-3.531,1.166,1.758,-2.580988475134421,0.4495207693678497,1.1899009981106246,-1.7286892422973208,0.8836667268709103,1.824290586624453,-3.513536222513829,0.9923648153286836,1.0,0.17451120559989444
15.28,-3.477893700813204,1.1232559055325788,1.757352362205039,-2.5411621187252478,0.4347968618938157,1.1625153382424704,-1.6816169645485752,0.8740755819890047,1.8134775837839259,-3.474182733839071,0.9727200846114143,1.0,0.15058155483422264
15.32,-3.4257329935726473,1.0810416984666018,1.757,-2.5012502432688875,0.42004731060883216,1.136477864451689,-1.634216057700514,0.8645957710264912,1.8045447545079303,-3.4348292451643143,0.9530753538941454,1.0,0.12828923234728445
15.36,-3.376690438221995,1.0410810978105145,1.757,-2.4613023523162254,0.405254019129094,1.11454538795097,-1.5864927003269669,0.8552145414063077,1.7998206348283805,-3.395475756489557,0.9334306231768765,1.0,0.1092772294270912
15.4,-3.3345507369288265,1.0080768211198408,1.757,-2.4424267460103537,0.39215548067780004,1.084086856660583,-1.5384601523713575,0.8459106390604108,1.803396589366777,-3.3561222678147993,0.9137858924596074,1.0,0.09672698781815597
15.44,-3.293897669572382,0.976570693918596,1.757,-2.410067144191419,0.37807595046284204,1.0674044948094221,-1.4904599711869393,0.8367172546676542,1.8088522649536913,-3.3169535893106197,0.8940311398789289,1.0,0.08569920312373495
15.48,-3.288,0.972,1.757,-2.3764994010710248,0.36402649270293663,1.0956573950934536,-1.442135731857324,0.8276726928357168,1.8514981145005762,-3.2779697209770173,0.8741663654348414,1.0,0.09834646180472319
15.52,-3.288,0.972,1.757,-2.34273103461161,0.35007577686758606,1.131513657118328,-1.3934802604002345,0.8187642629910121,1.9007067724480413,-3.239170662813993,0.8541915691273443,1.0,0.12752697971292987
15.56,-3.251638250171047,0.9422494774126746,1.7565277694827408,-2.309019107317093,0.3362180477506102,1.1206270308238009,-1.3444997707169408,0.8099855679674542,1.9117193626566251,-3.200556414821546,0.8341067509564377,1.0,0.11960018055196225
15.6,-3.212529099837127,0.9102510816849221,1.7560198584394433,-2.2754601776567194,0.3224432714347346,1.106171861288955,-1.2951965694545136,0.8013340403266959,1.9204236391904845,-3.1621269769996765,0.813911910922122,1.0,0.10872722662601765
15.64,-3.163869358114297,0.8712954864914375,1.756,-2.242104396008504,0.3087434517332429,1.0798682499159231,-1.2455689591964925,0.7928087001415756,1.9199053612404275,-3.123882349348385,0.7936070490243969,1.0,0.08737536372522518
15.68,-3.1201070603544396,0.8359373098803612,1.756217711501994,-2.208984989269981,0.2951127018887812,1.059544564908187,-1.1956127343840641,0.7844091658020471,1.9251840328457759,-3.0858225318676706,0.7731921652632624,1.0,0.07150092353655801
15.72,-3.0833006565269523,0.8056854711180428,1.7567219088146993,-2.176127921401747,0.28154659533248333,1.0477041244856755,-1.145322334197147,0.7761352920794677,1.9382035989290336,-3.0479475245575345,0.7526672596387186,1.0,0.06372420802578414
15.76,-3.0524174969964193,0.780034268288633,1.7574409376251492,-2.143555765062335,0.2680415896655507,1.0431520266662295,-1.0946916410381933,0.7679870838149714,1.957762922761873,-3.0102573274179756,0.7320323321507655,1.0,0.0638879156951222
15.8,-3.0288194210072885,0.7600414539089526,1.758424190791363,-2.1112894429086695,0.2545946340024067,1.0475389006921378,-1.0437146857397823,0.7599647688601674,1.9851047367486867,-2.972751940448994,0.711287382799403,1.0,0.07430021417135865
15.84,-3.0052213450181586,0.740048639529273,1.7594074439575766,-2.0793490353861808,0.24120292949193617,1.0517065066670965,-0.9923865818748843,0.752069065626056,2.012870655149404,-2.9354313636505904,0.690432411584631,1.0,0.08562950177795148
15.88,-2.991,0.728,1.76,-2.047754138078287,0.22786379298289072,1.0676371020163622,-0.9407051585993957,0.7443018554760948,2.050359648248544,-2.898295597022764,0.6694674185064498,1.0,0.1096365332709168
15.92,-2.991,0.728,1.76,-2.007916285443435,0.21437508901089986,1.1091727273129715,-0.8886741347727833,0.7366678238164454,2.1023437337345854,-2.8613446405655156,0.6483924035648593,1.0,0.15214427902575106
15.96,-2.967020459588746,0.7070601196408766,1.7603377400057922,-1.9666358565242288,0.20105386862554084,1.1210761259232784,-0.8361308136818373,0.729181603197489,2.131004468101373,-2.824578494278845,0.6272073667598594,1.0,0.16329781267372737
16.0,-2.92,0.666,1.761,-1.9516917889028131,0.18817304286893305,1.079786734795056,-0.7830754110837697,0.7218266558928697,2.1376536937078887,-2.7879971581627525,0.6059123080914501,1.0,0.14503544729481194
16.04,-2.92,0.666,1.761,-1.9240014646275116,0.17494666497976574,1.1104712784663258,-0.729862827280563,0.7145339268701867,2.190674868022393,-2.751600632217237,0.5845072275596315,1.0,0.1870813166236862
16.08,-2.8755384050938773,0.6273377435598935,1.7616443709406684,-1.8951368279087448,0.1617377157942167,1.0853435577744468,-0.6762466879740177,0.70737194559483,2.2007474935774414,-2.7153889164422993,0.5629921251644034,1.0,0.17259263403187267
16.12,-2.8368307585728005,0.5933111270801198,1.7622114812153313,-1.8662941907513833,0.1485949779246385,1.0675737364689415,-0.6221952411195817,0.7003409106966209,2.217220297973632,-2.6793620108379397,0.5413670009057663,1.0,0.1658149533582614
16.16,-2.8065773769018145,0.5662185464792371,1.762663024225346,-1.8377706722125289,0.1355104718488702,1.0602338782564489,-0.5677003625733918,0.6934372549052784,2.2424885473646774,-2.6435199154041573,0.5196318547837195,1.0,0.16958200256275183
16.2,-2.773998796141565,0.5375482784294915,1.7628591379738248,-1.809667326004326,0.12247309254318717,1.049867893706441,-0.5127568052946239,0.6866586147782997,2.2661529589980223,-2.607862630140953,0.4977866867982635,1.0,0.17082801240555182
16.24,-2.7345811242409717,0.5042375697811029,1.7623039594963517,-1.7820309044951932,0.10947415127429815,1.031111088937031,-0.4573590602075124,0.680003281800088,2.2839951651530153,-2.572390155048326,0.47583149694939814,1.0,0.16465969592274185
16.28,-2.713,0.486,1.762,-1.7548895192504959,0.0965071449484036,1.0342535363528085,-0.4015018239367989,0.6734690022652532,2.3190878475715047,-2.5371024901262773,0.4537662852371235,1.0,0.1788265817690169
16.32,-2.713,0.486,1.762,-1.7282629825515934,0.08356708142746713,1.0637947393571707,-0.3451815563468654,0.667050991307632,2.3747302254271805,-2.501999635374806,0.43159105166143946,1.0,0.2179024725221651
16.36,-2.6734552853876927,0.4532343793212312,1.7625649244944614,-1.6897040527017486,0.0706427990447209,1.0555296325113719,-0.2883987595423594,0.6607375574495696,2.394066039275185,-2.467081590793912,0.40930579622234603,1.0,0.21099720906534
16.4,-2.633510604186351,0.42043598884419314,1.7628624725244397,-1.6483862702139722,0.058062157568076436,1.0496593480640537,-0.23096796672837927,0.6546065500108145,2.4139277073932015,-2.4323483563835944,0.3869105189198433,1.0,0.20393677224744472
16.44,-2.5959254046577755,0.3904767718286619,1.762317759487794,-1.6470212909336999,0.04515590204826783,1.0097848880570364,-0.17281302016908073,0.6486774023899721,2.436830152777322,-2.397799932143856,0.36440521975393125,1.0,0.19983350241250672
16.48,-2.574,0.373,1.762,-1.6253725461319173,0.03211023556402793,1.0080177963356864,-0.11437200650825163,0.642741693933224,2.4743747589672442,-2.363436318074694,0.3417898987246098,1.0,0.2128641223117733
16.52,-2.574,0.373,1.762,-1.6023323480240057,0.019074300487115274,1.03411867146485,-0.055388814213319426,0.6369087423565705,2.5324000729470084,-2.3292575141761103,0.319064555831879,1.0,0.25061507637185215
16.56,-2.574,0.373,1.762,-1.579375438379749,0.006104160607409134,1.060137055074423,0.0042419764990915265,0.6311650833014875,2.5911350600881473,-2.295263520448104,0.29622919107573886,1.0,0.2891155169406683
16.6,-2.4993138856911705,0.3113839556952155,1.7601328471422792,-1.5568232827419366,-0.006814251632701009,0.9947555658523908,0.06462532947780963,0.6254477423875836,2.583102855325911,-2.2614543368906754,0.27328380445618944,1.0,0.2408916488382521
16.64,-2.433051868343066,0.2535531768546889,1.7595311682180235,-1.519764833663769,-0.019558764039018454,0.9532488342358629,0.12593468453693446,0.6196043073112778,2.5850349335993923,-2.2278299635038246,0.2502283959732306,1.0,0.20524883530426297
16.68,-2.3679623806638954,0.1964747030437239,1.7590304798512606,-1.47887829893192,-0.03176358737583165,0.9179124258897638,0.18785008206587506,0.6138461196467135,2.589667207199026,-2.194205590116974,0.22717298749027187,1.0,0.1764477456051163
16.72,-2.364,0.193,1.759,-1.4372046464272366,-0.0439406513321811,0.9566036272447338,0.25035515434285394,0.6080972462176196,2.647103813010834,-2.1605812167301233,0.20411757900731303,1.0,0.2037223648743085
16.76,-2.364,0.193,1.759,-1.3953635573353704,-0.05621259966733825,1.0001817224339489,0.3134231086970751,0.6023036731998169,2.708528013493671,-2.1269568433432724,0.18106217052435422,1.0,0.2373435693048696
16.8,-2.364,0.193,1.759,-1.3535546435402457,-0.06861966614837392,1.0437646612654916,0.37696458310630354,0.5963662540376637,2.7704857301093413,-2.0933324699564215,0.15800676204139544,1.0,0.2729202054130821
16.84,-2.364,0.193,1.759,-1.31185291973005,-0.08117774175933633,1.0872841912751374,0.44072126003836254,0.5900524211151218,2.832686352497318,-2.0597080965695707,0.13495135355843654,1.0,0.30977928892521417
16.88,-2.3078775899438657,0.13978047322263146,1.759,-1.270289467676811,-0.09389433567909515,1.0635755863054261,0.5039977524843546,0.5827828680936445,2.846558283825799,-2.0260837231827202,0.1118959450754777,1.0,0.28317014364898646
16.92,-2.275446443509638,0.11161283757650556,1.759,-1.228879155335678,-0.10677382829990423,1.0691098280852214,0.5649664655161275,0.5730870869634278,2.8776559864944655,-1.9924593497958696,0.08884053659251892,1.0,0.2839018719569676
16.96,-2.2439096944858203,0.08437655432866284,1.759,-1.187630803641052,-0.11981937006150044,1.0758350574236775,0.6188611927539263,0.5572059662517777,2.9015555837527924,-1.9588349764090185,0.06578512810956011,1.0,0.28568030386330173
17.0,-2.24,0.081,1.759,-0.9716188270466792,-0.12355472219076219,1.2847697981634618,0.6532832508663728,0.5255031611516516,2.927229241111413,-1.9252106030221678,0.0427297196266012,1.0,0.3171072039697709
17.04,-2.2281254505846046,0.0714343907487091,1.758835075702564,-0.7597451920181482,-0.1687428126934961,1.487893031370539,0.663310608543801,0.5058250903828796,2.923884020264256,-1.8919593200681533,0.019720130823782735,1.0,0.34012061387982157
17.08,-2.1894837285392126,0.04030633687881005,1.7582983851186,-0.5435881069172538,-0.17980340832985287,1.6605483122180325,0.6274824660088355,0.4881102954043546,2.8523370990290853,-1.8590811275469754,-0.003243638298895287,1.0,0.33326037730341457
17.12,-2.155889501895065,0.013138594400266986,1.7578269928842152,-0.3245808671851491,-0.18578439882138484,1.8420807997466768,0.5806844052546722,0.46824731460595015,2.7741594576556037,-1.826576025458634,-0.026161587741432943,1.0,0.3316502224920381
17.16,-2.1286153045109986,-0.009070394898186764,1.757437361493014,-0.10188382408549577,-0.19961571010932366,2.035668934502038,0.5445475560222499,0.44531996892975223,2.7115070130231986,-1.7944440138031292,-0.049033717503830246,1.0,0.3365524011012937
17.2,-2.101341107126933,-0.03127938419664051,1.7570477301018133,0.1241832254378805,-0.22138984196386247,2.2336294547194973,0.528130711033682,0.4192667626044103,2.667791947078738,-1.7626850925804605,-0.07186002758608717,1.0,0.3410787076415089
17.24,-2.098,-0.034,1.757,0.35326211902130206,-0.2515196414841009,2.4608943030085983,0.5423950616318614,0.39198100541732694,2.674536576393428,-1.7312992617906287,-0.09464051798820367,1.0,0.3716809166814668
17.28,-2.059364512402407,-0.06535633776036512,1.757,0.5845666717708944,-0.2926222531536007,2.653680821602998,0.5980171355265236,0.3659268316547112,2.692152000718049,-1.7002865214336333,-0.11737518871017978,1.0,0.3628263557851191
17.32,-2.020173488282006,-0.09746858683830231,1.7571357924879691,0.8166869778195665,-0.3479706710672167,2.847898979657295,0.7046191596391579,0.34323160231051886,2.7602013750596237,-1.6696468715094739,-0.14006403975201556,1.0,0.3531051991615559
17.36,-1.9876783962812323,-0.12496443391588036,1.7576357169802888,1.0483311819434085,-0.41769769817914876,3.05008965820318,0.8676304653674001,0.32506406005607774,2.890556060829106,-1.6393803120181514,-0.16270707111371094,1.0,0.35033706935461356
17.4,-1.9545581570810955,-0.1532616125540413,1.758,1.279845378980829,-0.49620113310709546,3.252533435469502,1.0756268362173163,0.3109047889632234,3.0655295695700575,-1.609486842959665,-0.1853042827952659,1.0,0.34655583178714344
17.44,-1.9197590028325662,-0.1837108725215045,1.758,1.5142780628956989,-0.5728114836293011,3.4560106849314067,1.308205397473616,0.3001985362561529,3.2640346942928766,-1.579966464334015,-0.20785567479668043,1.0,0.3406492928162287
17.48,-1.9,-0.201,1.758,1.7403020282057715,-0.6077247416871896,3.6629528896860744,1.5260974438989148,0.2917295618785296,3.4613474422888673,-1.550819176141202,-0.23036124711795464,1.0,0.35041308563327145
17.52,-1.9,-0.201,1.758,1.7916593302269432,-0.6565660237544041,3.71966248636231,1.6319161059458036,0.2836765879815276,3.565016518107144,-1.5220449783812249,-0.2528209997590885,1.0,0.38149104102571024
17.56,-1.8928377469210347,-0.20720015938179082,1.7577862014006278,1.8140198375695307,-0.6400480922973805,3.7320437409982925,1.675117260850909,0.2748024787341792,3.6003651871213904,-1.4936438710540842,-0.2752349327200819,1.0,0.4049499733459318
17.6,-1.855136390834204,-0.23983715420322638,1.7566607877860956,1.892214428677328,-0.6204107984850965,3.7666264034565113,1.6935431079378256,0.265735018552118,3.5845124364227647,-1.4656158541597804,-0.29760304600093496,1.0,0.3937805819822958
17.64,-1.833,-0.259,1.756,1.8451184711675161,-0.6169294211744174,3.6954930602675904,1.718503836105791,0.2570545180655739,3.588800881003297,-1.4379609276983127,-0.3199253396016476,1.0,0.3997096016491895
17.68,-1.76902791241087,-0.3144424759105792,1.756,1.8543741156669502,-0.6686836931049318,3.640677010809638,1.704628280210491,0.24846060795711222,3.5189696256666507,-1.4106790916696816,-0.34220181352221996,1.0,0.3594223951720837
17.72,-1.689926509345091,-0.3827674848136736,1.756,1.8529072845439916,-0.6996199014769051,3.5569743807157,1.6974070899547993,0.2398594558017627,3.4440808962807608,-1.383770346073887,-0.36443246776265187,1.0,0.30670469373520415
17.76,-1.6730812682981562,-0.3968877603971337,1.756,1.8489784426123017,-0.7304495814509466,3.5378196810582923,1.6890060337677248,0.2312249635513135,3.420256806249872,-1.3572346909109287,-0.38661730232294333,1.0,0.3160135167303442
17.8,-1.6562360272512229,-0.41100803598059243,1.756,1.8438994030187719,-0.7626622965891946,3.5177562094658446,1.6792754355151869,0.22254364706788654,3.395147191704606,-1.331072126180807,-0.40875631720309447,1.0,0.32517169741043606
17.84,-1.6393907862042896,-0.42512831156405123,1.756,1.838036007102061,-0.7959412120022108,3.497141591348033,1.6686113671667877,0.2137970931749439,3.369139937658953,-1.3052826518835217,-0.43084951240310526,1.0,0.33415711507963597
17.88,-1.620841790870709,-0.44063184094107577,1.7561387607443832,1.8315499453776996,-0.8300103879776805,3.474280407999423,1.65719002090774,0.20493672078988168,3.340995559249799,-1.2798662680190729,-0.45289688792297567,1.0,0.3411960412452272
17.92,-1.6001464826828289,-0.45787793109764263,1.7564523260199572,1.8698573508159875,-0.8684303890754554,3.494206623147536,1.6444902308594547,0.19582042240557396,3.3098321619440596,-1.2548229745874606,-0.47489844376270557,1.0,0.345742712279917
17.96,-1.5794511744949504,-0.47512402125420794,1.756765891295531,1.8327639470810233,-0.8705524809392485,3.4350510480399885,1.6465754118343676,0.1867338180026893,3.293220814808719,-1.2301527715886849,-0.4968541799222952,1.0,0.3499736762509547
18.0,-1.5544200084083075,-0.4955782023038762,1.7571429849491296,1.8175394860561964,-0.9161729967963491,3.3980892886243406,1.6272480117783992,0.1779323885278935,3.252172797783254,-1.2058556590227452,-0.5187640964017444,1.0,0.3493346409214207
18.04,-1.5166137872025571,-0.5254846160934997,1.7577072569074246,1.8054912987990124,-0.9617883707132566,3.350633248914717,1.6084637934159678,0.16914049881296989,3.2013456444350648,-1.1819316368896422,-0.5406281932010533,1.0,0.3350245806887742
18.08,-1.497,-0.541,1.758,1.7946260659154614,-1.0045119958752633,3.3241007096859096,1.5909484301907584,0.16034055822066318,3.1665918723641733,-1.1583807051893755,-0.5624464703202217,1.0,0.33929777173928044
18.12,-1.497,-0.541,1.758,1.7841820656870508,-1.0453822980563376,3.319722465926773,1.574430172266409,0.15153535815655506,3.1485375216766105,-1.1352028639219454,-0.5842189277592499,1.0,0.36436937768004285
18.16,-1.497,-0.541,1.758,1.773784829793394,-1.0853393888474017,3.3157712184433596,1.5588465191411005,0.14272370964285708,3.1314016126448188,-1.112398113087352,-0.6059455655181375,1.0,0.3900468406451206
18.2,-1.456769171772714,-0.5731846625818288,1.7604757432755254,1.7632378281622758,-1.124966281624019,3.2669416944205096,1.5445451284676037,0.13389886342578716,3.0834809293359333,-1.0899664526855946,-0.6276263835968848,1.0,0.37082089439079
18.24,-1.4171256550364641,-0.6051283120471908,1.762457672152724,1.75243550131108,-1.1646059837558171,3.218560732527458,1.5324326244455984,0.12504291503006182,3.0385924479786173,-1.0679078827166737,-0.6492613819954917,1.0,0.3519954266280439
18.28,-1.384652431503687,-0.6316064789277629,1.763456848261425,1.741322123035524,-1.20446209325458,3.1780309108774216,1.524210922895471,0.11610836907871391,3.0034252959738605,-1.045849312747753,-0.6708963803940985,1.0,0.3410736718598811
18.32,-1.3478410339358569,-0.6626868414107052,1.7670901558167973,1.7298706961814587,-1.2446584448305351,3.132251656698224,1.5226976596592534,0.10696784234340972,2.9719287884556334,-1.0237907427788324,-0.6925313787927053,1.0,0.3254217073437141
18.36,-1.30586261696349,-0.6992486884511538,1.7738608682316952,1.7065828566814052,-1.4446522633663827,3.1032973143384153,1.5320714284422516,0.09728081418070178,2.9475971391348494,-1.0017321728099116,-0.7141663771913124,1.0,0.30449608289500396
18.4,-1.305,-0.7,1.774,1.6224860853687177,-1.283210374466655,2.9850140905719345,1.4863120253724025,0.05308418386125435,2.8911171908054083,-0.9796736028409908,-0.7358013755899193,1.0,0.32729039579949765
18.44,-1.305,-0.7,1.774,1.5992888080532341,-1.0929803771454518,2.9307553731767957,1.4627719747472363,0.0036341710533713822,2.8558121000636896,-0.9576150328720701,-0.757436373988526,1.0,0.35210119631069525
18.48,-1.2798861740208431,-0.7228307508901426,1.7758264600712115,1.579918408409593,-0.9007220671473158,2.865332017426572,1.4478656771324983,-0.042428707725184034,2.811330130349961,-0.9355564629031493,-0.7790713723871331,1.0,0.3488924726398697
18.52,-1.2506296804999384,-0.7494275631818741,1.77795420505455,1.5579850510808213,-0.7080492505755989,2.808919520955808,1.4387761955089993,-0.08060650382858991,2.7713219905571873,-0.9134978929342285,-0.80070637078574,1.0,0.3410093228879898
18.56,-1.233877493096652,-0.7649976808403237,1.778374942021008,1.5437988990139089,-0.5134709012822346,2.7890413873091244,1.4352199603038773,-0.10789329080372256,2.748793807318869,-0.8914393229653078,-0.8223413691843467,1.0,0.34720627724135394
18.6,-1.2174003526474821,-0.7803252533511794,1.7787581313337795,1.5465505585430457,-0.5227107654541778,2.7759304501095454,1.4281611643508985,-0.12462709592536825,2.725607421085138,-0.869380752996387,-0.8439763675829538,1.0,0.35379246188161634
18.64,-1.1996625079811882,-0.7977236758092756,1.7774552648381448,1.544141353401823,-0.5365976772121486,2.7562014470795977,1.427474206683776,-0.14108307340103599,2.7079557231003015,-0.8474265856687265,-0.8654982471392186,1.0,0.358696999550133
18.68,-1.1797669825022392,-0.8186663342081693,1.773266733158366,1.5728334854884847,-0.5564148171655436,2.765065133875495,1.4338365998067697,-0.15671961051165223,2.696126323166449,-0.8255768209823261,-0.8869070078531419,1.0,0.3607041170502796
18.72,-1.169,-0.83,1.771,1.5991935260150685,-0.5729784042456849,2.780099907945006,1.4392077507551466,-0.17150491927742378,2.6900489665496896,-0.8038314589371858,-0.9082026497247232,1.0,0.3734484138484351
18.76,-1.169,-0.83,1.771,1.621351086315204,-0.5881012879475952,2.8008166972854633,1.4442839294177732,-0.18567610934323786,2.691543455310403,-0.7821904995333059,-0.9293851727539627,1.0,0.39937326176727017
18.8,-1.169,-0.83,1.771,1.6520506945611972,-0.6026550075024333,2.830196595096873,1.4478068972992495,-0.19936546239966063,2.691724030759342,-0.760653942770686,-0.9504545769408604,1.0,0.42574147972769566
18.84,-1.169,-0.83,1.771,1.6800859255817961,-0.6170571766877472,2.8570325964798644,1.4495792203055808,-0.2126572604464873,2.6903659957514368,-0.7392217886493264,-0.9714108622854162,1.0,0.452444850699054
18.88,-1.1672037162748792,-0.8341913286919485,1.7698024775165861,1.7666278937941975,-0.6419891889374472,2.940120674184432,1.4470866473934978,-0.22544369789475682,2.6842294580699555,-0.717894037169227,-0.99225402878763,1.0,0.4763013803250643
18.92,-1.165378323614987,-0.8384505782316966,1.768585549076658,1.7267901055289177,-0.5278073270103198,2.90880343991582,1.4375986008551047,-0.23763116478442803,2.671417757839252,-0.6966706883303877,-1.012984076447502,1.0,0.5001487672418353
18.96,-1.1638840047503116,-0.8419373222492726,1.7675893365002078,1.7310576084621303,-0.4459150318604568,2.921903591563873,1.4144146257767958,-0.2498482719645183,2.6454098494647402,-0.6755517421328086,-1.0336010052650322,1.0,0.5245982902186163
19.0,-1.163,-0.844,1.767,1.7424047300744354,-0.4206051858029042,2.936092609954239,1.383511989475572,-0.261739918856828,2.6122308693214102,-0.6545371985764897,-1.0541048152402204,1.0,0.5501622068250156
19.04,-1.161796684448092,-0.8449776938859251,1.767376036109971,1.7560223914803892,-0.4339532049470412,2.946626764685274,1.3487893297138118,-0.27406434869426766,2.574681374893461,-0.6336270576614311,-1.074495506373067,1.0,0.5758833049401966
19.08,-1.1527679990851427,-0.8523135007433216,1.770197500285893,1.7296377053807883,-0.40308006591796786,2.917202996725241,1.3128132290052636,-0.28702582957558037,2.529553506745023,-0.6128213193876326,-1.0947730786635714,1.0,0.5918860226780417
19.12,-1.147,-0.857,1.772,1.7082752165044273,-0.37735988019445416,2.895280851059441,1.278473180166139,-0.3014997433018505,2.4882726303395604,-0.5921199837550942,-1.1149375321117343,1.0,0.6119016284500629
19.16,-1.1427875746892981,-0.8604798296044929,1.772,1.712623640192715,-0.4266924895819658,2.888173239685908,1.245968239810468,-0.31745385149462635,2.4497002988546615,-0.571523050763816,-1.1349888667175554,1.0,0.6337967874268128
19.2,-1.1306741754119412,-0.8704865507466574,1.772,1.7197135957870584,-0.4369485520281402,2.883169374583057,1.2162473571417307,-0.332797561110582,2.4077271709103463,-0.5510305204137981,-1.1549270824810345,1.0,0.645672659226749
19.24,-1.1160525414073221,-0.8816767561376271,1.7740436322095456,1.7299927365323124,-0.4466115689671453,2.879106708889092,1.1882914937008473,-0.3482772170849098,2.365273028722107,-0.5306423927050402,-1.1747521794021716,1.0,0.6546741524799339
19.28,-1.0983531891549736,-0.8943191506035902,1.7785948942172924,1.6491400758000143,-0.4270857630306939,2.7869385137522977,1.1622784481278825,-0.3648816160109056,2.3218009179341252,-0.5103586676375426,-1.194464157480967,1.0,0.6601701163245222
19.32,-1.089,-0.901,1.781,1.588150681161677,-0.41658532410780225,2.72062370567195,1.1412298919006483,-0.38260546979435806,2.2896851878968656,-0.49017934521130513,-1.2140630167174202,1.0,0.6757178620088217
19.36,-1.089,-0.901,1.781,1.573901874644457,-0.417835157024792,2.706380361196892,1.1252814106186808,-0.4003715481778675,2.2701698201203544,-0.47010442542632797,-1.2335487571115318,1.0,0.7025812466066114
19.4,-1.048392672476753,-0.9338725984712,1.7829336822630117,1.5830670792274275,-0.43029902549131505,2.6792101015491028,1.112330292982151,-0.41749847406168444,2.221568358124776,-0.450133908282611,-1.2529213786633016,1.0,0.6780159829068706
19.44,-1.0176869835307705,-0.961707415005298,1.783651400365983,1.597317869422962,-0.4442161810477842,2.6657170814237663,1.1028291442813327,-0.43480179215381165,2.184998440206251,-0.43087495791208497,-1.2715960970409226,1.0,0.6636108412800994
19.48,-1.002,-0.976,1.784,1.5086093695886396,-0.4380114426027625,2.567604154568345,1.0951117701931004,-0.45285466239490063,2.161378916557759,-0.41232757431475003,-1.289572912244395,1.0,0.6678634148588749
19.52,-1.002,-0.976,1.784,1.4411630001257727,-0.44134516802572954,2.5009800548059156,1.0909402970336464,-0.47152056979981466,2.1528814603787154,-0.39449175749060605,-1.306851824273719,1.0,0.6917580460985622
19.56,-0.9859826851580596,-0.9902699714046377,1.7845824478124341,1.3807145299124879,-0.4493741239485427,2.4277199232238327,1.0903923842781365,-0.4904299945323268,2.135690387545882,-0.3773675074396531,-1.3234328331288943,1.0,0.6938371040680252
19.6,-0.9479072445708,-1.0241917275641963,1.7859670092883346,1.382999654596622,-0.4672018477901204,2.396531806331188,1.0931295735366582,-0.50941846226878,2.1049519727378874,-0.360954824161891,-1.339315938809921,1.0,0.6661954760707376
19.64,-0.9079663085486314,-1.0598300631412212,1.785399481669979,1.3130407898432348,-0.47708236269128995,2.296185404858837,1.1024773608246257,-0.5280127391555429,2.0795945311079977,-0.34525370765732005,-1.3545011413167989,1.0,0.6351980128393205
19.68,-0.8704778130024735,-1.0933183764156953,1.7846560541194767,1.2695848901980604,-0.5009309457098883,2.2205385026358364,1.114529907621608,-0.5463526290033219,2.0589869304538064,-0.33026415792594005,-1.3689884406495283,1.0,0.6064855954149558
19.72,-0.8376157407223346,-1.122747097860596,1.78367509673798,1.2609430667904284,-0.5265573772410936,2.1816029087718394,1.1290245248997945,-0.5645220413527315,2.04433097811472,-0.31598617496775105,-1.3827778368081092,1.0,0.5828493708214028
19.76,-0.8081521089147785,-1.1490989029977754,1.7831069982982066,1.256474616849054,-0.5516467426144367,2.1493330595059024,1.1453232515685234,-0.5825841479480375,2.0339628688116287,-0.30241975878275296,-1.3958693297925413,1.0,0.5627262687226647
19.8,-0.7861895274250552,-1.1686593271370602,1.7834501636339835,1.2554229955383118,-0.5760926208505132,2.1258685272895246,1.1635553629608084,-0.6005396963538654,2.0308286615239153,-0.2895649093709458,-1.408262919602825,1.0,0.5514035661653724
19.84,-0.7642269459353319,-1.188219751276345,1.7837933289697605,1.2571436846753854,-0.5999387230112666,2.1052348549537623,1.1839055795799873,-0.6183753786783601,2.0297642587138753,-0.2774216267323296,-1.4199586062389598,1.0,0.5391496227428159
19.88,-0.751,-1.2,1.784,1.2610843590928411,-0.6232552746083221,2.093112024324826,1.2066292922901558,-0.636059985304154,2.037238519714274,-0.2658855082256443,-1.431069508543288,1.0,0.5373352658331
19.92,-0.751,-1.2,1.784,1.266768532537085,-0.6461085151685761,2.0924114384760997,1.2320728275594641,-0.6535310094111486,2.0569895957636457,-0.2549565538508897,-1.4415956265158094,1.0,0.5517495330483314
19.96,-0.751,-1.2,1.784,1.2737836267514253,-0.668555628700487,2.093366154055852,1.260706302694495,-0.6706645283645467,2.0801822732232584,-0.24463476360806602,-1.4515369601565242,1.0,0.5653995003102179
20.0,-0.7196088287409653,-1.229065899313921,1.784,1.2931819416457526,-0.6872112261060763,2.084450328559339,1.2931819416457526,-0.6872112261060763,2.084450328559339,-0.23492013749717314,-1.4608935094654323,1.0,0.5372775523397393
