time_s,rtk_x_m,rtk_y_m,rtk_z_m,ekf_x_m,ekf_y_m,ekf_error_m,ekf_rts_x_m,ekf_rts_y_m,ekf_rts_error_m,jointopt_x_m,jointopt_y_m,jointopt_z_m,jointopt_error_m
0.0,,,,1.2270928949563533,5.245361414328282,,1.2955688112068877,5.058208520410308,,1.3284660289212098,3.9582437661345486,1.0,
0.04,,,,1.2141728512628434,5.265304258346118,,1.2778528274252525,5.075124869004068,,1.315177030154124,3.975535362407478,1.0,
0.08,1.387,3.183,1.058,1.072062023680466,5.398772156679481,2.2380420414380695,1.2623781637648241,5.090559339556199,1.9116258096172247,1.301057468964095,3.993907683447466,1.0,0.8154491950544762
0.12,1.3869502091819,3.1831161785755664,1.0579834030606334,1.053935691965581,5.423725820544664,2.2652218956123717,1.2445869875862925,5.109064660883297,1.9312029524020848,1.2861073453511234,4.0133607292545115,1.0,0.8363463978027741
0.16,1.3854549003110543,3.1866052326075396,1.0574849667703514,1.0479042613080818,5.441459772769743,2.2799801383304676,1.2268660480319844,5.1277466683753765,1.947608918063894,1.2703266593152092,4.033894499828615,1.0,0.8550752096879107
0.2,1.3839539833697452,3.190103537418073,1.057,1.0396078060894527,5.459232065692767,2.2951075285566973,1.2114354829161649,5.14453383055632,1.9620296643361959,1.253715410856352,4.0555089951697765,1.0,0.8751506682147722
0.24,1.3822511492231686,3.1939349142478703,1.057,1.0300673013429564,5.475894541805743,2.30897665742029,1.197713511870512,5.159987820626153,1.974694449852481,1.2362735999745516,4.078204215277998,1.0,0.8962374917559197
0.28,1.380548315076592,3.197766291077668,1.057,1.0191610748397322,5.491160450163142,2.321692810501291,1.1852834851895426,5.1744848437572095,1.9863394952269162,1.2180012266698086,4.101980160153276,1.0,0.9187079388892877
0.32,1.376927462733794,3.204267206742067,1.0574389338951722,1.006694863641207,5.505044521452486,2.330375169219956,1.1737741162853785,5.1883397300339835,1.9944460533830293,1.1988982909421226,4.126836829795612,1.0,0.9395898548781738
0.36,1.3723942855982538,3.2121357145032743,1.058,0.9925778637789084,5.517742223009275,2.336681811104987,1.162803335770797,5.201867223153241,2.0007398238561773,1.178964792791494,4.152774224205006,1.0,0.9603206623942726
0.4,1.3678519999323147,3.22065250012691,1.058,0.9768721919386358,5.529552504643549,2.341769510672583,1.1519415197799254,5.215423047856287,2.0064214097562343,1.1582007322179222,4.179792343381459,1.0,0.9817855636403569
0.44,1.365,3.226,1.058,0.9597996259659549,5.540812024618705,2.35000894730992,1.1406842775480295,5.229436336837519,2.0159550339975563,1.1366061092214075,4.207891187324969,1.0,1.0081041975368523
0.48,1.365,3.226,1.058,0.9417156445903351,5.551840593849754,2.3640440168351247,1.1284333442110919,5.244436108213386,2.0322519788576288,1.1141809238019502,4.237070756035538,1.0,1.0417169878115256
0.52,1.365,3.226,1.058,0.9230538327581953,5.562899397532831,2.378321931305565,1.114491345579258,5.261066206972049,2.050426553841735,1.09092517595955,4.267331049513165,1.0,1.0767949497713076
0.56,1.3600448129532474,3.2349193366841544,1.0584955187046752,0.9042542564355746,5.574165286613692,2.3832365903687434,1.0980905846419988,5.28006650908596,2.0618552263709597,1.066838865694207,4.298672067757849,1.0,1.1034217690325014
0.6,1.3548769403353826,3.2442707312621586,1.0590246119329234,0.8856987654857599,5.5857246660465485,2.387998050349398,1.0785089401051278,5.302159189821334,2.0763632098990605,1.041921993005921,4.331093810769593,1.0,1.1309841754896524
0.64,1.3474084170602612,3.2607014824674256,1.0605183165879477,0.8949303327944564,5.635063802367656,2.4170918151578054,1.0554010634950541,5.327686537170083,2.087509403787274,1.0161745578946921,4.364596278548394,1.0,1.1525188025678186
0.68,1.345,3.266,1.061,0.8815034950601365,5.650469708886311,2.429099586819741,1.031136254209824,5.3565162141005995,2.113946189556145,0.9904271227834632,4.398098746327195,1.0,1.1863260499092225
0.72,1.345,3.266,1.061,0.8687417472583946,5.663686937821844,2.444529520195242,1.0115968003406075,5.3798454602480685,2.139976710937409,0.9646796876722343,4.431601214105996,1.0,1.2260790065466665
0.76,1.3353558692260241,3.288824442831743,1.0622858841031968,0.8622247435338666,5.71880775834156,2.475615474130587,0.9999352931449252,5.394256146410012,2.1319825565166024,0.9389322525610054,4.465103681884797,1.0,1.2412834213333412
0.8,1.320136507130157,3.324843599791962,1.0643151323826456,0.7979237087148479,5.567787745660844,2.3029339218302027,0.993025166999804,5.4032108353687045,2.103951566638545,0.9131848174497766,4.498606149663598,1.0,1.2423076113486873
0.84,1.315,3.337,1.065,0.9010895054548063,5.687401113587493,2.386568099226999,0.981382206084521,5.42237656705958,2.111893998016526,0.8874373823385477,4.5321086174423995,1.0,1.269288934603385
0.88,1.315,3.337,1.065,0.8226031310927089,5.550338574766522,2.2674484168463906,0.9585388340462246,5.455601559853523,2.148380118192985,0.8616899472273191,4.5656110852212,1.0,1.3095706176732838
0.92,1.315,3.337,1.065,0.8429317338495707,5.674132978260218,2.384331983172173,0.9459514361007213,5.4760692546229475,2.1706713520450975,0.8359425121160902,4.599113553000001,1.0,1.349972850602533
0.96,1.3030416043308888,3.3647434779523384,1.064043328346471,0.8169404229270465,5.690351748009289,2.3758678802322937,0.9277873284362947,5.506651974842354,2.1745316232758776,0.8101950770048613,4.632616020778802,1.0,1.360293528746854
1.0,1.29,3.395,1.063,0.7895235849181836,5.760836516364521,2.418193347153399,0.9195274928429862,5.524055993484391,2.1610481951939464,0.7844476418936324,4.666118488557603,1.0,1.3679639610530223
1.04,1.2863155080172046,3.40310588236215,1.0625789152019662,0.7317396776889815,5.587895713021245,2.2540765194943218,0.9102330074762037,5.547997963121474,2.177613392068765,0.7587002067824035,4.699620956336404,1.0,1.3997604234795165
1.08,1.2633341896498416,3.4536647827703484,1.0599524788171246,0.8767847080442495,5.7357150068497536,2.3145569180623786,0.9099975725334094,5.560273655634897,2.1360355119302037,0.7329527716711747,4.733123424115206,1.0,1.3850338853071757
1.12,1.2356895568467336,3.512300055276382,1.059,0.789000857384631,5.694962723673499,2.2279019543601035,0.8951491708567322,5.591612314638926,2.1070138173314352,0.7072053365599458,4.766625891894007,1.0,1.361113101655641
1.16,1.209,3.568,1.059,0.7905232054944661,5.731821444777372,2.2039160765369585,0.8837199115108546,5.620665436380845,2.0782787420555673,0.6814579014487169,4.800128359672807,1.0,1.3403137544820964
1.2,1.209,3.568,1.059,0.7676235786622341,5.731665333982871,2.2082257182616414,0.8710714684153391,5.653261475790646,2.112465648211953,0.6557104663374882,4.833630827451608,1.0,1.381285886214842
1.24,1.2023465359513252,3.582032760539023,1.0596048603680612,0.7590811480192999,5.75475069809443,2.217473210731879,0.8638245777959802,5.678682405591724,2.1238024508538795,0.6299630312262594,4.86713329523041,1.0,1.4068071156862398
1.28,1.1659136402222108,3.6588730497131556,1.062916941797981,0.7341122691196871,5.804367629216247,2.188515344877245,0.8587645173457278,5.702301318922885,2.0663832352904103,0.6042155961150304,4.900635763009212,1.0,1.3628937335266513
1.32,1.154,3.684,1.064,0.7003993404819726,5.808307693817622,2.1721962932313303,0.8497470154682256,5.7355473684950145,2.073985651776624,0.5784681610038016,4.934138230788012,1.0,1.3762566961784874
1.36,1.1245952043614573,3.7441262239176174,1.0688276530152832,0.6967402618253707,5.831424404714374,2.130697901489089,0.8476656093249528,5.757816658178872,2.032643393623772,0.5527207258925727,4.967640698566814,1.0,1.3505658402314777
1.4,1.0781276349100073,3.8387447301799855,1.0768230887171217,0.6700067782375068,5.837077787627498,2.039582712747541,0.847333359678766,5.778218630109801,1.9531577012592916,0.5269732907813437,5.0011431663456145,1.0,1.2864451933340173
1.44,1.0296057213490803,3.9357885573018394,1.0867933449282712,0.6503228569007489,5.853285121710523,1.954647939088581,0.8455566116353027,5.802192726476852,1.8754569036638253,0.5012258556701149,5.0346456341244155,1.0,1.219291662293308
1.48,1.014,3.967,1.09,0.6435934539473748,5.9312745040861765,1.9988935281204026,0.8260674225151681,5.860537124622067,1.9028403758597563,0.4754784205588862,5.068148101903216,1.0,1.2257783787654308
1.52,1.014,3.967,1.09,0.6029252572345165,5.951377434126198,2.026508387648317,0.8170670142018825,5.897051820102697,1.9400728412039314,0.44973098544765727,5.101650569682017,1.0,1.2672140450861482
1.56,0.9890087529103698,4.01513129069114,1.096170678293736,0.5719861910603954,5.968960469719301,1.9978379008102167,0.8126332074088054,5.923401249285142,1.9164035503837205,0.42398355033642837,5.135153037460818,1.0,1.2544728744698808
1.6,0.9470452492264746,4.095949890378642,1.1065320372280312,0.56548359809129,6.044089406621855,1.985154117031055,0.7954559840107673,5.980046353347597,1.8901848552723,0.39823611522519947,5.16865550523962,1.0,1.2049434848645386
1.64,0.8783740625958162,4.224354148918606,1.1244791641312295,0.5177455557379651,6.063416682298482,1.8740874903910247,0.7869290881978888,6.014461940579571,1.792441934654491,0.3727321334230596,5.201491842922925,1.0,1.1002144489060415
1.68,0.8261422937716999,4.316676402749239,1.137705103663289,0.4571084628786611,5.963417778130221,1.6875849980772057,0.7763067394202119,6.05514584136485,1.7391835933788014,0.34747160493000856,5.233662050510733,1.0,1.0344023910242799
1.72,0.7896864523016605,4.3773040521505,1.1464228048843854,0.43375376328325926,6.016396921521013,1.6772935084633016,0.7655938716709778,6.096240864124376,1.7191056442232866,0.3224545297460464,5.265166128003047,1.0,1.0032969327134464
1.76,0.758,4.43,1.154,0.41044391739356867,6.0723015498591515,1.6786749569903343,0.7550397739745616,6.1360683057547645,1.7060708739202646,0.29768090787117313,5.296004075399866,1.0,0.9807429455201218
1.8,0.758,4.43,1.154,0.38689100636716955,6.128648653932325,1.7387147939386935,0.7443368381105933,6.175601178067546,1.7456546493690044,0.2731507393053888,5.326175892701188,1.0,1.0189259228495868
1.84,0.7485476372442446,4.445862585774026,1.1563902526508807,0.3630078945187495,6.185045891619636,1.7814037904284656,0.7334239607814208,6.215002825579918,1.7692048817732229,0.24886402404869334,5.355681579907014,1.0,1.038004968861577
1.88,0.6920825138975395,4.5406201490914855,1.170668789589128,0.3387556307764457,6.241384159295734,1.7370774607777582,0.7222018643888484,6.254534015401612,1.7141784960744737,0.22482076210108676,5.384521137017344,1.0,0.9646255346579465
1.92,0.671,4.576,1.176,0.28992298187490584,6.209708208205462,1.6775643663660167,0.7103993535217916,6.2949087448964045,1.7193602247171094,0.2010209534625691,5.412694564032177,1.0,0.9596551972793288
1.96,0.6549768215782549,4.601003201493272,1.1802258932101306,0.27431008371326093,6.221187179742698,1.6643026433593473,0.7045004443282215,6.308919475700192,1.7086341296225842,0.17746459813314033,5.4402018609515155,1.0,0.9655424970326316
2.0,0.58,4.718,1.2,0.2567831802072444,6.295763997209972,1.6105304540706247,0.6895440171222732,6.359258319035434,1.6449099554353435,0.15415169611280044,5.4670430277753574,1.0,0.8616334692794144
2.04,0.58,4.718,1.2,0.19327945410405895,6.325313028863867,1.6531811616920855,0.6815093035115781,6.377386992765202,1.6624888963411897,0.1310822474015495,5.493218064503704,1.0,0.8958181713556123
2.08,0.5194274430129422,4.804250053970702,1.2197519207566492,0.2101349892769151,6.417546874759244,1.6426772214602812,0.6675586999530753,6.426855235685489,1.6293527687429565,0.1082562519993874,5.518726971136553,1.0,0.8243415636023236
2.12,0.488,4.849,1.23,0.16094544602226493,6.459701788091513,1.6435707868658325,0.6585626801651757,6.438419135914926,1.598544593521769,0.08567370990631423,5.543569747673909,1.0,0.8026790006499149
2.16,0.45268320286704417,4.892245057713824,1.2411716399094044,0.09706488943013133,6.488276164756616,1.635169617960154,0.6498365013870965,6.446948124581712,1.5671538052296443,0.06333462112232999,5.567746394115767,1.0,0.7796758131348129
2.2,0.39,4.969,1.261,0.10794566170084433,6.576301441664031,1.631861689644268,0.6382762906075676,6.4979364447093815,1.548963449678015,0.0412389856474346,5.59125691046213,1.0,0.7133287515235212
2.24,0.39,4.969,1.261,0.0356160927657702,6.615570614728339,1.6842751387446944,0.6267461653490694,6.524944581522819,1.5738526892875673,0.019386803481628117,5.614101296712997,1.0,0.7439824086995305
2.28,0.37607520942238337,4.983889875073095,1.2652739456228328,0.06695051378959498,6.715719039432952,1.759201617773649,0.6152939111571767,6.577047028255716,1.6110168534179379,-0.0022219253750894643,5.636279552868369,1.0,0.7541359386011239
2.32,0.289,5.077,1.292,0.033318964670962445,6.775524300816842,1.7176604997182279,0.6018151728008555,6.5954387468200375,1.5503256303689348,-0.023587200922718134,5.657791678928244,1.0,0.6595678376732662
2.36,0.26998553385602314,5.0937256878118315,1.2976339158945116,-0.0170780837663354,6.822919982431852,1.7528600711719309,0.5872527608843462,6.5994269636170175,1.5387640577124246,-0.04470902316125793,5.678637674892623,1.0,0.664194773275959
2.4,0.181,5.172,1.324,-0.07035339162063342,6.86673008531398,1.713268393903164,0.5725386257647183,6.598642249351326,1.479395350506394,-0.06558739209070882,5.698817540761508,1.0,0.5816717830461609
2.44,0.181,5.172,1.324,-0.12262447673158469,6.909713492058181,1.7640396830433172,0.5585108975671478,6.599371648216774,1.476449897529552,-0.08622230771107081,5.718331276534895,1.0,0.6081822304693536
2.48,0.16462989305817993,5.185300711890228,1.3289694967501955,-0.14556883759265893,6.974506242755251,1.8158963858588906,0.5463742752013666,6.609132241560142,1.4741183799749769,-0.10661377002234389,5.7371788822127865,1.0,0.6149330367120596
2.52,0.07168408654274205,5.260819179684022,1.3571851880138106,-0.21385649008846108,7.00256448924969,1.7649957915805026,0.534513029116916,6.618815441049453,1.4347001345113253,-0.12676177902452807,5.755360357795183,1.0,0.5328712212235883
2.56,-0.018667587722698345,5.3283792179626905,1.3795454241013412,-0.35803257662855803,6.875053050029544,1.5834672521070465,0.5295037102498296,6.660231277325172,1.4402505615166306,-0.1466663347176234,5.772875703282083,1.0,0.4625589742871323
2.6,-0.049,5.351,1.387,-0.3978306879613066,6.912727044095114,1.600210676480325,0.5105686752136238,6.630693244189483,1.3966860425680976,-0.16632743710162978,5.789724918673488,1.0,0.45414235847572687
2.64,-0.06109595495885688,5.359130068087101,1.3889829434358782,-0.42981269781553605,6.966179242907376,1.6488053513842582,0.48940750130429017,6.602676348493556,1.3599490456889918,-0.18574508617654725,5.805908003969396,1.0,0.4638404142639678
2.68,-0.13375605023819864,5.407967181307642,1.4008944344652785,-0.3336599289894461,6.813458956200794,1.419636816242836,0.4639567011898681,6.588956932403246,1.3236303582996902,-0.20491928194237585,5.821424959169807,1.0,0.41953729228913833
2.72,-0.19085152087176113,5.44538599165503,1.4092057245413068,-0.32980449108746634,6.764508187212549,1.3264204818775438,0.4472825902003206,6.56405789651804,1.287882748717286,-0.22385002439911553,5.836275784274724,1.0,0.3922801692786829
2.76,-0.2315790867009565,5.470797207941622,1.4137310096334397,-0.3542832356363554,6.769731301574531,1.3047168611495392,0.4329512894826499,6.537270574303672,1.2565691632498097,-0.24253731354676633,5.850460479284145,1.0,0.37982138215496786
2.8,-0.2723066525301523,5.4962084242282145,1.4182562947255724,-0.4135015998064302,6.735107708658184,1.2469191834667719,0.41615702918532527,6.47974942642455,1.2005561811271483,-0.26098114938532824,5.863979044198069,1.0,0.36794496318674397
2.84,-0.3108168649543693,5.521211243302913,1.4214720558035077,-0.43314812601284014,6.738885904250877,1.2238041172290988,0.40543209921271806,6.451206924008227,1.1738417886584913,-0.2791815319148012,5.876831479016498,1.0,0.3570245738678361
2.88,-0.34793707202877716,5.545958048019185,1.4238669078728243,-0.46337417362163313,6.761440655063444,1.2209519615657562,0.3971879584252628,6.434335530962859,1.159493796106936,-0.2973819144442742,5.889683913834927,1.0,0.3474237970968242
2.92,-0.38453664587694764,5.570623963069993,1.4265704267543464,-0.4985665661219355,6.793371908686517,1.2280534846742253,0.39028470419293226,6.42454941965495,1.1530554236149875,-0.3155822969737472,5.9025363486533555,1.0,0.3389993125897205
2.96,-0.4168935589614058,5.594630705035882,1.4317892837034525,-0.5355738283747534,6.830218554238314,1.2412744819115222,0.3853887633160602,6.427901066520535,1.1567179517789499,-0.3337826795032202,5.915388783471784,1.0,0.3313505140575548
3.0,-0.443,5.614,1.436,-0.5951379696445092,6.656474316742046,1.0535172817160379,0.38569611723991926,6.4656502757054195,1.18829518506036,-0.35198306203269325,5.928241218290213,1.0,0.3271568832677408
3.04,-0.443,5.614,1.436,-0.4227214871701941,6.584358484939893,0.9705703515858253,0.3705923872028992,6.434433961778768,1.1554412395939992,-0.3701834445621662,5.941093653108642,1.0,0.33510074403049
3.08,-0.4721380438531659,5.634119125517662,1.4464064442332736,-0.24851003623888926,6.51457263999393,0.9084095315127109,0.356142779475606,6.4000457144132135,1.1281368099088707,-0.3883838270916392,5.953946087927071,1.0,0.33061163728666043
3.12,-0.485,5.643,1.451,-0.21575271616225436,6.508964137355127,0.906856100513865,0.34712759258810155,6.386462326508338,1.1158730041020168,-0.4065842096211122,5.9667985227455,1.0,0.33315840003354846
3.16,-0.48794674172308716,5.6453061456963285,1.4525374304642196,-0.2323129312297995,6.526669789249283,0.9176875923996451,0.3392589186178199,6.377944310431799,1.1050013053960588,-0.4247845921505853,5.979650957563929,1.0,0.34025859336892617
3.2,-0.5035627386150715,5.657527360655273,1.4606849071035157,-0.26416448328189274,6.54031783182682,0.9146751011413025,0.331800368079819,6.371253669598877,1.0987432657837775,-0.44298497468005826,5.992503392382359,1.0,0.340409470072429
3.24,-0.5137233644434995,5.667603882050192,1.4638805176066922,-0.3089537322613861,6.565363180235503,0.920816137859334,0.3247606275352647,6.366062136999829,1.091283344833933,-0.46118535720953124,6.005355827200788,1.0,0.3418137192348014
3.28,-0.521,5.676,1.465,-0.3516516571787307,6.59578080581599,0.9352409272288197,0.31765283839353486,6.357365648646448,1.0805543625847465,-0.4793857397390042,6.0182082620192165,1.0,0.34472922889027346
3.32,-0.521,5.676,1.465,-0.394634431592336,6.629290707932377,0.9616295704215859,0.3107002164299343,6.348251391390584,1.06941441136548,-0.4975861222684772,6.0310606968376455,1.0,0.35583185370236453
3.36,-0.521404651843785,5.677820933297032,1.4637860444686452,-0.4369736400731185,6.664970776149458,0.9907539593623571,0.3041389374769394,6.341855570652075,1.05946411806903,-0.5157865047979502,6.0439131316560735,1.0,0.3661353046014332
3.4,-0.523679049614795,5.686103455624042,1.458745356394452,-0.478065805389761,6.702286677752191,1.0172064239786733,0.2984373158827823,6.343645243853629,1.0527281328468,-0.533986887327423,6.056765566474502,1.0,0.37080540980199983
3.44,-0.526849939118458,5.691256151067494,1.4575562728305782,-0.5203939360097635,6.739781896638458,1.0485456208965287,0.2945984268186901,6.364364073359826,1.0620036219116729,-0.5521872698568963,6.069618001292931,1.0,0.37920926944757755
3.48,-0.5300208286221211,5.696408846510947,1.4563671892667045,-0.5829213978806842,6.567540443454899,0.8727363458811603,0.29823942870488096,6.437152407911787,1.1111777884857996,-0.5703876523863693,6.08247043611136,1.0,0.38816624199640554
3.52,-0.531,5.698,1.456,-0.41277370462633944,6.489356379086671,0.800138972703459,0.29398411346820374,6.426924093788409,1.1008765244023375,-0.5885880349158423,6.095322870929788,1.0,0.4014745888961805
3.56,-0.531,5.698,1.456,-0.244553458289349,6.408414723411193,0.7659900133143986,0.28756014643332,6.404717793587999,1.0814299575575048,-0.6067884174453153,6.108175305748218,1.0,0.4171182873772249
3.6,-0.5409714429946196,5.702653340064156,1.454670474267384,-0.12286283734512468,6.364799994449668,0.7831047171560719,0.27913827989859763,6.396170342150216,1.074032490088836,-0.6249887999747883,6.121027740566647,1.0,0.42672714381645754
3.64,-0.5487778073281782,5.707777807328178,1.4533055481679555,-0.03991551308304872,6.343555906951455,0.814343064356173,0.268704762343015,6.398261122115529,1.070067736041016,-0.6431891825042614,6.133880175385076,1.0,0.4364364052486173
3.68,-0.5528194387029944,5.711819438702994,1.4522951403242514,0.013279049287792864,6.334053091657164,0.8412147270311816,0.2561609789598638,6.412881490923025,1.0704846179300918,-0.6613895650337341,6.146732610203504,1.0,0.44825990125830406
3.72,-0.5554011399920368,5.715451994986064,1.4523502849980092,0.10697458677542436,6.43789416250011,0.9801348319558465,0.24066329837534167,6.447791022255024,1.0816834291484807,-0.6795899475632071,6.159585045021933,1.0,0.4611691946131188
3.76,-0.5573804313754406,5.71891575490702,1.4528451078438602,0.10903111808497117,6.490241276953171,1.0193367521158025,0.23173152322674223,6.47818729146156,1.09507577049169,-0.6977903300926801,6.172437479840363,1.0,0.4747598283809407
3.8,-0.5586871287659964,5.72171782191499,1.4533435643829982,0.1138135843062777,6.473764561724014,1.0088763590946606,0.22422110921238436,6.502808051969234,1.105914669665162,-0.7159907126221531,6.185289914658791,1.0,0.4895339647714531
3.84,-0.5596873532874871,5.724218383218718,1.4538436766437435,0.07465913241884124,6.495474167185602,0.9986145143299001,0.2172213733915428,6.525925602439936,1.1163877619095663,-0.733911585050494,6.196675475190524,1.0,0.5035571334892059
3.88,-0.56,5.725,1.454,0.06391900932729891,6.5192368394927005,1.0099936076071534,0.20817952295356323,6.550996447759922,1.1279937549459988,-0.7515529473777027,6.20659416143556,1.0,0.5182909105684813
3.92,-0.56,5.725,1.454,0.04590159597589505,6.540616309924553,1.0160446392856375,0.19946228352385273,6.576773170698817,1.141183812721501,-0.7689147996037794,6.2150459733939,1.0,0.5327198602765455
3.96,-0.5574104889565881,5.725,1.454431585173902,0.02696208283144292,6.561810826492829,1.020658445315459,0.19102750010021982,6.6020184729087354,1.1529617622829342,-0.7859971417287239,6.222030911065543,1.0,0.5470754832563905
4.0,-0.554,5.725,1.455,0.008421680369946925,6.583234836949611,1.026101935435306,0.18282780609166172,6.626226512783297,1.1640981243750002,-0.8027999737525363,6.22754897445049,1.0,0.5607645661599011
4.04,-0.554,5.725,1.455,-0.012974972988743318,6.612032184090438,1.0390063404353145,0.1748251332840241,6.648891761504064,1.1767591350321267,-0.8193232956752167,6.231600163548739,1.0,0.5718742667191523
4.08,-0.5512041998681361,5.725,1.4553994000188377,-0.02581203182018391,6.621297483713992,1.0389350843811953,0.16587412352990516,6.669717717920318,1.1860408460250937,-0.8355671074967648,6.234184478360293,1.0,0.5832075927472582
4.12,-0.547,5.725,1.456,-0.03987349562666766,6.63082848037884,1.0381245239870576,0.15636503471127378,6.687303853894953,1.1919526329831531,-0.8515314092171807,6.235301918885149,1.0,0.5942620866399502
4.16,-0.5457365454415035,5.725,1.4558736545441504,-0.05318553686132948,6.640992432203147,1.0400233804616048,0.14664768990486643,6.703325634926646,1.198547861919082,-0.8672162008364647,6.2349524851233085,1.0,0.6028272604289735
4.2,-0.5397193242952443,5.725,1.4552719324295245,-0.06618702277775959,6.651247016164088,1.0402722602921428,0.13688159639268027,6.7185966934843,1.2020911759008472,-0.8826214823546165,6.233136177074773,1.0,0.6130124504885196
4.24,-0.5353006056947132,5.725,1.455566464768429,-0.0791510409420342,6.661406085708958,1.0415991468779298,0.12713517238837221,6.733509342536045,1.2066118904051246,-0.8977472537716362,6.22985299473954,1.0,0.6214854133442547
4.28,-0.5321999534270542,5.725,1.4566000155243153,-0.09213974340660555,6.671461038669806,1.0437631370014797,0.11743450658742818,6.748270927189682,1.2120677877371135,-0.9125935150875238,6.22510293811761,1.0,0.6283328818919187
4.32,-0.531,5.725,1.457,-0.10513780426111732,6.681447500414926,1.0469720296213756,0.10778389027796101,6.763014435928826,1.218818619678615,-0.927160266302279,6.218886007208985,1.0,0.6331400672154041
4.36,-0.531683106332612,5.725,1.456316893667388,-0.11811821523995561,6.691398407904482,1.0511716329623813,0.09817291543461992,6.777860806732297,1.2268799804827808,-0.9414475074159023,6.211202202013663,1.0,0.6358454573542871
4.4,-0.5335677906792534,5.725,1.455,-0.13107036965446955,6.701317222164972,1.0560300621798275,0.08857736046749065,6.792968788775738,1.23597003317011,-0.9554552384283934,6.202051522531644,1.0,0.6368415609223719
4.44,-0.5363038266128657,5.725,1.455,-0.1439606177710689,6.711247518528291,1.0614223293899039,0.07878366799831088,6.808721609478244,1.2461080020917814,-0.9691834593397526,6.191433968762929,1.0,0.6363532223896585
4.48,-0.539039862546478,5.725,1.455,-0.15678635104143826,6.721200756183842,1.0670209434116995,0.06844033138616396,6.8260819946999725,1.2575427408533324,-0.9826321701499795,6.179349540707517,1.0,0.6349863309600701
4.52,-0.54,5.725,1.455,-0.1424585777017373,6.662807306538574,1.0185881045054772,0.05709454859919394,6.84649967047499,1.2705445331992054,-0.9958013708590742,6.165798238365409,1.0,0.6340804181040913
4.56,-0.54,5.725,1.455,-0.1465106462108138,6.64337899030545,0.9991265392230808,0.04398556881608351,6.869829363095734,1.2851744687752047,-1.0086910614670368,6.150780061736604,1.0,0.6332140017968053
4.6,-0.5482539367112967,5.725634918208561,1.456904754625684,-0.16067758809380608,6.649195503583801,1.001588528721412,0.029628915215764134,6.8932131570370165,1.3027615032449766,-1.0213012419738674,6.134295010821103,1.0,0.6251214476485918
4.64,-0.5598378810789597,5.725067561671051,1.4583108127763162,-0.22937490924889933,6.731104744754752,1.0589223717996252,0.014239867520223076,6.9163903683553976,1.322427801871609,-1.0336319123795659,6.116343085618905,1.0,0.6144732050600316
4.68,-0.5711541664060631,5.723524431853718,1.4588251893820938,-0.26647103251534265,6.769400665268579,1.0893525176450123,-0.0017356903881526886,6.937919426982551,1.34126530001507,-1.0456830726841322,6.096924286130011,1.0,0.6038254168772766
4.72,-0.5831735264685131,5.723653882117481,1.458346117882519,-0.2974123399603024,6.802696942592346,1.1162407366126461,-0.017650459346117475,6.959177506771367,1.3587990898309423,-1.0574547228875664,6.076038612354419,1.0,0.5908617870372465
4.76,-0.5955548336437783,5.7246443866915016,1.4573556133084977,-0.3192406029514688,6.820920834831964,1.1305625169934435,-0.03349075652340466,6.980415847998893,1.375819025098606,-1.0689468629898684,6.0536860642921315,1.0,0.5765140406327034
4.8,-0.607496175072346,5.723714941416169,1.457428352861277,-0.3404730689456814,6.853694353847706,1.1611006897442842,-0.04917437812640041,7.0012839671719975,1.394240239168145,-1.0801594929910385,6.029866641943149,1.0,0.5631513791525936
4.84,-0.619191084263923,5.72171009984047,1.45809663338651,-0.3656636927417816,6.933613147964323,1.2381377695167477,-0.06561753561479267,7.0229349885267345,1.414082700799558,-1.091092612891076,6.004580345307468,1.0,0.5501878120162271
4.88,-0.6308859934555,5.719705258264772,1.458764913911743,-0.3849420961380008,7.001150346645662,1.3048332901804849,-0.08170188706931142,7.039758006397652,1.4297350945403722,-1.101746222689982,5.977827174385091,1.0,0.536969532707745
4.92,-0.635,5.719,1.459,-0.3979861063345566,7.059011834900158,1.3608112666578496,-0.09662392141831833,7.050302984948287,1.4360419352237617,-1.1121203223877554,5.949607129176018,1.0,0.5299277781567975
4.96,-0.635,5.719,1.459,-0.40948013118208126,7.106798850013709,1.4060031505409307,-0.10992694722970314,7.052577078220643,1.4332234767477905,-1.1222149119843967,5.919920209680248,1.0,0.5270173632034508
5.0,-0.6430517516865901,5.715661468812877,1.459,-0.4224133278154194,7.145768821525223,1.4470274200478264,-0.12125298688207237,7.043918847288637,1.4270744950516139,-1.132029991479906,5.888766415897782,1.0,0.5187147980312854
5.04,-0.6808465898932474,5.699530982507214,1.4588171098153493,-0.43776276212666354,7.1780415800110795,1.4983602151194795,-0.1302206955035995,7.020871922681276,1.4314785208840803,-1.1415655608742832,5.85614574782862,1.0,0.48661088658033913
5.08,-0.7062748285180748,5.686576974151169,1.4578575536408274,-0.45896787669528855,7.198052670330564,1.5315741929664604,-0.136327034057107,6.979032299535431,1.4125442494042657,-1.1511011302686605,5.823525079759456,1.0,0.4654301476685858
5.12,-0.729,5.675,1.457,-0.4770708599563191,7.222159402559513,1.5675364456788428,-0.14500199536896857,6.933294354587086,1.3872124394622325,-1.1606366996630377,5.790904411690294,1.0,0.44692736898211166
5.16,-0.729,5.675,1.457,-0.4140673414516541,7.417484252543188,1.770715660342259,-0.15612690857271677,6.87701274666349,1.3315473037120986,-1.1701722690574148,5.75828374362113,1.0,0.44896453416368876
5.2,-0.7579716200768993,5.658444788527486,1.457,-0.5951298380536297,7.480634977088473,1.8294519751172582,-0.1634030094819397,6.827690700924512,1.3117346669056107,-1.1797078384517918,5.725663075551967,1.0,0.4270594057033056
5.24,-0.7978840077849969,5.634610343398495,1.457,-0.7797436430240796,7.382496817507562,1.7479806060729293,-0.17149615231094628,6.770890459989695,1.297495375269558,-1.1892434078461693,5.693042407482805,1.0,0.39569746793401867
5.28,-0.8281357209994564,5.61204160496866,1.457,-0.8712461690288263,7.274055313143224,1.6625727283007679,-0.18345352970461892,6.7101350530567005,1.2733516201374215,-1.1987789772405464,5.660421739413641,1.0,0.37378745405097896
5.32,-0.855,5.592,1.457,-0.9082082178772313,7.203638140574959,1.6125162357649565,-0.19731319342759823,6.6488961687073855,1.2448218535066593,-1.2083145466349237,5.627801071344479,1.0,0.3551237609246305
5.36,-0.8610976152212064,5.586295779309194,1.4569016513674,-0.935229753748564,7.157606269977089,1.5730582417843342,-0.21188503911147338,6.588063738985957,1.1937403461448308,-1.2178501160293007,5.595180403275315,1.0,0.35686311574026347
5.4,-0.8920890551399282,5.5573037871271636,1.456401789433227,-0.9627843502411892,7.123990373601543,1.5682808055282051,-0.2263600843192063,6.527909488799235,1.1769751444734726,-1.227385685423678,5.562559735206153,1.0,0.3353378226055728
5.44,-0.9218118497820448,5.528478205168145,1.4558422344333755,-0.9923920449841492,7.095972821282611,1.569082832581698,-0.24033866348288457,6.468289445480736,1.1608836595725778,-1.2369212548180553,5.52993906713699,1.0,0.3151127913300895
5.48,-0.946337180693384,5.500334382810871,1.4550381252231677,-1.0235868710027451,7.0701983886409465,1.5717635036651492,-0.2536534040033651,6.408920119807746,1.1425142694792496,-1.2464568242124323,5.497318399067827,1.0,0.30013479735601956
5.52,-0.9708625116047226,5.472190560453598,1.4542340160129599,-1.0556555649940917,7.045157646851758,1.5752508742403568,-0.2662381212468038,6.349527437712799,1.1252624261416513,-1.2559923936068094,5.464697730998664,1.0,0.2852283157468148
5.56,-0.978,5.464,1.454,-1.0880308493650976,7.02022466515986,1.5601096103363772,-0.27805436413891127,6.289878636887351,1.0825892185071362,-1.2655279630011869,5.4320770629295,1.0,0.2892946653825801
5.6,-1.0196510651546533,5.408935879965035,1.4532940497431415,-1.1203373708687159,6.995166679746365,1.5894231287902114,-0.28903955443636564,6.229758563264699,1.0988826402365814,-1.275063532395564,5.399456394860338,1.0,0.25558831949042465
5.64,-1.0704876916608588,5.327909106302592,1.453683422278793,-1.152353104709758,6.969914618355954,1.6440450259853872,-0.29903345515179536,6.168946694040372,1.1412650275091962,-1.2845991017899412,5.366835726791175,1.0,0.21762117941534623
5.68,-1.093130320673909,5.282885131260881,1.454,-1.1839598450609623,6.94446208588432,1.6640576848883817,-0.3076166301320846,6.107265952340537,1.1386990367048728,-1.2941346711843185,5.334215058722012,1.0,0.20745483936817802
5.72,-1.103735007217768,5.255943495176481,1.454,-1.2151032441316885,6.918823399027376,1.6666050698424255,-0.31371796351043146,6.044871693916292,1.1164831535293858,-1.3036702405786953,5.301594390652848,1.0,0.2050807201978836
5.76,-1.1143396937616274,5.229001859092081,1.454,-1.2379568326840447,6.884878364280576,1.6604843261743325,-0.3146459757261263,5.98325218070344,1.0992741197336913,-1.3132058099730726,5.268973722583685,1.0,0.20284349151011824
5.8,-1.123,5.207,1.454,-1.2604562851123198,6.850357376788219,1.6490960245422752,-0.3174441688531964,5.9237007843239065,1.0782301291213858,-1.32274137936745,5.236353054514524,1.0,0.2018866524586116
5.84,-1.123,5.207,1.454,-1.2860809184065218,6.817506051202969,1.6187418345461064,-0.3198977344157721,5.8662683831821525,1.0390418904212328,-1.3322769487618271,5.203732386445362,1.0,0.20930245717956314
5.88,-1.130592502042672,5.175718891584191,1.454,-1.3154827163754796,6.787808587762729,1.6226575670427335,-0.3196626103220386,5.81442863837077,1.0322584123785157,-1.3418125181562042,5.171111718376199,1.0,0.21127025642993208
5.92,-1.143927268160705,5.120779655177896,1.454,-1.344965400537762,6.7572250850288835,1.6487480024399845,-0.31445544433188277,5.782819273660213,1.061282225878736,-1.3513480875505814,5.138491050307035,1.0,0.2081756225733174
5.96,-1.1521292633548383,5.073994019621508,1.453724715776344,-1.3130019350290876,6.549589114936143,1.4843385401613134,-0.2979818555680336,5.8072339482694115,1.1257035965086462,-1.3608836569449587,5.105870382237873,1.0,0.21117409722034775
6.0,-1.158074259823156,5.030793711951733,1.4533283826784562,-1.239956147554376,6.355048437566141,1.3267837886598246,-0.27630889126501146,5.764616058233615,1.147172786066304,-1.370419226339336,5.073249714168709,1.0,0.21654767818890477
6.04,-1.163,4.995,1.453,-1.102758818187882,6.202061343009204,1.2085636457271511,-0.25339499093584705,5.691806799705124,1.145827643509221,-1.3793929129096854,5.040472174747459,1.0,0.2211189983556412
6.08,-1.163783092485781,4.980512789013051,1.4527389691714063,-0.9563347194653663,6.05867725831745,1.0979405495468566,-0.2295006130104793,5.625101032804093,1.1350672911718214,-1.3878047166560075,5.007537763974118,1.0,0.22564582284525556
6.12,-1.1678207035304877,4.905816984685979,1.451393098823171,-0.8111495756355929,5.914106251372832,1.0695146276651524,-0.20574582576502165,5.567243267340758,1.1675070868367166,-1.395654637578302,4.974446481848689,1.0,0.23794602199765882
6.16,-1.168066694641552,4.831268247247696,1.451933305358448,-0.6649240196617376,5.769952854490725,1.0650264519066386,-0.18282904350979112,5.514716899506231,1.1990810187312775,-1.402942675676569,4.941198328371175,1.0,0.2593286509488998
6.2,-1.167,4.771,1.453,-0.5658740662400554,5.587270953557676,1.013731057954092,-0.16081436397339388,5.460894009499376,1.2199849501077427,-1.4096688309508083,4.90779330354157,1.0,0.2785687875711279
6.24,-1.167,4.771,1.453,-0.7277670761694753,5.509921281186925,0.8596105055009727,-0.13577620778961286,5.394392862822812,1.2050067099560873,-1.4158331034010199,4.874231407359878,1.0,0.26939680178815
6.28,-1.1635424217664354,4.689401153687876,1.453,-0.5366525257420065,5.424582538344364,0.9661690380481823,-0.11060571108299205,5.3212230671057,1.2279554743474332,-1.421435493027204,4.840512639826097,1.0,0.29890385987339435
6.32,-1.162,4.653,1.453,-0.3680872541767748,5.295718099195099,1.021461699239641,-0.09643031431582694,5.2662470150560665,1.2294350965074339,-1.4264759998293606,4.806637000940227,1.0,0.30586252229334565
6.36,-1.162,4.653,1.453,-0.17031271338846848,5.226448104348108,1.1455506984884523,-0.06357438830864211,5.173839983874223,1.2156533688603979,-1.4309546238074895,4.772604490702269,1.0,0.29434983245039836
6.4,-1.1591773998849968,4.593725397584935,1.4539408667050011,0.031157230913778894,5.169412015455822,1.3222373520947284,-0.02366352235923111,5.068929412014788,1.230938918624254,-1.434871364961591,4.738415109112224,1.0,0.3113555443564551
6.44,-1.155572757182346,4.5154644439233405,1.455085448563531,0.23636798533457742,5.134066206514133,1.5232094968713263,0.020221415477627847,4.959761456803939,1.2569374575195758,-1.4382262232916647,4.704068856170089,1.0,0.3398008331693041
6.48,-1.153585787612422,4.461816265535398,1.4554828424775157,0.39761215071097455,5.084058770822736,1.671346995463545,0.0565125966230845,4.859253496190961,1.2736932330198456,-1.4410191987977108,4.669565731875867,1.0,0.35465166943123355
6.52,-1.1515988180424983,4.408168087147456,1.4558802363915002,0.4613783370366352,5.029676937280955,1.728574138879047,0.07581302335711587,4.7819601864445955,1.2830667799865112,-1.4432502914797294,4.634905736229555,1.0,0.3694191974835431
6.56,-1.1501612962993881,4.350903518670023,1.456,0.47771609676388604,4.968914390878321,1.7412415814625328,0.0842970402765062,4.711954995783811,1.2861747757858466,-1.4449195013377205,4.600088869231157,1.0,0.38597375347514845
6.6,-1.1489607942660194,4.292078919034956,1.456,0.5581086944100644,4.903839895544767,1.8133774376971452,0.10315377275156534,4.632144835809746,1.2974728192488318,-1.4460268283716842,4.5651151308806694,1.0,0.40348110438820484
6.64,-1.1477433711514742,4.2248546353907335,1.456,0.6039061204917174,4.8388908041556675,1.8561563398931056,0.10341587845634859,4.564846937984213,1.2965316169311207,-1.4465722725816204,4.529984521178094,1.0,0.4270865948851074
6.68,-1.1464581251292736,4.123962822647986,1.456,0.6302451298673735,4.775566518636228,1.8924222131810908,0.09314105441736042,4.504602896204292,1.2967239457685813,-1.4465558339675284,4.49469704012343,1.0,0.47697221602217055
6.72,-1.1462502042282405,4.046215893883813,1.4557497957717593,0.6463951259674303,4.714164003918046,1.9130425916771034,0.0765120345605369,4.448679969618346,1.2872936047633403,-1.4459775125294092,4.459252687716678,1.0,0.5103291608375871
6.76,-1.1466389913956716,3.981288436922835,1.4553610086043285,0.6567383506314012,4.654244485054586,1.9248479629450563,0.05578300764749311,4.3956139952569915,1.2718035744846259,-1.4448373082672623,4.423651463957836,1.0,0.5334859734544282
6.8,-1.14720239503265,3.9123476123542154,1.4550505987581626,0.6634005615972979,4.595271773588133,1.9351145900318565,0.03214055050917708,4.344638508513973,1.2560753170498493,-1.443135221181088,4.387893368846908,1.0,0.5601071362787736
6.84,-1.1500351042392163,3.7912492937735065,1.455758776059804,0.6675027209595249,4.536805250477223,1.9645094630987563,0.006097624954236047,4.295433688127102,1.2612869582382917,-1.440871251270886,4.3519784023838906,1.0,0.6316666824071244
6.88,-1.151,3.75,1.456,0.669713672036137,4.478535911416299,1.9610616639367795,-0.02235241430221424,4.248031624203849,1.2336453588485485,-1.4380453985366566,4.315906564568785,1.0,0.6345433796385492
6.92,-1.151,3.75,1.456,0.6704911970695524,4.420271718404313,1.9409003986538163,-0.05374747043556738,4.202833933712959,1.1870221923609934,-1.4346576629783998,4.279677855401591,1.0,0.6008496486386558
6.96,-1.1517383692113923,3.7317517323470195,1.456105481315913,0.6701837551932877,4.361908602930527,1.9278220636093109,-0.08935546069436884,4.160764384641912,1.1457352661667477,-1.430708044596115,4.243292274882308,1.0,0.5826644029298127
7.0,-1.1552105880926826,3.6459383228522686,1.456601512584669,0.6836665655039883,4.301650819996679,1.9522879052360984,-0.13168582811210316,4.1236537816604,1.1295198067663828,-1.4261965433898023,4.206749823010939,1.0,0.6228506455632126
7.04,-1.1587854029519122,3.554092413902555,1.457,0.6993472047245024,4.241192180975802,1.9811014304225978,-0.1729493239366685,4.087402827252741,1.1208446688439464,-1.4211231593594624,4.17005049978748,1.0,0.6694964241905756
7.08,-1.1627793442310743,3.4376024599269956,1.457,0.6449489267771876,4.220152969895731,1.969839283407367,-0.21227514216701437,4.052530192470485,1.132075242372393,-1.415487892505095,4.1331943052119335,1.0,0.7400740676430083
7.12,-1.164,3.402,1.457,0.4630497061464297,4.280768175814755,1.8491955691856865,-0.25396777461745723,4.023562632208669,1.1020429923523272,-1.4092907428267,4.096181239284298,1.0,0.7362439415647218
7.16,-1.1644840373626544,3.384961884834566,1.457096807472531,0.3411924928432509,4.299321087703165,1.761565941281618,-0.2975438673091676,4.004623696005439,1.0656294002494182,-1.4025317103242778,4.059011302004574,1.0,0.7148491528914835
7.2,-1.1677272147347422,3.2708020413370753,1.4577454429469485,0.31398085756898136,4.276910411476608,1.7910088955655257,-0.340089781008793,3.9876680986001736,1.0949340919710258,-1.3952107949978274,4.021684493372762,1.0,0.7845847539077194
7.24,-1.169,3.226,1.458,0.23771688467206264,4.3069119265592875,1.7740414275319456,-0.389987315529426,3.976756273500017,1.081894516468996,-1.3873279968473495,3.9842008133888624,1.0,0.7890092443253811
7.28,-1.170091980837143,3.1990124735963197,1.457688005475102,0.1743310247992446,4.3266217929652075,1.754701112785863,-0.4282163006593004,3.960872958233608,1.0633959389103858,-1.3794451986968719,3.9467171334049618,1.0,0.7764605773172134
7.32,-1.176250051806178,3.046165250631129,1.4557082728927921,0.16470738589231998,4.31072317173036,1.8431694402668817,-0.46211877311872124,3.9440078502887506,1.1472161160652068,-1.371562400546394,3.909233453421061,1.0,0.8848918782752292
7.36,-1.1793303711501093,2.9619698552303424,1.452114566991539,0.174763352203066,4.265271292856425,1.8794053445019991,-0.4978810545091213,3.929654053856004,1.1835480046961586,-1.3636796023959166,3.8717497734371613,1.0,0.9282694321334329
7.4,-1.182,2.889,1.449,0.18540874300986968,4.222959963510231,1.9103025558031506,-0.533712246421893,3.915085229759415,1.2137248082534113,-1.355796804245439,3.834266093453261,1.0,0.961110460144055
7.44,-1.182,2.889,1.449,0.11918345299275072,4.2603291576020546,1.8904026123637523,-0.568744845538165,3.8994971514809365,1.182026386179723,-1.347914006094961,3.7967824134693613,1.0,0.9228197915209326
7.48,-1.1824440952288406,2.8762988764551536,1.4490888190457683,0.04250999859848069,4.317097362197323,1.891140610452127,-0.6066308302534443,3.889417901609125,1.1653201599777459,-1.3400312079444832,3.759298733485461,1.0,0.8969517521079916
7.52,-1.1857046561072782,2.7830468353318443,1.4497409312214555,-0.023665387092099744,4.346747239019501,1.9482028167586325,-0.630563525946991,3.872480693103866,1.2227214747667068,-1.3321484097940055,3.721815053501561,1.0,0.9501218555740119
7.56,-1.187,2.746,1.45,-0.032502052192890006,4.348918002261685,1.9754016385194735,-0.6455406059230671,3.8504363622801816,1.2300235582137604,-1.3242656116435276,3.68433137351766,1.0,0.948318308727302
7.6,-1.1871956404470299,2.7242839103796905,1.4519564044702982,-0.04387983262372156,4.339487264391336,1.9789019458348944,-0.6554147115726228,3.82430212331238,1.2218146443295543,-1.31638281349305,3.6468476935337595,1.0,0.9315649519315173
7.64,-1.187765780800906,2.6250456840385046,1.461288205595017,-0.0548593430812926,4.328706444533633,2.0459562516039744,-0.6617630980772545,3.794976297337569,1.2827378774195464,-1.3085000153425725,3.6093640135498593,1.0,0.9916951795800895
7.68,-1.1865632595310964,2.5739385300716044,1.4679020725789689,-0.06510307098659776,4.318437971788146,2.0738734909920584,-0.6650897448405207,3.762572470361677,1.2979927852392887,-1.3006172171920947,3.5718803335659595,1.0,1.0044382252879978
7.72,-1.1846268436205756,2.5330644046537647,1.4726020157759954,-0.06803161451707064,4.303690942911983,2.093299606755084,-0.6655703106339751,3.726817873891044,1.3017169545458451,-1.292734419041617,3.5343966535820592,1.0,1.0071511905405326
7.76,-1.1820437862388569,2.501206696945903,1.4756155827213335,-0.07948741778994989,4.295215621847475,2.105729937155697,-0.6632636557113512,3.686619157566161,1.2939611762429002,-1.2848516208911394,3.496912973598159,1.0,1.000999720394861
7.8,-1.18,2.476,1.478,-0.056283948202838316,4.254297051531826,2.103586976702743,-0.6588990145684644,3.641138858398616,1.2763599791470068,-1.2769688227406615,3.4594292936142583,1.0,0.9881984254806061
7.84,-1.18,2.476,1.478,-0.032349619605405486,4.217058011200842,2.0852780135959064,-0.6515723718292267,3.5985805152963852,1.240734770826258,-1.2690860245901838,3.421945613630358,1.0,0.9501312665752021
7.88,-1.1775136224883842,2.458843995169852,1.4772540867465154,-0.008551590513612038,4.185353112909325,2.08501941617725,-0.6442873493873185,3.558527820310458,1.2221435159592047,-1.261203226439706,3.3844619336464583,1.0,0.9293936291148177
7.92,-1.1723717166640104,2.4233648449816725,1.4757115149992033,0.011585957586438059,4.156213106760523,2.098694563953153,-0.6382584418533388,3.520644652459449,1.220368782879768,-1.253320428289228,3.346978253662558,1.0,0.9271539368459303
7.96,-1.164078818211595,2.3833152728463807,1.473815763642319,0.02689181121632772,4.128089245906988,2.1124978715325704,-0.6338420723935438,3.4845346173531944,1.2222254502880117,-1.2454376301387504,3.309494573678658,1.0,0.9297458542894204
8.0,-1.155,2.347,1.472,0.04042744748086193,4.100585323196403,2.122288450687239,-0.6306144819667109,3.4497656181165137,1.2210946646443666,-1.2375548319882728,3.272010893694758,1.0,0.9286874898148392
8.04,-1.155,2.347,1.472,0.057624710595956,4.073180918039806,2.109540056636203,-0.6283561978291191,3.4160441811906086,1.1917252853332017,-1.229672033837795,3.2345272137108574,1.0,0.8906629372073539
8.08,-1.1475107759692855,2.3229556491645487,1.4692408121992104,0.05777017263648638,4.046410142919187,2.1030923795960765,-0.6261520926247038,3.3828013548625693,1.1811383477752855,-1.2217892356873172,3.197043533726957,1.0,0.877238234185486
8.12,-1.136,2.286,1.465,0.05697170249542857,4.0203169005812205,2.105002754059123,-0.6253013357345474,3.35062954938964,1.1807833006593993,-1.2139064375368394,3.1595598537430565,1.0,0.8770269272270217
8.16,-1.1333515266841643,2.2790591733791894,1.4645433666696837,0.05518977833141963,3.9950179422423266,2.0873775245907105,-0.625475392431138,3.319293568372302,1.1575948186954212,-1.2060236393863617,3.1220761737591562,1.0,0.8461435450880884
8.2,-1.1150037401574806,2.2309753190333974,1.4613799551995657,0.052564784207584356,3.9705670429053423,2.0950884527512863,-0.6263671759671978,3.288538142214711,1.1649913376669008,-1.198140841235884,3.0845924937752565,1.0,0.8576561423962369
8.24,-1.107,2.21,1.46,0.056688830415149036,3.945081965332272,2.089181926126654,-0.6277070589768684,3.2580937989768506,1.1524852861396235,-1.1894632764745925,3.047411636612184,1.0,0.8414620853612015
8.28,-1.107,2.21,1.46,0.06306958363247894,3.9187895407428153,2.070996022471778,-0.62890049346723,3.22779344824416,1.1244921704643462,-1.1799909451024866,3.0105336022699407,1.0,0.8038542942786596
8.32,-1.0896673041231941,2.1746413004113156,1.4593066921649278,0.07137507508101971,3.8918187171115646,2.0728525482372167,-0.6297231803905091,3.197467168963984,1.1214817672778938,-1.169723847119567,2.973958390748526,1.0,0.8033161650195235
8.36,-1.0683338691317998,2.1350842709806495,1.45831669345659,0.08112682732943659,3.8643629746850108,2.0764548460765013,-0.6299351470063796,3.1669415436114727,1.1211257158063597,-1.1586619825258333,2.9376860020479394,1.0,0.807668686270265
8.4,-1.062,2.124,1.458,0.049588221891602,3.843827967083345,2.0477882242581056,-0.6292313799202669,3.1360068328206516,1.1006573073402104,-1.1468053513212857,2.90171643616818,1.0,0.7823265320177129
8.44,-1.062,2.124,1.458,0.036560950194980915,3.825916015891305,2.025673785790948,-0.6293708713349369,3.1053273692734225,1.0724604275471368,-1.1341539535059242,2.8660496931092503,1.0,0.7455494216013231
8.48,-1.056930698090944,2.117012583855085,1.4577259836805916,0.026612876440484875,3.8093375394142965,2.009485116420829,-0.627946205261403,3.0735755890464835,1.0483513142019798,-1.1207077890797488,2.8306857728711488,1.0,0.7165172280241086
8.52,-1.0330720384655299,2.084126323290325,1.456436326403542,0.034064488230475184,3.786479997558277,2.0091760497533335,-0.6237249444477303,3.0399765148426314,1.0398147104515294,-1.1064668580427597,2.7956246754538747,1.0,0.7152738669014972
8.56,-1.00956095812571,2.0549142652329744,1.4542355380715097,0.04871298232712197,3.7611524793361726,2.007783000303478,-0.6201240976730269,3.006210300577262,1.0279227671089899,-1.0914311603949562,2.7608664008574295,1.0,0.7106835778406142
8.6,-0.99,2.032,1.452,0.06517185707398733,3.734282786614497,2.0027866420477705,-0.616752077204107,2.972239776241777,1.0116149705785478,-1.0756006961363387,2.7264109490818127,1.0,0.6996670961133798
8.64,-0.99,2.032,1.452,0.08164338426571265,3.706923718059504,1.9884136904474237,-0.6135855080824564,2.9381130189460807,0.9811873790612692,-1.0589754652669074,2.6922583201270247,1.0,0.6638513870632093
8.68,-0.9773483360281197,2.0186995327475104,1.4513511967193906,0.09804108868397965,3.6794345570095484,1.9785103577169496,-0.6105618412988023,2.903878412291855,0.9581617720965501,-1.041555467786662,2.6584085139930647,1.0,0.6429231186190801
8.72,-0.958182799297012,1.9985511479789102,1.450368348681898,0.1138741867804655,3.6519007818114844,1.9705002393026578,-0.6076525026110516,2.8695047288826494,0.9388459026825401,-1.0233407036956028,2.6248615306799326,1.0,0.6296905970273949
8.76,-0.9373813395571847,1.9780147656242926,1.4493665739328923,0.13006307960037736,3.624184177137323,1.9619661871173475,-0.6047721777159066,2.8349148010139076,0.9191879705432839,-1.0043311729937296,2.5916173701876293,1.0,0.6172442276150435
8.8,-0.9155992602634666,1.957245806297724,1.4483534539657426,0.1461782776109612,3.5963505227236245,1.9529556603631106,-0.60187152467107,2.799821794966949,0.899088087320622,-0.9845268756810422,2.558676032516154,1.0,0.6053671061234703
8.84,-0.898208194703716,1.9419111173639392,1.448212865332528,0.16219839770044114,3.568438086403325,1.9416622060045994,-0.5988295503329466,2.763660688926983,0.8745855767558286,-0.9639278117575412,2.5260375176655074,1.0,0.5878118062738867
8.88,-0.8831698670667781,1.9294881510551645,1.4485397854985482,0.17812426754826186,3.5404685334420885,1.9291456742827398,-0.5954279982047753,2.725104844008914,0.8460504152843723,-0.9425339812232261,2.4937018256356893,1.0,0.5673280961077445
8.92,-0.8681315394298408,1.9170651847463902,1.4488667056645688,0.19561237877261953,3.503324732415428,1.9099137352466742,-0.5913033172265642,2.6810425824465667,0.8125855824496029,-0.920345384078097,2.4616689564266987,1.0,0.5471010452387839
8.96,-0.862,1.912,1.449,0.2228323499315989,3.479903169270561,1.9066152143699013,-0.584319149592005,2.6418274201247183,0.7808679259959455,-0.8973620203221538,2.4299389100385373,1.0,0.5191446686745156
9.0,-0.8415455774912354,1.8958069155138948,1.449,0.24843559064298792,3.455753981741175,1.903022279511815,-0.5763624076297432,2.603964708283475,0.7561809129025094,-0.8735838899553968,2.3985116864712044,1.0,0.5037246670640543
9.04,-0.814,1.874,1.449,0.18936714588292713,3.4269251601330373,1.8488705153177898,-0.5684199623034679,2.5641715625852326,0.7325614927884017,-0.8490109929778259,2.367387285724699,1.0,0.49462792414508805
9.08,-0.814,1.874,1.449,0.25721553415355597,3.4099637064367982,1.872615077399238,-0.5649801961598766,2.526112567442266,0.6980413048815358,-0.8236433293894408,2.3365657077990223,1.0,0.4626662164382911
9.12,-0.7794370689339385,1.8429638986345571,1.449,0.17348874934807348,3.3383484842626756,1.7732012503048327,-0.5642614862234401,2.490851286811623,0.682684846143301,-0.7974808991902419,2.306046952694174,1.0,0.46343445574050746
9.16,-0.765,1.83,1.449,0.14574872550762097,3.286671572012877,1.7179509043404653,-0.5675674046939327,2.456853670962846,0.6572101296304593,-0.7705237023802289,2.275831020410154,1.0,0.44586523754150714
9.2,-0.7592323849228175,1.8247764995527405,1.4488911770740154,0.16406437104686242,3.252765532851897,1.700479220339606,-0.5699974669672435,2.423069130125814,0.6275061162823046,-0.7427717389594022,2.2459179109469627,1.0,0.42146297732618276
9.24,-0.722746108507792,1.7917323246863022,1.4482027567642979,0.18914226118449717,3.2205274307902565,1.6949914023400448,-0.5719030447888742,2.3888097071601226,0.6158368538289166,-0.7142250089277612,2.216307624304599,1.0,0.4246607989725676
9.28,-0.712,1.782,1.448,0.25308569788098145,3.1298557352284733,1.6577410796752035,-0.5759854132451044,2.352879235626565,0.5868586452287093,-0.6848835122853064,2.1870001604830644,1.0,0.40590692762909214
9.32,-0.7032171422489618,1.7739614522278635,1.4481488619957803,0.13214203355672177,3.024222340696666,1.5036546285093364,-0.5722231592672398,2.3192098084707267,0.5607630458250258,-0.6547472490320377,2.157995519482358,1.0,0.38708073493844886
9.36,-0.6419324743440015,1.7175932221443595,1.4488348130499105,0.09247732290402211,2.9666449394653958,1.448960987341106,-0.581534529089561,2.2898250699477387,0.5754104616979328,-0.623816219167955,2.1292937013024797,1.0,0.41209887556341307
9.4,-0.586,1.665,1.448,0.02505899336933512,2.888051468016708,1.367204442208761,-0.6013603170023086,2.2593682276655205,0.5945666736343901,-0.5920904226930583,2.1008947059434298,1.0,0.43593725227157315
9.44,-0.586,1.665,1.448,-0.024812724479868417,2.8182550026358038,1.2825475661004608,-0.6203766213310391,2.235078525348471,0.5711140666781243,-0.5595698596073475,2.0727985334052086,1.0,0.4086541278007777
9.48,-0.5786746480278979,1.6578624775656443,1.4481878295377462,-0.05519841075575258,2.768105922392506,1.22746400263699,-0.6425852207473561,2.2147675993369638,0.5605603232128165,-0.5270492965216368,2.044702360866987,1.0,0.3902694866765034
9.52,-0.53956960629686,1.6197601292123252,1.4491905229154651,-0.07656356233867727,2.7254370738558227,1.1987060117718549,-0.6690405160869428,2.196573887762513,0.591165652363757,-0.49452873343592624,2.0166061883287654,1.0,0.39939388436019396
9.56,-0.508,1.589,1.45,-0.16842211203689372,2.6723391948393274,1.1353135923913737,-0.6992614197843307,2.1775505366801946,0.618847852807508,-0.4620081703502156,1.988510015790544,1.0,0.402148605756001
9.6,-0.49347378458710056,1.5744737845871004,1.4495047881109238,-0.2218583555528018,2.6770714753179448,1.1355600419592426,-0.7233172065892917,2.1575386535493415,0.6267317129806282,-0.42948760726450497,1.9604138432523226,1.0,0.39120833295173274
9.64,-0.40931887921696125,1.4896513091680212,1.4471112616748234,-0.25436228387535914,2.7078457894052907,1.2280103167809349,-0.7381225347885585,2.134292967474276,0.7236537235039172,-0.3969670441787943,1.932317670714101,1.0,0.44283865625445873
9.68,-0.35248890077591083,1.4292694570744053,1.4477032406169177,-0.2752007126897036,2.7474007639739453,1.3203952462222583,-0.7404957746798997,2.1060674180854124,0.7801312801223923,-0.36444648109308364,1.9042214981758796,1.0,0.4751025416407474
9.72,-0.324,1.399,1.448,-0.22083387103845176,2.7056988077433908,1.310765053059819,-0.7247332983492331,2.070381097101158,0.7818821867459381,-0.331925918007373,1.876125325637658,1.0,0.47719115304152565
9.76,-0.324,1.399,1.448,-0.1781103845924892,2.6631512499703947,1.2725416153059446,-0.7174985268682614,2.038491593715187,0.7508598997681801,-0.2994053549216623,1.8480291530994366,1.0,0.44970220913369624
9.8,-0.3121305373109438,1.3862086372962599,1.4478847624981646,-0.16916539314156614,2.635698733740582,1.2576424506034347,-0.710104075051345,2.0056943161627694,0.7363052648611924,-0.26688479183595165,1.819932980561215,1.0,0.43607795567329977
9.84,-0.24355073645610537,1.3123022499672592,1.4472189391888943,-0.22075276725772527,2.667139621868191,1.3550291700546502,-0.6990141796473708,1.9726519730096532,0.8021899430969012,-0.23436422875024093,1.7918368080229936,1.0,0.4796225435626837
9.88,-0.18545502060571947,1.2478473380916462,1.447,-0.22516848481485727,2.732463530373179,1.4851472646252988,-0.6870811408708498,1.9343179912185853,0.850218043878612,-0.20184366566453033,1.763740635484772,1.0,0.5161535449670145
9.92,-0.13249570804763,1.1880229294612117,1.447,-0.2228277970044026,2.7951644746228235,1.6096781766799682,-0.6654871881667938,1.8893935716140668,0.880909016614954,-0.16932310257881963,1.7356444629465506,1.0,0.5488584525401701
9.96,-0.08354530386033832,1.1328960494713536,1.4464786779444307,-0.2076451499579926,2.7829969082473083,1.6547608938860638,-0.632703948816068,1.839424451038102,0.8948506018046127,-0.13680253949310894,1.707548290408329,1.0,0.5771148335999796
10.0,-0.036930467174821735,1.0805059232849765,1.445653636587165,-0.18351280500045428,2.743864104997514,1.669804426402226,-0.5928232276323498,1.7882603740376761,0.8999628457271701,-0.10428197640739827,1.6794521178701076,1.0,0.6027211376780439
10.04,0.013505311861063117,1.0235653578730706,1.4445176674335336,-0.1559925822910877,2.6991110617410166,1.6840970702047862,-0.5497462875045833,1.736814095558071,0.9088322870569715,-0.0717614133216876,1.651355945331886,1.0,0.6335546039018858
10.08,0.07851190894466463,0.9492721040632404,1.4421960032519763,-0.12669674032855002,2.6535279120199426,1.716565888246265,-0.5057034579691885,1.6857771332403093,0.9400783227696526,-0.03924085023597691,1.6232597727936646,1.0,0.6841966748642719
10.12,0.112,0.911,1.441,-0.020472575237232647,2.6144442500255267,1.708587514918394,-0.46196582525231894,1.6355891589798603,0.9243734190621866,-0.0067202871502662406,1.595163600255443,1.0,0.694387743624217
10.16,0.112,0.911,1.441,0.03496761576951153,2.5799618405060696,1.670738643021595,-0.41405657998054246,1.5836267474561336,0.8539099874894556,0.025800275935444456,1.5670674277172216,1.0,0.6617060239564827
10.2,0.15517786138965162,0.8614254184044742,1.4386012299227973,0.07865010705512662,2.545773892112213,1.686086082637857,-0.36506546912484295,1.5320956686014153,0.8487942668538951,0.058320839021155146,1.5389712551790002,1.0,0.6844338125140985
10.24,0.22907304891029356,0.7764147762713242,1.4346219562954046,0.0937800062895641,2.511157978731679,1.7400109729148212,-0.31417338593599275,1.4820204956625789,0.8905032960134682,0.09084140210686584,1.5108750826407786,1.0,0.7473552902136309
10.28,0.2759130663595588,0.7217680892471814,1.4326702889016851,0.1511643378202814,2.474455134889928,1.7571209762665931,-0.2742341325697172,1.4329375331620116,0.8991239727912148,0.1233619651925765,1.4827789101025572,1.0,0.7761503127141236
10.32,0.3204934571800114,0.669501427398144,1.4314138710560538,0.18344039080395447,2.4424599008136845,1.778247814973786,-0.23750906573156766,1.3840792956027799,0.9066357291126185,0.15588252827828716,1.4546827375643359,1.0,0.8022508633514744
10.36,0.351660494148244,0.6313628163712277,1.4342845191978646,0.211048232211984,2.408781065340439,1.782971519675962,-0.20427246248891967,1.3373352679800357,0.8985869767061446,0.18840309136399785,1.4265865650261143,1.0,0.811808961510396
10.4,0.3828275311164781,0.5932242053443098,1.4371551673396756,0.23810008067162367,2.375032199989473,1.7876760793537754,-0.17619905811113343,1.294404264451112,0.8967520296896324,0.22092365444970852,1.3984903924878929,1.0,0.8213808479849605
10.44,0.392,0.582,1.438,0.4316461862873249,2.406520814217227,1.8249515121227255,-0.15979051338876693,1.2602792483232532,0.8743772122898655,0.25347663116561026,1.3718513664930454,1.0,0.8019064190191767
10.48,0.392,0.582,1.438,0.5145784280948829,2.4097920445831793,1.831897712558147,-0.14137421408839923,1.229567940408166,0.8389471316470971,0.2860620215117032,1.3466694870415714,1.0,0.7719729786065098
10.52,0.4190642889108598,0.5494311099547281,1.4430458843732112,0.6194168385305079,2.4364504445004465,1.8976256514624952,-0.12873061667773844,1.1982530111621668,0.8491461111465191,0.3186798254879872,1.3229447541334716,1.0,0.7800002552739184
10.56,0.45701720516190264,0.5031514715279531,1.449261617615735,0.6914858282431339,2.440134072091593,1.9511220182489588,-0.12714687334154307,1.1683548998784496,0.8852927604487874,0.35133004309446236,1.3006771677687454,1.0,0.8044979878099322
10.6,0.48803330640656184,0.4626956872957889,1.450610143756807,0.7476252948720842,2.4321550028818333,1.9864938953402638,-0.1364236301224514,1.1401084878220622,0.921322184632525,0.3840126743311286,1.2798667279473932,1.0,0.8237650159948519
10.64,0.5128190832404905,0.4337747760270214,1.450648464816878,0.7936108831016486,2.4168429422265354,2.002848817725185,-0.1568318113856111,1.113952434818775,0.95450194771565,0.41672771919798596,1.2605134346694147,1.0,0.8323042472181509
10.68,0.5350712133269668,0.4095446788217473,1.4501539730371784,0.7613567627037463,2.346883121315421,1.9505090080849574,-0.18959731529324486,1.090827290936825,0.9946308229403139,0.4494751776950345,1.2426172879348099,1.0,0.837458448742592
10.72,0.5550185192928284,0.3920283682012379,1.4494460204556243,0.7418984229132015,2.290674435531532,1.9078210050646658,-0.22311172266551116,1.0687432109203656,1.0312272551705166,0.48225504982227413,1.2261782877435787,1.0,0.8373175089306839
10.76,0.5739236483512267,0.3775478438160817,1.448641546878671,0.7300226373794426,2.240598137344339,1.8695783724121746,-0.2592225100445229,1.0481420925862166,1.069499494031286,0.5150673355797049,1.2111964340957215,1.0,0.8357236610437029
10.8,0.5937304474296128,0.3630812132881112,1.4476980565470459,0.6621886403606771,2.1627238326430134,1.8009442194521075,-0.3004718112676028,1.0301949777633514,1.1156336559155646,0.5479120349673267,1.1976717269912383,1.0,0.8358472662417541
10.84,0.617087699521616,0.34866929178453476,1.4462071681156417,0.6250999689924288,2.1184966061366026,1.7698454506223773,-0.33582258539068044,1.0134298355757314,1.1618711596701252,0.5807891479851396,1.1856041664301284,1.0,0.8377216537977765
10.88,0.636,0.337,1.445,0.6602356422560655,2.099650201470271,1.7628168081507367,-0.3698526016278286,0.9978859816322443,1.2035405007391677,0.6136986746331438,1.1749937524123928,1.0,0.8382904497817694
10.92,0.636,0.337,1.445,0.6953713155197006,2.0808037968039406,1.7448142121310162,-0.4034434871905288,0.9835828972986635,1.2241373314060564,0.646640614911339,1.1658404849380308,1.0,0.8289087839792757
10.96,0.636,0.337,1.445,0.5847976000091964,1.9436072003110678,1.6074229007501997,-0.43654952634326494,0.9705176762745451,1.2456753720819327,0.6796149688197253,1.1581443640070426,1.0,0.8223018497155872
11.0,0.6600801372604184,0.32866456787139364,1.4440738408745994,0.41543773345471047,1.842771979565979,1.5337441637666664,-0.47283615422196945,0.9608568418936615,1.2973690280100156,0.7126217363583028,1.1519053896194282,1.0,0.8249157958410919
11.04,0.688,0.319,1.443,0.24671141048410455,1.7408576634328408,1.488762853613572,-0.5130439929711954,0.9522830306996205,1.3577754122181949,0.7456609175270713,1.1471235617751878,1.0,0.83012855328394
11.08,0.688,0.319,1.443,0.0675482516127867,1.660677839767418,1.4781947766785388,-0.5521493234528141,0.9468810053568216,1.390037733785801,0.7787325123260309,1.143798880474321,1.0,0.8297744163474111
11.12,0.7246629431606736,0.3084241510113441,1.4422949434007564,-0.09235394282976053,1.5458482629906674,1.4828132130856275,-0.5775098938539772,0.9418927027886995,1.4480802821493304,0.8118365207551818,1.141931345716828,1.0,0.8380533850873888
11.16,0.761034789500058,0.30034177573912035,1.44291455606522,-0.2274753432178713,1.4014774017830378,1.4797472586320775,-0.5910518168691051,0.9384213246543227,1.4950865198598737,0.8449729428145237,1.141520957502709,1.0,0.8453567468319534
11.2,0.786,0.296,1.444,-0.36246738260034506,1.2567626974429442,1.497345080365488,-0.601434338147608,0.9390927569042253,1.5292293276856053,0.8781417785040568,1.1425677158319638,1.0,0.8515673812651816
11.24,0.786,0.296,1.444,-0.47032318172534904,1.0907138514900268,1.4865793092501376,-0.5992167156007353,0.9410290877601203,1.5280339895553179,0.911343027823781,1.1450716207045923,1.0,0.8582735529596355
11.28,0.786,0.296,1.444,-0.5626250469249494,0.9156288153783932,1.4841594880741602,-0.5861825013664375,0.945384548416613,1.518086001772792,0.9445766907736963,1.1490326721205946,1.0,0.8676469942101673
11.32,0.8056207723192637,0.2936641937715162,1.4435328387543032,-0.6396989470464948,0.7335676404152648,1.5107826228668915,-0.5624640830937996,0.9520701972104935,1.5182735711903401,0.9778427673538026,1.1544508700799707,1.0,0.877846295021989
11.36,0.8356924251159141,0.2906055166607223,1.443,-0.6991338941842863,0.5447557568380448,1.5557262532331295,-0.5314330319595088,0.9644615309681204,1.5241764803991487,1.0111412575641001,1.1613262145827208,1.0,0.8882211586070238
11.4,0.867,0.289,1.443,-0.687887365250601,0.5067135714265615,1.570055386857185,-0.4993434236871708,0.9805146062265226,1.531367624732155,1.0444721614045887,1.1696587056288446,1.0,0.8983630245471417
11.44,0.867,0.289,1.443,-0.6676097717392456,0.5161469193912334,1.5513293894291138,-0.4664081018862172,0.9985217224978757,1.5104298199096036,1.0778354788752684,1.179448343218342,1.0,0.9150682220975954
11.48,0.867,0.289,1.443,-0.6473108049278431,0.527381486855205,1.5329588863360002,-0.4337612444092538,1.0169886494856526,1.4906197666531378,1.1112312099761392,1.1906951273512134,1.0,0.9341857345385499
11.52,0.8843199598588583,0.29082315366935346,1.4411768463306465,-0.5721289427594355,0.659255664087324,1.5023268355024881,-0.4017880585199362,1.0359372185707223,1.4863609267779043,1.1446593547072013,1.2033990580274587,1.0,0.9489843948796076
11.56,0.9092938796449838,0.2941366152001427,1.4388737094222064,-0.539588850972945,0.7013909318042154,1.505030646025361,-0.3695880632416204,1.056023582921214,1.4886271445276764,1.1781199130684543,1.2175601352470777,1.0,0.9617579911922068
11.6,0.9309388609569053,0.29986616907682784,1.438237092324797,-0.5212492087021192,0.7182736464064102,1.5112627192997612,-0.3374622659791665,1.0769772158498918,1.4875291586484696,1.2116128850598986,1.2331783590100707,1.0,0.9746022530674517
11.64,0.9464267271800226,0.30454630646172204,1.4377878077948565,-0.47390841119653654,0.784714647370546,1.499304352330871,-0.30697665480958575,1.0989290539219942,1.4839353043328807,1.245138270681534,1.2502537293164373,1.0,0.991761622499864
11.68,0.9582607405496584,0.3086036824741686,1.4374496931271525,-0.3780013814698604,0.9689287764239758,1.490511888058572,-0.2832158714243992,1.1201101650420104,1.4831746186232475,1.2786636563031692,1.267329099622804,1.0,1.0108473939770415
11.72,0.9700947539192947,0.3126610584866153,1.4371115784594488,-0.27309813693560964,1.1381027111417974,1.4922742662829418,-0.26038785777398227,1.1397352712732736,1.482612292926299,1.3121890419248046,1.2844044699291706,1.0,1.030200834579361
11.76,0.981014564596422,0.31807297299147086,1.437,-0.18079751497594004,1.261753438800025,1.4967765797836718,-0.24329675222916242,1.155765014033864,1.4834642416091353,1.3457144275464399,1.3014798402355372,1.0,1.0488541636369426
11.8,0.9914840926064228,0.3241520537714714,1.437,-0.13230461142258607,1.319269918314243,1.501053168823598,-0.23263934669521857,1.1679571890669256,1.486770090161441,1.3792398131680752,1.3185552105419038,1.0,1.0673294416548658
11.84,1.0019536206164232,0.33023113455147163,1.437,-0.10966362730005186,1.3337354694004697,1.497569315900312,-0.22314227664077763,1.1762829678046527,1.4888464198927618,1.4127651987897107,1.3356305808482705,1.0,1.0860912481808962
11.88,1.015852245945245,0.33844352102998926,1.4363217346284223,-0.09132294514805563,1.3470351239765728,1.4976962059466017,-0.21602892128191442,1.180499219347954,1.4921759310613156,1.4462905844113458,1.352705951154637,1.0,1.1018191504887787
11.92,1.031158135482565,0.34753139294277297,1.4353651165323398,-0.07341150808028594,1.3604470427220288,1.4986901651269668,-0.21095698842448213,1.1854091533593596,1.4982954055990874,1.4798159700329814,1.3697813214610037,1.0,1.1163730419796944
11.96,1.037,0.351,1.435,0.016284625259067837,1.4228153342707075,1.4800837770242434,-0.20816198243612036,1.191240504678158,1.5021426257869306,1.5133413556546167,1.3868566917673704,1.0,1.140131647217162
12.0,1.0404117557196668,0.3536535877819632,1.435,0.057525077382312696,1.4566484000299336,1.4773840997854868,-0.2083980832252703,1.1979999973914779,1.5074637220398235,1.546866741276252,1.403932062073737,1.0,1.1660109458987842
12.04,1.0586224208533164,0.36781743844146836,1.435,0.08397515647510304,1.483642459583943,1.4815541730789121,-0.21132087538682034,1.205054210297716,1.5210921694011623,1.5803921268978873,1.4210074323801036,1.0,1.1753521980573742
12.08,1.064,0.372,1.435,0.10359956630351186,1.506924154793704,1.4867487448047858,-0.21625282222939274,1.21221270435284,1.5313408103300317,1.6139175125195229,1.4380828026864703,1.0,1.1995590076188414
12.12,1.0681331351687557,0.3744798811012534,1.4354133135168756,0.11958917178734102,1.5277595231998755,1.493247997938202,-0.22263827356546723,1.2194000658135578,1.5427186872984995,1.6474428981411582,1.455158172992837,1.0,1.226158787449999
12.16,1.094,0.39,1.438,0.13354244270096055,1.5469551733600988,1.5036701741198213,-0.23005448593321787,1.226586798051583,1.5662048883827677,1.6809682837627933,1.4722335432992035,1.0,1.2311625434463913
12.2,1.0973028877452,0.3918716363889467,1.4381100962581732,0.14632425593511475,1.5650651974861565,1.5102130611140052,-0.2381839513655857,1.233760731648094,1.578702741542683,1.7144936693844286,1.4893089136055702,1.0,1.2590842062249363
12.24,1.1179104270816702,0.4035492420129464,1.4387970142360558,0.15833843831505823,1.5819296809323693,1.5196574812942034,-0.2467900214814937,1.2409086482461475,1.6011177625383213,1.748019055006064,1.5063842839119368,1.0,1.27015038976694
12.28,1.1314220718654788,0.4122229394608925,1.4392748915505733,0.16981879063245994,1.5984164469205793,1.5270022618246584,-0.2558182547950182,1.248010858566017,1.6195607952884006,1.7815444406276992,1.5234596542183034,1.0,1.2874416998799767
12.32,1.141957337860781,0.41963664516129034,1.4396650865874363,0.18129914294986216,1.6149032129087901,1.5334687265883167,-0.2652653529325766,1.2550691133384073,1.6365277603414516,1.8150698262493348,1.54053502452467,1.0,1.3074760414187643
12.36,1.1546120795527215,0.4291605696086312,1.4403010066293933,0.1927862471480435,1.6313959662106856,1.5396359572067193,-0.275117798240312,1.2620910037838047,1.6546602768028624,1.84859521187097,1.5576103948310367,1.0,1.3247685065651
12.4,1.175,0.447,1.442,0.20462867607777005,1.6483530007401923,1.5443022821578831,-0.2849007410516574,1.2692220275033437,1.6755176024843452,1.8821205974926052,1.5746857651374033,1.0,1.3310502335719074
12.44,1.175,0.447,1.442,0.2159431919767211,1.6648346350391663,1.5501326263635573,-0.2943929102668005,1.2765783456741286,1.6873991099777674,1.9156459831142407,1.59176113544377,1.0,1.363464165105108
12.48,1.1775009250041482,0.44940088800398226,1.4422000740003318,0.2271120966593386,1.6811647345503409,1.5557895419051067,-0.3034726858612904,1.2841576130619363,1.7000298897693817,1.949171368735876,1.6088365057501366,1.0,1.392754905009323
12.52,1.1948989007798239,0.46610294474863095,1.443591912062386,0.2382054827496114,1.697424800052266,1.5592997811359808,-0.31200343644078277,1.2920205542983167,1.7183988337068885,1.9826967543575114,1.6259118760565032,1.0,1.4020635560641037
12.56,1.2,0.471,1.444,0.24925158860967933,1.7136468847872426,1.5646385595506258,-0.31980140324365625,1.3003085001760797,1.7313430895595723,2.0162221399791465,1.6429872463628699,1.0,1.428206108175343
12.6,1.2076599992235584,0.47927279916144294,1.4443063999689423,0.26026717948207134,1.7298464849523487,1.5689129034112685,-0.32659272615126844,1.3093069659846444,1.7443876127208569,2.049747525600782,1.6600626166692365,1.0,1.4503020358567382
12.64,1.220185506822234,0.4928003473680126,1.4448074202728893,0.278610018614058,1.7485469161108398,1.5695425591247436,-0.3319369035155204,1.319593278416967,1.758599024082864,2.0821250739867554,1.6784015936703645,1.0,1.4658069902539872
12.68,1.2334091748658178,0.508026323878475,1.446293719210126,0.27973723737327044,1.7725045124957612,1.5837914174062322,-0.34023796967867964,1.330896986162743,1.775804454995313,2.1133547851370666,1.6980041773662535,1.0,1.479983638026793
12.72,1.2470687503679443,0.5243127408233182,1.4483951923642993,0.27792120271696547,1.7980875457499867,1.6005465387747644,-0.3504127129099018,1.343013844805835,1.7950539053684489,2.1434366590517158,1.718870367756904,1.0,1.4934668900860566
12.76,1.251,0.529,1.449,0.28280410166876446,1.817368217408245,1.611612844691034,-0.36228707689530526,1.3559391419550204,1.8128771433758835,2.1723706957307027,1.7410001648423157,1.0,1.5224547147712075
12.8,1.251,0.529,1.449,0.28893741123740013,1.8354969471964537,1.6224976726424751,-0.3757970525501003,1.3698088787375697,1.831236800839701,2.2001568951740267,1.7643935686224888,1.0,1.5579140159361191
12.84,1.2630837633162129,0.5447088923110768,1.4502083763316214,0.20898322681234854,1.898392545770549,1.715688600737651,-0.391004119107991,1.3850905170477223,1.8553296197650677,2.2267952573816894,1.7890505790974232,1.0,1.5738888389172225
12.88,1.284140351943359,0.5725535103178706,1.4523140351943358,0.048730333823433336,1.97364956994097,1.867968972216201,-0.4110066640600422,1.4027916292483844,1.88754304321531,2.2522857823536904,1.8149711962671187,1.0,1.575089610398053
12.92,1.303937937016004,0.601260008673206,1.4542937937016003,-0.13582764854958987,2.0120998437506303,2.0157861944215045,-0.42694322174701027,1.4214534607779896,1.9153764341863344,2.276628470090029,1.8421554201315755,1.0,1.576689029361931
12.96,1.321,0.626,1.456,-0.18538990746783965,2.0396185263097966,2.065799576737116,-0.44332479048429285,1.4452340160074275,1.9452471152275492,2.2998233205907055,1.8706032506907935,1.0,1.5833926691008473
13.0,1.3243243672473168,0.6304560667357652,1.455787806345916,-0.23920178637735312,2.0676778082852234,2.123727941015707,-0.45870367752000973,1.4723997080781728,1.9718159406049307,2.32187033385572,1.9003146879447728,1.0,1.6148185264467134
13.04,1.3572797131298264,0.6746302537697673,1.453684273630011,-0.2647193223375743,2.103685446467516,2.161730698961732,-0.47186742831762907,1.5040450751528605,2.0084093733587647,2.3427695098850725,1.9312897318935134,1.0,1.5969919171576736
13.08,1.3909712379946049,0.7210805220269482,1.452603944172507,-0.28233602510006883,2.1426256113679987,2.1956201032407776,-0.4829741227767912,1.5384095264967819,2.0444309518064645,2.3625208486787628,1.9635283825370151,1.0,1.577208081423178
13.12,1.4250177000724253,0.768628167342525,1.4520169362056479,-0.2999527278625626,2.1815657762684797,2.2297792859311456,-0.4919259987010538,1.5755184648143126,2.0798425652970605,2.38112435023679,1.9970306398752782,1.0,1.5566350121377535
13.16,1.426,0.77,1.452,-0.27441946669444284,2.392478330709949,2.350289832411474,-0.4987134859837428,1.6153814134135858,2.102187369687308,2.398580014559156,2.0317965039083026,1.0,1.593123442171103
13.2,1.450853219602751,0.800830576216071,1.4504270114175475,-0.22185816561945332,2.5988014890417785,2.4557407806239024,-0.49682743808986984,1.6800070146587218,2.13691627216947,2.41488784164586,2.0678259746360883,1.0,1.592055304351987
13.24,1.4910573056529601,0.8507039994175961,1.4478824490093063,-0.1773599210301608,2.810691283693855,2.57393981996814,-0.4890997288777128,1.7400271615138945,2.1706951808216344,2.4300478314969016,2.1051190520586354,1.0,1.5669270346500195
13.28,1.505,0.868,1.447,-0.11755548008284619,2.713552684983883,2.4573870267009417,-0.4863111905958245,1.7774998188081086,2.189180252561251,2.4440599841122808,2.1436757361759438,1.0,1.5840398472352246
13.32,1.5138198149487552,0.8776057390530998,1.4464760505971037,-0.10307174969452837,2.666529777590052,2.4113455885604544,-0.4728225935197685,1.8047087783462583,2.1923202559371266,2.4569242994919986,2.183496026988013,1.0,1.6108368982886838
13.36,1.6046041566345735,0.9764797745525057,1.4410829213880452,-0.09789194972197919,2.7140977531271853,2.4326547703332624,-0.4597677706902302,1.8340379049607567,2.2354054221451687,2.4686407776360544,2.224579924494843,1.0,1.5179964646591713
13.4,1.682072301101734,1.0572686162740759,1.4365251587587216,-0.09865203294821857,2.7327199936944044,2.445018705854277,-0.4423141426262204,1.8622573254474253,2.2717888511460917,2.479209418544448,2.266927428696435,1.0,1.448689761983549
13.44,1.7502804550895166,1.1272804550895166,1.4330566994369582,-0.11216516826675008,2.7563409269446866,2.4743770369367524,-0.42795082833999076,1.8931472800995652,2.3089485740834355,2.4886302222171794,2.3105385395927884,1.0,1.3947258057266403
13.48,1.807170363206175,1.184170363206175,1.4309339416714113,-0.16154092533436132,2.7678302149618075,2.526618820417835,-0.4125387951802434,1.924089756678878,2.339784061972719,2.4969031886542483,2.3554132571839035,1.0,1.3592429095617555
13.52,1.859,1.236,1.429,-0.21308471365052073,2.811386938581882,2.6029558326638114,-0.3971034924331106,1.9587293227088205,2.3690379149502925,2.5040283178556546,2.4015515814697785,1.0,1.3321306316958548
13.56,1.859,1.236,1.429,-0.24276489994564568,2.8677645340893747,2.660840316395451,-0.37899036587726875,1.995728114191505,2.363427105973961,2.5100056098214,2.448953512450416,1.0,1.3766134269956596
13.6,1.9002918911336486,1.2761448941577138,1.4275662537800817,-0.28445179095960094,2.934181630075879,2.7426612576292637,-0.35440240913481735,2.0349491413042964,2.3789557106324613,2.514835064551482,2.4976190501258135,1.0,1.3673559981557264
13.64,1.9791041578124962,1.3527679312065932,1.4248297167426216,-0.2633762147989841,3.006034626943275,2.7860382245726294,-0.3326702293323587,2.081250831050168,2.423837484738503,2.5185166820459033,2.547548194495973,1.0,1.310902646593444
13.68,2.0447909304531433,1.4155620808289755,1.423164181390937,-0.23115201867518276,3.0809263300117884,2.82016921303371,-0.3137163868840088,2.1325659162836623,2.4650864621732076,2.521050462304662,2.5987409455608943,1.0,1.275435363955281
13.72,2.104766392915192,1.4723388519597151,1.421964672141696,-0.29549970361984,3.133654398892907,2.919117448931689,-0.2962411274131255,2.1820511189020344,2.5037029804914046,2.5224364053277584,2.6511973033205765,1.0,1.2506620197374034
13.76,2.165259015157278,1.530024766460005,1.4205315026054544,-0.3702514716609683,2.972267487229859,2.9169980278325407,-0.264938752178749,2.234005380607308,2.530108672262957,2.5226745111151936,2.7049172677750195,1.0,1.2280546512257076
13.8,2.227876044558976,1.5914452921151736,1.4181384951123959,-0.35739567664069954,2.792511391645896,2.8506472331519164,-0.26295007194178666,2.240225215158597,2.5739328140389564,2.5217647796669658,2.7599008389242248,1.0,1.2048481039086267
13.84,2.2904930739606706,1.6528658177703395,1.4157454876193374,-0.33443225405529714,2.6130634061188336,2.7950335215038122,-0.2654582982175442,2.2372348448999717,2.621902854189707,2.519707210983076,2.8161480167681905,1.0,1.185649440229363
13.88,2.31,1.672,1.415,-0.2868538550772758,2.4373360018648205,2.7072844587113742,-0.27181310224893984,2.2465777183407845,2.6449760772751794,2.517649642299186,2.8723951946121566,1.0,1.218222884859309
13.92,2.31,1.672,1.415,-0.3003090955154427,2.3448555316579207,2.6956350162092257,-0.2849264931098994,2.2710773685770933,2.6631817809126166,2.515592073615296,2.9286423724561224,1.0,1.2733491873738285
13.96,2.4025478458724883,1.769242301822542,1.4123174537428265,-0.296483657646041,2.333061755829821,2.757292772576492,-0.2919410801318324,2.3087353759687783,2.7479671303368374,2.513534504931406,2.984889550300088,1.0,1.2207031871917469
14.0,2.5345065381142344,1.9206757746865248,1.4103396447472196,-0.2818639897705209,2.3548254556204453,2.849636625219588,-0.2939852706724412,2.3575050860462086,2.8620247657272806,2.511476936247516,3.041136728144054,1.0,1.1206976000621642
14.04,2.579,1.974,1.41,-0.26658675719967084,2.392867909310043,2.8762500444502224,-0.2911935893373708,2.417515213566849,2.9042584225475854,2.5094193675636265,3.09738390598802,1.0,1.1255367007091088
14.08,2.579,1.974,1.41,-0.2545242700369194,2.4488332073170422,2.8730343478035985,-0.28260750577152566,2.492296249023199,2.908165834136604,2.507361798879737,3.1536310838319856,1.0,1.181804351744557
14.12,2.579,1.974,1.41,-0.13497955673210146,2.3881847859463146,2.7454023514357906,-0.2698745256846893,2.5677702452307574,2.9100943570985045,2.5053042301958475,3.2098782616759514,1.0,1.23807356169583
14.16,2.668649208716398,2.0952901059104208,1.4069865812196167,-0.11681020013119334,2.4179021153555857,2.8040796399132146,-0.26035152294773767,2.6450315182612436,2.980144443905785,2.5032466615119575,3.266125439519917,1.0,1.1824607312930853
14.2,2.744215384979469,2.2096915312799497,1.4036658896475016,-0.10998759605866852,2.4651991429659765,2.8656166520657447,-0.2535040174248289,2.7254080068055746,3.041756909859786,2.501189092828068,3.322372617363883,1.0,1.138912190647628
14.24,2.797,2.295,1.401,-0.0940150700884479,2.539957309784371,2.901374194945442,-0.25058007229190715,2.809489804042631,3.0907028416679876,2.499131524144178,3.378619795207849,1.0,1.1238138144172152
14.28,2.797,2.295,1.401,-0.09018758169973143,2.610479801618813,2.9043725031666634,-0.24682487063923134,2.893142712285102,3.102038772707671,2.497073955460288,3.4348669730518147,1.0,1.1786654947216975
14.32,2.804186969023605,2.308924752483234,1.401,-0.08932854359372511,2.677633988371322,2.916912498239587,-0.244744588143553,2.9780734217626046,3.1214970097515877,2.4950163867763986,3.4911141508957813,1.0,1.2219485351871808
14.36,2.858315096203868,2.413797998894995,1.401,-0.08627078451620736,2.6444970268200696,2.953609325964014,-0.24736192079817831,3.065950129845604,3.173410174534353,2.492958818092508,3.547361328739747,1.0,1.1909874192131953
14.4,2.877,2.45,1.401,-0.1337926020804416,2.716088373756374,3.022527934592272,-0.24874321421303758,3.1567731399875565,3.2046526976580036,2.4909012494086187,3.6036085065837127,1.0,1.2165051712469328
14.44,2.9028078291074397,2.519915755218337,1.4024076997694968,-0.12761636324907585,2.761922886656942,3.040072077646644,-0.252865507673561,3.2532909827469134,3.239770583362829,2.4888436807247296,3.6598556844276784,1.0,1.2127775386904314
14.48,2.936316703587902,2.613389011959673,1.404,-0.12293296237441234,2.8117645338894417,3.0656747000279463,-0.257419597027547,3.3509019627621504,3.277785366748444,2.48678611204084,3.716102862271644,1.0,1.1908213923198154
14.52,2.9569263886703383,2.68208796223446,1.404,-0.27503388262940154,2.961938538353572,3.2440535661752086,-0.2630000493343731,3.4474626868752583,3.3096411792338882,2.48472854335695,3.77235004011561,1.0,1.1881254999301751
14.56,2.974,2.739,1.404,-0.43779254205238577,3.0992863064818756,3.430762972378394,-0.27278215734494415,3.5498646315911224,3.346505016882374,2.48267097467306,3.8285972179595755,1.0,1.1952515670410007
14.6,2.977895166257847,2.757321707953574,1.4031344074982564,-0.5976985610337568,3.2408327754213646,3.608137116991385,-0.28102078415501525,3.6566076290023513,3.380717133930598,2.4806134059891702,3.8848443958035417,1.0,1.2323134993630187
14.64,2.9956449382851504,2.8408113763782996,1.3991900137144109,-0.7085262311917373,3.3630514861539895,3.7408045638662144,-0.2880001312660748,3.7619575342685474,3.410401030228562,2.4785558373052803,3.941091573647508,1.0,1.215729267088252
14.68,3.005787567523389,2.899794594282747,1.3971551351429312,-0.7727404168341165,3.4602038666017094,3.819860243657333,-0.2961937921438237,3.8662201710298207,3.4405027677623874,2.4764982686213908,3.997338751491473,1.0,1.2185033192220618
14.72,3.01264357544639,2.9481899443274595,1.3959452513918136,-0.8692026417633348,3.5829043133171963,3.93339451164862,-0.3115398482684386,3.973602057787744,3.478744807675827,2.474440699937501,4.05358592933544,1.0,1.229456228939363
14.76,3.018,2.986,1.395,-0.911009568340335,3.6678257838495085,3.987731508969968,-0.31873893988419066,4.071821029318516,3.508964813253304,2.4723831312536113,4.109833107179405,1.0,1.2492792403034356
14.8,3.018,2.986,1.395,-0.9317934733557334,3.7337415046784734,4.019948487229951,-0.32242983665686387,4.1644044137157135,3.5421897825909996,2.470325562569722,4.166080285023371,1.0,1.3009753143374443
14.84,3.024790676188198,3.0586602352137215,1.3963581352376397,-0.9404165549009995,3.786074677970843,4.031376955459972,-0.3265947459956733,4.254974218477647,3.558504095062891,2.46623970111756,4.221200809383139,1.0,1.2897595816052383
14.88,3.0300145161666863,3.118900922143108,1.3978633640714369,-1.0685597797662296,3.959450588983154,4.1838779859965936,-0.3317841959626039,4.339934422097273,3.576676304739425,2.460125546897126,4.275194680258711,1.0,1.2891038330375972
14.92,3.0328121642848807,3.1548706836627494,1.3990623561220916,-1.1351267808785086,4.075438878085311,4.268390897187384,-0.33045329244975385,4.41659625230052,3.5921450336837366,2.451983099908419,4.328061897650084,1.0,1.3090989369033617
14.96,3.035,3.183,1.4,-1.170080134072458,4.161317031940307,4.317383831553008,-0.32308076354215,4.482134788589704,3.6006190597445666,2.44181236015144,4.379802461557261,1.0,1.3357423808723836
15.0,3.035,3.183,1.4,-1.1896317830595375,4.227898747292967,4.35193371899564,-0.31075620021720407,4.5373721304612005,3.6094886644872397,2.429613327626188,4.43041637198024,1.0,1.3865571132024028
15.04,3.0370545114448193,3.2158721831171064,1.4012327068668915,-1.2008258253622823,4.280841560324504,4.369644095745761,-0.294436136639754,4.583739469154371,3.601373467232456,2.415386002332664,4.479903628919021,1.0,1.408633107376725
15.08,3.0401754837135853,3.265456771990191,1.402894709771849,-1.2069832080032856,4.323502576877205,4.376964459287415,-0.27487526132818074,4.622620410782098,3.582101978540094,2.399130384270868,4.528264232373606,1.0,1.4161996686624148
15.12,3.042868040879736,3.3031525723163035,1.4012791754721583,-1.2097778193744098,4.358139459284079,4.381551568156043,-0.2526480188977618,4.6551605832311616,3.5620712741085563,2.380846473440799,4.575498182343992,1.0,1.4342719083601398
15.16,3.045,3.333,1.4,-1.2100951932126354,4.386432910717347,4.383555178241023,-0.2281787413609082,4.682219566175406,3.540352032022738,2.3605342698424576,4.62160547883018,1.0,1.459108431827893
15.2,3.045,3.333,1.4,-1.2084277465632076,4.4097082249151995,4.387590249423231,-0.20177406569468248,4.7043766731163545,3.5245163942355635,2.3381937734758442,4.6665861218321725,1.0,1.5093134154961618
15.24,3.0488946059825004,3.3784370697958357,1.403245504985417,-1.21688324120714,4.453573921518378,4.39917945661526,-0.17367337306398256,4.721980932743277,3.4914258536075864,2.3138249843409584,4.710440111349968,1.0,1.521367625319304
15.28,3.051,3.403,1.405,-1.2127380849291416,4.471339771542449,4.3955445992885345,-0.14499335138700675,4.7389657078763365,3.463982949543989,2.2874279024377997,4.753167447383565,1.0,1.5511268433464076
15.32,3.051284906456233,3.408603160305911,1.4058547193686983,-1.2116731079992267,4.502780731321433,4.401140260196608,-0.11489278679846215,4.752486065879642,3.439578818570221,2.2590025277663695,4.794768129932965,1.0,1.5966103753275689
15.36,3.0533622115372707,3.449456826899662,1.4120866346118128,-1.2137186869084968,4.535256655394357,4.403060374494069,-0.0841512215861473,4.7638758461916035,3.4017183747785893,2.2285488603266663,4.835242158998168,1.0,1.6126741924501158
15.4,3.0526070393903932,3.4912521728017385,1.4186432020320219,-1.1996317418435036,4.50694944502917,4.371861800359177,-0.0535583725658082,4.773507490981598,3.360422929845821,2.1960669001186908,4.874589534579171,1.0,1.627047407629211
15.44,3.0497625809043636,3.531377467646742,1.4245711165056782,-1.1933052303275022,4.520668827896761,4.356870648318275,-0.020477604636566005,4.775012033737986,3.3125521476479967,2.1615566471424428,4.91281025667598,1.0,1.6423356329858356
15.48,3.0435917294492447,3.5631810866846614,1.4274192017926561,-1.1870314549605778,4.537232132758717,4.341307172825238,0.013080302774381325,4.774316129678151,3.2635636349815145,2.125018101397923,4.949904325288591,1.0,1.6633637156784258
15.52,3.038,3.592,1.43,-1.1954399443676,4.576117637716493,4.346320430827879,0.046288919890941305,4.772839248050399,3.2163203379923995,2.08645126288513,4.985871740417004,1.0,1.6876976707449798
15.56,3.038,3.592,1.43,-1.1829125259779858,4.581654974447282,4.335379974166753,0.0802007928900117,4.771979468040843,3.1844823275657266,2.045856131604065,5.020712502061219,1.0,1.7394162437845857
15.6,3.0315793024835367,3.6079481841537957,1.4302071192747245,-1.1756758732485701,4.5990281969771445,4.322410867275638,0.1142132282304602,4.7700066735009985,3.140287366447012,2.003232707554728,5.0544266102212365,1.0,1.7747666202574965
15.64,2.998944069588619,3.680681099096502,1.431,-1.170989036254815,4.630418107369067,4.276720997691057,0.1481242395443394,4.768665240830546,3.051373984951445,1.9585809907371186,5.087014064897057,1.0,1.7493220819891229
15.68,2.958629728950404,3.739136893021914,1.431,-1.166676113311757,4.642219317891905,4.22299729556051,0.17970418473063732,4.7690830689144,2.9636491535862817,1.9119009811512364,5.118474866088681,1.0,1.7315352481001218
15.72,2.947,3.756,1.431,-1.0890152495738736,4.4760042483545455,4.09973477342638,0.210879963576019,4.770375643835371,2.9181005466788137,1.863192678797082,5.148809013796107,1.0,1.7648102613042373
15.76,2.947,3.756,1.431,-1.0270698080961136,4.433545334536474,4.031413960383283,0.2559144135281226,4.743192948644566,2.8664423161072405,1.8124560836746553,5.178016508019335,1.0,1.819153882207428
15.8,2.947,3.756,1.431,-0.9638741305480447,4.40514227492295,3.9643816867302357,0.29836647316666176,4.720780918008254,2.8188759779774735,1.7596911957839563,5.206097348758367,1.0,1.8741623508770464
15.84,2.886581393501935,3.8269567355384253,1.428892374191928,-0.8991838371470047,4.384674429975197,3.8266261129457484,0.3376652505101516,4.703575093774051,2.6954467625979617,1.7048980151249846,5.233051536013201,1.0,1.8367030774337374
15.88,2.8240488039654523,3.894923595930194,1.4286482665970972,-0.8345220463495094,4.371069610381619,3.689424845941752,0.37398882930135324,4.689873464999719,2.5757987448138686,1.6480765416977408,5.258879069783837,1.0,1.8009123510816274
15.92,2.7715256984992243,3.9488288883823754,1.4295697245877328,-0.7975286428967814,4.390827380867552,3.596319168149129,0.40670904141048503,4.677600400466716,2.4745637471017097,1.5892267755022245,5.283579950070276,1.0,1.7830847259726175
15.96,2.747,3.974,1.43,-0.7136507550511599,4.342269982526288,3.4801905735844514,0.4273132868529599,4.676929656964458,2.4238515940112935,1.528348716538436,5.307154176872518,1.0,1.8062145525920108
16.0,2.747,3.974,1.43,-0.6982821639935483,4.3407564960701475,3.4647481173877157,0.4369166598908659,4.688681207114069,2.4181096472351693,1.4654423648063748,5.3296017501905615,1.0,1.8654881606278797
16.04,2.694530439141988,4.0235775378185945,1.4295868538515117,-0.5689218849630754,4.319636125141056,3.2768539422491982,0.4462251551699957,4.6923647380904105,2.345666849572589,1.4005077203060414,5.350922670024409,1.0,1.8537367388208192
16.08,2.604969909272798,4.106377721775343,1.4291105153729942,-0.41575512085186006,4.334115034712596,3.0292976069256543,0.4498253642244705,4.70533737344825,2.236828262156863,1.3355730758057076,5.372243589858256,1.0,1.7927031870316912
16.12,2.5118050170266604,4.183101750683927,1.4297955513453922,-0.46025617411798425,4.377590236310421,2.978417951690026,0.43976012279412224,4.727536428753644,2.1423769888607387,1.2706384313053742,5.393564509692102,1.0,1.7336996811607015
16.16,2.484,4.206,1.43,-0.48077669309951515,4.419701249301264,2.9724685135252513,0.42547301743590155,4.74958145555785,2.1290876301295922,1.2057037868050406,5.41488542952595,1.0,1.7593877316807438
16.2,2.4675605231827924,4.219503855956992,1.4301174248344086,-0.2879259124220301,4.401055627322472,2.7614609435022093,0.3842195183192764,4.792827904055706,2.1607892554976345,1.1407691423047073,5.436206349359797,1.0,1.80020563431653
16.24,2.3714659738899586,4.298438664304677,1.4308038144722146,-0.2578851593207124,4.443206645014564,2.633333467291042,0.35605060282590933,4.821661538296612,2.0822250824033457,1.075834497804374,5.457527269193643,1.0,1.7384324306130396
16.28,2.2900155063166476,4.365331637196925,1.432072539609603,-0.25433884097336223,4.471563424870807,2.5465710744618852,0.3301034179288438,4.839693149198633,2.01650049300197,1.0108998533040403,5.478848189027491,1.0,1.6958938542793596
16.32,2.214425774796655,4.427405324008045,1.4335743223550332,-0.16416654652989482,4.541024797974302,2.381304435795221,0.3012913786531254,4.854788114330167,1.9602906078362443,0.9459652088037067,5.5001691088613365,1.0,1.6612688962271915
16.36,2.193,4.445,1.434,-0.17356662899781974,4.599528610171242,2.371606354530102,0.2572908915909884,4.88233191669581,1.9844971548829293,0.8810305643033733,5.521490028695185,1.0,1.6970841411321609
16.4,2.17013376666067,4.462702890327224,1.4344425722581806,-0.21314698785093922,4.65331917816368,2.3908914078255363,0.21635799803627576,4.900491270173574,2.0022233690555944,0.81609591980304,5.542810948529032,1.0,1.732065792086238
16.44,2.068370906543735,4.5414870400951735,1.4364121760023794,-0.274282720419231,4.690240352530584,2.347371628840062,0.18613922587563653,4.908401360580507,1.9176606108193048,0.7511612753027066,5.564131868362879,1.0,1.6675861769086513
16.48,1.965763553938903,4.610808477989964,1.4387618645380755,-0.2830916103283953,4.724293007302469,2.251716742453406,0.12606331558829703,4.938420538957603,1.8686429914455944,0.6862266308023732,5.585452788196726,1.0,1.6084608385310823
16.52,1.8677224570384823,4.672495877218091,1.4412631305432972,-0.3545638360359452,4.792038912790262,2.2254992486496796,0.06135765412509592,4.970861165890105,1.8308401477705945,0.6212919863020399,5.606773708030572,1.0,1.5577111360993556
16.56,1.810025934280462,4.704626276119264,1.4436815476648908,-0.2669184137376227,4.876064251711829,2.084007870484069,-0.007110809106327165,4.999963534846845,1.8409807279162562,0.5563573418017063,5.628094627864419,1.0,1.557073773603094
16.6,1.7523294115224368,4.736756675020439,1.4460999647864847,-0.2715757860634668,4.895931642447575,2.030154900265166,-0.04959693207742119,5.006844467666523,1.8220554227288444,0.491422697301373,5.649415547698267,1.0,1.5565448788407363
16.64,1.707,4.762,1.448,-0.2541509106718213,4.930004267144282,1.9683338965245714,-0.09364937020539366,5.0221442841007,1.8193441683670926,0.4264880528010397,5.670736467532114,1.0,1.5701951516744723
16.68,1.707,4.762,1.448,-0.255509009588677,4.973139335269545,1.9738341955733758,-0.14234424735237436,5.022266504507935,1.8675686864434464,0.36155340830070615,5.692057387365961,1.0,1.6356140360455593
16.72,1.663993433803705,4.781985404291219,1.4517946970173201,-0.30017441777359444,4.998942231808782,1.976113765494353,-0.1966291788990931,5.022916471225147,1.8761567860695725,0.29661876380037255,5.7133783071998065,1.0,1.6544504307337855
16.76,1.5696287058512097,4.825837248457379,1.4601209965425404,-0.36216292054324506,5.013297105266233,1.9408658082728256,-0.25437401627549117,5.023596470016873,1.8346919741573602,0.2316841193000392,5.734699227033654,1.0,1.6174442224643062
16.8,1.4791745020384017,4.8635250486245765,1.4680429213338604,-0.38114918690106003,4.964415538967718,1.863057465209006,-0.3148002071942775,5.024237161335249,1.8011589714787541,0.16674947479970578,5.7560201468675,1.0,1.5871379752592831
16.84,1.3907870873955914,4.897955029909857,1.4757511260992218,-0.4136066680064452,4.939653664814048,1.8048755083624848,-0.3826493568739549,5.031743215201508,1.77847578009571,0.10181483029937229,5.777341066701347,1.0,1.560374724631095
16.88,1.3021052543817437,4.927188227476757,1.4833300631879878,-0.5010871684785764,4.969672362857207,1.8036928274015773,-0.47186976233654704,5.059066235633448,1.7788701945268621,0.03688018579903869,5.798661986535195,1.0,1.5363140912253443
16.92,1.2133021409752982,4.954280702753299,1.4908557507648053,-0.5716360054320577,4.980406850159406,1.7851293404340238,-0.5596250488079704,5.080248443956073,1.777396605177507,-0.028054458701294586,5.819982906369042,1.0,1.513408904726606
16.96,1.188,4.962,1.493,-0.6412287483144434,4.98468616625945,1.8293694202646924,-0.6570988374139123,5.106446018172417,1.8507442751477137,-0.092989103201628,5.841303826202889,1.0,1.5537401009487886
17.0,1.188,4.962,1.493,-0.7437049030369663,5.084396801430808,1.935578675594859,-0.7663065131801299,5.128710870314262,1.9614042066181097,-0.15792374770196152,5.862624746036735,1.0,1.6194553614724387
17.04,1.0652299576587836,4.99064634321295,1.4998205579078454,-0.8117002719699343,5.16243904903726,1.8847758011680196,-0.8596908440929505,5.144608847401236,1.9310682395276628,-0.22216786473715167,5.881267172635474,1.0,1.565438793089995
17.08,1.008,5.004,1.503,-0.8782562305623791,5.208480562666227,1.8973072676410883,-0.9447611437950767,5.155029767764209,1.9585928815010962,-0.2857214543071983,5.897231105999109,1.0,1.5721249982298238
17.12,0.9716047055404835,5.010527416941109,1.5049780051336692,-0.9513545631039019,5.22628022655438,1.9350249672087878,-1.0271616420134757,5.160104146197645,2.0043552853846243,-0.34858451641210153,5.910516546127636,1.0,1.5977734552851024
17.16,0.824,5.037,1.513,-1.035037415745459,5.250605684979925,1.8712689549600552,-1.1128472185477463,5.159132367784802,1.940694067403944,-0.4107570510518615,5.921123493021056,1.0,1.5186504950231445
17.2,0.824,5.037,1.513,-1.1168161355270965,5.260829424297059,1.9536803431225607,-1.1880711175327359,5.160806999502609,2.015876572396056,-0.47223905822647816,5.929051946679369,1.0,1.5735286370594972
17.24,0.738553953490203,5.047161151476841,1.5171568346950712,-1.200023467800205,5.258180304415811,1.950028589852992,-1.255948615200374,5.162996747066888,1.9978634542227882,-0.5330305379359511,5.934301907102576,1.0,1.5504663295691756
17.28,0.639,5.059,1.522,-1.2836471015928768,5.246815046854437,1.9317987392811975,-1.3174763283553463,5.167123958171921,1.959461766339313,-0.5931314901802808,5.936873374290675,1.0,1.5128812479445881
17.32,0.639,5.059,1.522,-1.3591877489541155,5.212844691788003,2.00410141192048,-1.3713300098223569,5.177942778788093,2.013845608039055,-0.6525419149594672,5.936766348243668,1.0,1.5615871029840738
17.36,0.5132188145100998,5.070621087789828,1.5281523405946147,-1.4273379420114938,5.259461025328327,1.9497233258314246,-1.4346180569379727,5.194459243678792,1.9517695475200432,-0.7112618122735102,5.9339808289615545,1.0,1.4982465912006917
17.4,0.3508346167950183,5.080629572586888,1.533314786293444,-1.501816859839826,5.2838603227766585,1.8637650688056062,-1.4905519767021382,5.197676440355138,1.8451028578280997,-0.7692911821224097,5.928516816444334,1.0,1.4048468185879133
17.44,0.23,5.086,1.536,-1.5766658205787363,5.302867085588882,1.8196353261187401,-1.544489923442871,5.195103314650871,1.777840831364859,-0.8266300245061657,5.920374310692007,1.0,1.3463459804339528
17.48,0.23,5.086,1.536,-1.6149856695628073,5.293709954727675,1.8566409308708816,-1.597091458599602,5.1885077133151025,1.829964761785514,-0.8832783394247784,5.909553311704573,1.0,1.3847847190996734
17.52,0.09988579387326268,5.086,1.535300461257383,-1.6779182313259144,5.2950546861543994,1.7900533550197633,-1.6483526132272304,5.176576610213527,1.7505832314914485,-0.9392361268782479,5.896053819482033,1.0,1.317558938584433
17.56,0.0017740983862627457,5.08231586093303,1.535,-1.7492008518648334,5.283082158654954,1.7624472709014014,-1.690339783306566,5.165932356903822,1.6941785936010425,-0.9945033868665738,5.879875834024385,1.0,1.2761938482453197
17.6,-0.0573846269988354,5.077154361402787,1.535,-1.8205669832455702,5.271720417991075,1.7738849939486225,-1.7318262400063074,5.153401574891496,1.6761767069542093,-1.0490801193897563,5.8610193553316305,1.0,1.264082385897192
17.64,-0.105,5.073,1.535,-1.8316198366996224,5.233947359019802,1.7341049889957874,-1.7732088819177194,5.139853844157943,1.6695479358760148,-1.1029663244477954,5.839484383403771,1.0,1.2583461744423512
17.68,-0.105,5.073,1.535,-1.8421399670135519,5.2214333105330155,1.7434700205829852,-1.82091789332277,5.12224233919246,1.7166243108480082,-1.1561620020406915,5.8152709182408024,1.0,1.2868207608677433
17.72,-0.1421129923361227,5.067321509369337,1.5347971967631906,-1.8862602789347551,5.212389590930008,1.7501698505108199,-1.8691988875263674,5.104472139007463,1.7274854148870833,-1.208667152168444,5.788378959842728,1.0,1.2874244143788853
17.76,-0.2516561044113702,5.050560814625583,1.5341986005223422,-1.973365342194451,5.199332365024144,1.7281249010634587,-1.9166856086534643,5.085659437538193,1.6653994005424149,-1.260481774831053,5.758808508209547,1.0,1.2326167404204464
17.8,-0.36171747953182587,5.026484912117588,1.534,-2.056513237646983,5.188200561515602,1.7024936455051312,-1.9629648186561133,5.065489974787529,1.6017223342285318,-1.311605870028519,5.726559563341259,1.0,1.1799968100322742
17.84,-0.47203617568530504,4.998776960525551,1.534,-2.1368895837811497,5.177485862011483,1.6744174335925488,-2.008430176711409,5.043526947057519,1.5370455711147968,-1.3620394377608411,5.691632125237865,1.0,1.1278980830614187
17.88,-0.503,4.991,1.534,-2.215233804482564,5.166597990648067,1.7212144711024464,-2.053296731400929,5.019621317039032,1.5505609098585753,-1.4117824780280201,5.654026193899363,1.0,1.124939698902757
17.92,-0.503,4.991,1.534,-2.291999430264264,5.155292002971291,1.796527434726834,-2.0976354189190176,4.993691871611602,1.5946376909642528,-1.4608349908300555,5.613741769325755,1.0,1.1424776500752147
17.96,-0.6122737666509364,4.9478139604852585,1.5346543339320415,-2.1127651659545865,5.128754780864815,1.511361644300878,-2.14135341987165,4.965585482681597,1.5291829232942515,-1.5091969761669475,5.57077885151704,1.0,1.0920423523044982
18.0,-0.7228554787502531,4.897393953773753,1.5363466364012803,-2.063298417695818,5.13141632946937,1.3607180989812855,-2.157810869949703,4.9503127650511125,1.4359308393231807,-1.5568684340386965,5.525137440473219,1.0,1.0438579858786179
18.04,-0.8024690483631587,4.8558123441670125,1.5383750076016092,-2.0952504711101136,5.107860982158043,1.3171227440572024,-2.1984753691826744,4.915859226362048,1.3972971322626355,-1.6038493644453018,5.476817536194291,1.0,1.0138332503566616
18.08,-0.827,4.843,1.539,-2.187091764262533,5.021520841487728,1.3717577402953687,-2.247763356150731,4.8737892583216045,1.4210969328686498,-1.650139767386764,5.4258191386802554,1.0,1.0085817889817021
18.12,-0.827,4.843,1.539,-2.241311626144455,4.985384636908484,1.4214607840791578,-2.3001869734023015,4.827976163841412,1.4732635793554232,-1.6957396428630824,5.372142247931115,1.0,1.0172020869165919
18.16,-0.8969379552967921,4.79653115721891,1.539,-2.2972472044272747,4.946334477518076,1.408299338909534,-2.352859105041603,4.779326209189144,1.456022803568323,-1.7406489908742577,5.315786863946866,1.0,0.9906941003784917
18.2,-0.976,4.744,1.539,-2.347963235894248,4.916385805561072,1.3827508765516499,-2.4040723063702067,4.725874400407275,1.428187330003357,-1.7848678114202894,5.256752986727511,1.0,0.9576965916979302
18.24,-0.976,4.744,1.539,-2.4500248156408793,4.786812440409941,1.4746464193761781,-2.4518985802759006,4.665942982625802,1.477961270541882,-1.8283961045011776,5.195040616273049,1.0,0.9643737638990159
18.28,-1.076285468989145,4.665607837621161,1.5425311784855333,-2.540033804347364,4.681637467298242,1.4638361036303011,-2.494786250160323,4.611852059702301,1.4195189853759984,-1.871924397582066,5.1333282458185865,1.0,0.9229321128538422
18.32,-1.1799567292739006,4.577826854223241,1.544,-2.590358282263839,4.628420342776496,1.4113086982515266,-2.5285290467591963,4.562335825838642,1.3486612871466555,-1.9154526906629545,5.071615875364125,1.0,0.8858791715684936
18.36,-1.271175780115686,4.493925565433442,1.544385137621802,-2.6783500675567087,4.489781115041034,1.4071803906053428,-2.5634318313755364,4.507620372910134,1.2923286152405373,-1.9589809837438432,5.009903504909663,1.0,0.8598309323140784
18.4,-1.383816064305236,4.374449310223833,1.5469510249686045,-2.7515392054711776,4.394208883487134,1.3678658675529476,-2.5936220836528743,4.46484182815423,1.2131782275278333,-2.0025092768247315,4.948191134455201,1.0,0.8437777978176673
18.44,-1.4283555634557155,4.318290811294967,1.5461764249833787,-2.7822750767370876,4.3477699542976005,1.3542404027041275,-2.6237741171973075,4.423982615953295,1.2000817789640728,-2.04603756990562,4.88647876400074,1.0,0.8392667101058863
18.48,-1.472895062606191,4.262132312366107,1.5454018249981532,-2.816642435485826,4.303132769211019,1.3443727308980988,-2.6534806893698923,4.386063354021867,1.1870725863260947,-2.0895658629865084,4.824766393546278,1.0,0.834769420467207
18.52,-1.496,4.233,1.545,-2.8496164115855853,4.233420644425212,1.3536164769444738,-2.675790993850996,4.347714620813342,1.1853548976573511,-2.1330941560673966,4.763054023091814,1.0,0.8287618663349842
18.56,-1.496,4.233,1.545,-2.8862566772202847,4.182063858231306,1.3911894619690977,-2.6978222954554605,4.319649865023404,1.204941919331553,-2.176622449148285,4.7013416526373515,1.0,0.8261905481665204
18.6,-1.4995388556463094,4.22756908291903,1.545,-2.8944874370680984,4.1615919645948845,1.3965079752557876,-2.7117800835272274,4.300021920381026,1.2144044664898637,-2.2201507422291735,4.63962928218289,1.0,0.8301054745644595
18.64,-1.5747563101917623,4.112136355646306,1.545,-2.910320143444228,4.142698358108405,1.335913466017359,-2.728613593018819,4.275583341722111,1.165376139446103,-2.2636790353100613,4.577916911728427,1.0,0.8316045019169831
18.68,-1.6265529751135934,4.021004976566641,1.545,-2.9220715516152405,4.084048340589657,1.2970515979744954,-2.7403397489747126,4.246591651016057,1.1364023606615337,-2.3072073283909496,4.516204541273965,1.0,0.8417321174350775
18.72,-1.6685152478219172,3.9400777363434454,1.545,-2.9641649277979414,4.017067243461566,1.2979350821317164,-2.754209944424712,4.234169566630581,1.1248213097523858,-2.3507356214718382,4.4544921708195035,1.0,0.8544277901732601
18.76,-1.7018552362232038,3.869216632256056,1.546127310066119,-2.9311847880794746,4.044067201045253,1.2417020046988108,-2.7675773428593153,4.22596938705806,1.1238488050586388,-2.394263914552726,4.392779800365042,1.0,0.8680715228749033
18.8,-1.731543388213351,3.80261888589978,1.5477320750385595,-2.9413205119693213,4.053113568381921,1.2354384950757753,-2.786092414602164,4.224155116136807,1.1356788465319048,-2.4377922076336147,4.33106742991058,1.0,0.8820687380242259
18.84,-1.7605828655419742,3.7362023465891205,1.5491595104440563,-2.964717745313751,4.055619012669448,1.2457800027504307,-2.8049741691754244,4.227889119014668,1.1543435698627291,-2.481320500714503,4.2693550594561165,1.0,0.8965012849915647
18.88,-1.7871806175163,3.6704679024240012,1.5499194462147514,-2.961407888429103,4.0883080634453,1.246354718335689,-2.81785420056162,4.235730063849444,1.1755038689544333,-2.5248487937953916,4.207642689001655,1.0,0.9125300486173967
18.92,-1.8137783694906282,3.6047334582588757,1.5506793819854465,-2.9857652258468312,4.112365358067262,1.277201369078019,-2.839154629762357,4.235619575323108,1.2039160136127522,-2.5683770868762794,4.145930318547192,1.0,0.9286082413300031
18.96,-1.825,3.577,1.551,-3.017544553094927,4.128342765618563,1.3138269887303677,-2.86536275392084,4.226091832740679,1.2262442118421635,-2.6119053799571676,4.08421794809273,1.0,0.9362105125840737
19.0,-1.825,3.577,1.551,-3.0470546239781022,4.138441537346116,1.3448546775930221,-2.894488947567952,4.203048606258466,1.2392511716226757,-2.6554336730380563,4.0225055776382685,1.0,0.9423880862056166
19.04,-1.8730023729438696,3.4527585641452787,1.5531177517475236,-3.079171858892758,4.086851594602023,1.3626880788016102,-2.925542949291115,4.157212101962816,1.266529293700322,-2.698961966118945,3.960793207183807,1.0,0.9696950283904835
19.08,-1.893,3.401,1.554,-3.113525689099202,4.014718076305334,1.3661379267610576,-2.956055132043537,4.110939602895507,1.2783193863520699,-2.7424902591998332,3.8990808367293446,1.0,0.9847427178671615
19.12,-1.8996540381981635,3.383159462802025,1.5540964353362052,-3.1450477966345054,3.9381788668623994,1.3634706276395288,-2.986365390269353,4.063908046184191,1.282326088207371,-2.7860185522807215,3.8373684662748824,1.0,0.9959657979371657
19.16,-1.947697561194253,3.2543471185371478,1.5547927182781776,-3.1748924812695414,3.8601994448267143,1.3685994348709458,-3.016477398260278,4.016731712768223,1.3128292385682765,-2.82954684536161,3.77565609582042,1.0,1.0244126169579382
19.2,-1.962,3.216,1.555,-3.2035967375956615,3.7815940411019895,1.364352988833267,-3.0464095370844406,3.96965281872522,1.320581922976443,-2.873075138442498,3.713943725365958,1.0,1.0382706109292246
19.24,-1.988654377190141,3.143376479539906,1.5565451812863849,-3.231394851312731,3.702626016795113,1.3627780196872132,-3.076179207499751,3.922725527594637,1.3379443916859033,-2.915544411316545,3.651240595227679,1.0,1.0569063796600766
19.28,-2.031,3.028,1.559,-3.2583920782718474,3.623390910686891,1.3641780126996073,-3.1058075799008877,3.8759291292502303,1.3690124696449832,-2.95695466398375,3.587546705405582,1.0,1.0818893452121157
19.32,-2.0349925180018076,3.016785721494923,1.5591761405000797,-3.28463650825936,3.5439293023921783,1.3562781636773478,-3.1353378544423576,3.8291942410963746,1.367760016284834,-2.9973058964441126,3.522862055899668,1.0,1.0872719506055448
19.36,-2.0706631635029966,2.916593173101878,1.5607498454486617,-3.3101513176949338,3.4642629571242556,1.355091538130636,-3.1648889497388653,3.782353357786963,1.3953031099547715,-3.036598108697634,3.4571866467099364,1.0,1.106919880594704
19.4,-2.1131639791473233,2.7969713632793045,1.5628211002404246,-3.3349491528090334,3.384406802617616,1.3556693571701657,-3.1948227168276424,3.7349402225537665,1.4317022056869286,-3.074831300744313,3.3905204778363873,1.0,1.1300905224003186
19.44,-2.168,2.642,1.566,-3.3590382707410384,3.3043729790084626,1.3628316571353736,-3.226272961081179,3.6855458293121295,1.4862468025298714,-3.111660354304512,3.3258450305904006,1.0,1.165392161527313
19.48,-2.168,2.642,1.566,-3.2139867224695413,3.4102183636207926,1.2977856825326675,-3.2628277753705675,3.629792476529111,1.4745785277191512,-3.147085269378231,3.2631603049719784,1.0,1.159503380411771
19.52,-2.174001486776388,2.625968631213758,1.5661644242952435,-3.151785541243323,3.504830119558451,1.3147087787282954,-3.276786261029986,3.6344031406669135,1.4943474891007062,-3.18110604596547,3.202466300981119,1.0,1.1604348996762515
19.56,-2.22531784651225,2.488890683974127,1.5675703519592399,-3.1595019647581335,3.483266673870963,1.3643619666591966,-3.2978651230552107,3.6043330143440464,1.547439579693113,-3.2137226840662283,3.143763018617823,1.0,1.1856651709406796
19.6,-2.274577519184352,2.353262758943685,1.568,-3.166513026956906,3.468182080671487,1.4277934178260754,-3.315669022162262,3.573958641987957,1.604359671786236,-3.2449351836805063,3.08705045788209,1.0,1.2165682817498369
19.64,-2.318527609562865,2.2294171713114057,1.5679198897164803,-3.131262144536688,3.4933913824585545,1.5027202769591461,-3.3280479330031336,3.5283932487411995,1.6451352932734251,-3.274743544808304,3.032328618773921,1.0,1.2486055050670173
19.68,-2.3454389248751637,2.148683225374509,1.567529870653983,-3.144438780252518,3.451803039633549,1.5285686177622344,-3.3536386087259675,3.4320530050317855,1.6320246915578291,-3.3031477674496217,2.979597501293315,1.0,1.2679214333195026
19.72,-2.3723502401874628,2.067949279437612,1.567139851591486,-3.174423329782438,3.3786541396446905,1.536641946460816,-3.382370501131481,3.3320523940736853,1.618053649280531,-3.3301478516044596,2.928857105440272,1.0,1.2878425949271635
19.76,-2.398852719442488,1.9842286618119145,1.5664733525174221,-3.1988518290111077,3.2983547533774993,1.5384817060478893,-3.4117429436817273,3.2305601157951904,1.6060164069982235,-3.3557437972728166,2.880107431214792,1.0,1.310816274043812
19.8,-2.4251266463080423,1.8988383994988631,1.5656522923028737,-3.220108474272011,3.215800796780674,1.5383062317520488,-3.439729978456246,3.1303485662113917,1.5956306628799029,-3.379935604454693,2.833348478616876,1.0,1.3360274078514434
19.84,-2.4510015255661477,1.8137725230499355,1.564682442821197,-3.2395403412629973,3.1323870271937473,1.5364041377186604,-3.4639179237845794,3.0359709592760327,1.5873779157129904,-3.4027232731500896,2.7885802476465233,1.0,1.362359858758841
19.88,-2.4753340755968805,1.7299604062774117,1.5631375190097219,-3.369562041971866,2.9464934854836344,1.5098332320657526,-3.478033701301552,2.9596276830901633,1.5866594313375433,-3.4241068033590056,2.7458027383037336,1.0,1.3900019181576189
19.92,-2.4996666256276154,1.6461482895048805,1.5615925951982466,-3.528086430300574,2.8026608941684175,1.5476332573931086,-3.51213773977464,2.8644857305261886,1.5841224312459143,-3.4440861950814416,2.705015950588508,1.0,1.418847788473472
19.96,-2.509,1.614,1.561,-3.5504075260598063,2.7690412955143673,1.5552009611871753,-3.5419375380223084,2.7855193860552103,1.5618635117572741,-3.4626614483173976,2.666219884500845,1.0,1.4200833930955632
20.0,-2.509,1.614,1.561,-3.5752950500826097,2.7242669643953756,1.5393758040382464,-3.5752950500826097,2.7242669643953756,1.5393758040382464,-3.4798325630668727,2.629414540040745,1.0,1.404842536954641
